Pincode,Warehouse,Allocation,Demand,Distance,WeightedCost
516356,BENGALURU URBAN,1.0,3,230.230205429288,690.690616287864
516175,BENGALURU URBAN,1.0,1,248.421314557407,248.421314557407
516434,BENGALURU URBAN,1.0,8,226.053445308177,1808.427562465416
516380,BENGALURU URBAN,1.0,3,211.73835956936,635.21507870808
516172,BENGALURU URBAN,1.0,1,237.033452186189,237.033452186189
516309,BENGALURU URBAN,1.0,3,211.088186198797,633.264558596391
516289,BENGALURU URBAN,1.0,1,210.316666043338,210.316666043338
516444,BENGALURU URBAN,1.0,1,214.163536172424,214.163536172424
516350,BENGALURU URBAN,1.0,1,267.721814293644,267.721814293644
516329,BENGALURU URBAN,1.0,1,188.857341386743,188.857341386743
517152,BENGALURU URBAN,1.0,5,166.923045314627,834.6152265731349
517172,BENGALURU URBAN,1.0,1,177.358240687769,177.358240687769
517112,BENGALURU URBAN,1.0,0,176.459238745287,0.0
517214,BENGALURU URBAN,1.0,14,178.810717052948,2503.3500387412723
517590,BENGALURU URBAN,1.0,6,220.432878636498,1322.597271818988
517587,BENGALURU URBAN,1.0,1,238.282129031496,238.282129031496
517619,BENGALURU URBAN,1.0,1,234.294538839135,234.294538839135
517569,BENGALURU URBAN,1.0,1,203.626295571403,203.626295571403
534235,HYDERABAD,1.0,3,330.28506825816,990.85520477448
534239,HYDERABAD,1.0,5,338.701548874457,1693.5077443722848
534208,HYDERABAD,1.0,2,334.9325944023,669.8651888046
534204,HYDERABAD,1.0,2,331.104627452797,662.209254905594
534199,HYDERABAD,1.0,1,331.283042585574,331.283042585574
534244,HYDERABAD,1.0,2,339.929124467333,679.858248934666
534123,HYDERABAD,1.0,2,361.767286849397,723.534573698794
534266,HYDERABAD,1.0,1,368.249276952616,368.249276952616
534250,HYDERABAD,1.0,2,353.02955320369,706.05910640738
534122,HYDERABAD,1.0,1,356.005094492923,356.005094492923
534281,HYDERABAD,1.0,1,345.020075618707,345.020075618707
534275,HYDERABAD,1.0,10,355.116112386316,3551.16112386316
534280,HYDERABAD,1.0,1,352.420080930432,352.420080930432
534134,HYDERABAD,1.0,2,337.363130130728,674.726260261456
534328,HYDERABAD,1.0,1,351.427096446468,351.427096446468
534004,HYDERABAD,1.0,1,294.121988120583,294.121988120583
534007,HYDERABAD,1.0,10,279.068515124312,2790.68515124312
534003,HYDERABAD,1.0,5,285.407916778818,1427.03958389409
534002,HYDERABAD,1.0,20,285.996577065296,5719.931541305919
534425,HYDERABAD,1.0,5,304.572076024176,1522.86038012088
534448,HYDERABAD,1.0,1,295.648806774902,295.648806774902
534406,HYDERABAD,1.0,3,314.778783919383,944.336351758149
534460,HYDERABAD,1.0,3,133.298155462893,399.894466388679
534462,HYDERABAD,1.0,2,180.215717070161,360.431434140322
534426,HYDERABAD,1.0,2,296.202358412615,592.40471682523
534456,HYDERABAD,1.0,1,276.227549875061,276.227549875061
534312,HYDERABAD,1.0,13,338.58040035423,4401.5452046049895
534451,HYDERABAD,1.0,1,297.452321130293,297.452321130293
534401,HYDERABAD,1.0,1,305.425093238132,305.425093238132
534450,HYDERABAD,1.0,2,289.15630679725,578.3126135945
534452,HYDERABAD,1.0,2,345.947751391284,691.895502782568
521333,HYDERABAD,1.0,3,299.938619428344,899.8158582850319
521345,HYDERABAD,1.0,2,298.338995129445,596.67799025889
521325,HYDERABAD,1.0,2,294.878064659897,589.756129319794
521340,HYDERABAD,1.0,1,308.370183097031,308.370183097031
521329,HYDERABAD,1.0,2,312.213150643335,624.42630128667
521106,HYDERABAD,1.0,1,277.637117917302,277.637117917302
521215,HYDERABAD,1.0,3,246.418231131778,739.254693395334
521401,HYDERABAD,1.0,2,213.488344725292,426.976689450584
521235,HYDERABAD,1.0,6,219.055634746928,1314.333808481568
524341,BENGALURU URBAN,1.0,2,277.711140901423,555.422281802846
524406,BENGALURU URBAN,1.0,2,272.674399583692,545.348799167384
524414,BENGALURU URBAN,1.0,1,253.500131401624,253.500131401624
524410,BENGALURU URBAN,1.0,1,279.74472913806,279.74472913806
524411,BENGALURU URBAN,1.0,3,294.361017093592,883.0830512807761
524123,BENGALURU URBAN,1.0,1,289.494457175765,289.494457175765
524421,BENGALURU URBAN,1.0,3,272.879786008594,818.639358025782
524126,BENGALURU URBAN,1.0,9,281.090662262842,2529.8159603655777
524345,BENGALURU URBAN,1.0,6,282.710844855712,1696.2650691342722
524408,BENGALURU URBAN,1.0,1,268.164407444506,268.164407444506
524121,BENGALURU URBAN,1.0,20,283.103442833825,5662.0688566765
524407,BENGALURU URBAN,1.0,4,271.573770327821,1086.295081311284
524415,BENGALURU URBAN,1.0,1,294.135823109455,294.135823109455
524320,BENGALURU URBAN,1.0,1,296.338746772458,296.338746772458
524132,BENGALURU URBAN,1.0,9,240.549789312859,2164.948103815731
524413,BENGALURU URBAN,1.0,4,307.378743734848,1229.514974939392
524309,BENGALURU URBAN,1.0,1,282.710715467731,282.710715467731
522017,HYDERABAD,1.0,6,208.342780150319,1250.056680901914
522005,HYDERABAD,1.0,7,237.663734554253,1663.646141879771
522235,HYDERABAD,1.0,1,248.430789936299,248.430789936299
522019,HYDERABAD,1.0,12,235.956076673211,2831.472920078532
522020,HYDERABAD,1.0,3,210.624840570938,631.874521712814
522502,HYDERABAD,1.0,4,241.885320548964,967.541282195856
522016,HYDERABAD,1.0,1,230.521443347,230.521443347
522303,HYDERABAD,1.0,1,254.353276984967,254.353276984967
522302,HYDERABAD,1.0,2,248.485146498315,496.97029299663
522018,HYDERABAD,1.0,3,229.553194113026,688.659582339078
522508,HYDERABAD,1.0,2,243.993690589053,487.987381178106
522501,HYDERABAD,1.0,19,243.705304647153,4630.400788295908
522236,HYDERABAD,1.0,4,230.596054981452,922.384219925808
522237,HYDERABAD,1.0,4,289.683025200792,1158.732100803168
507116,HYDERABAD,1.0,1,249.714032697039,249.714032697039
507117,HYDERABAD,1.0,4,249.713632678133,998.854530712532
507115,HYDERABAD,1.0,8,232.117839377078,1856.942715016624
507202,HYDERABAD,1.0,1,287.029437907519,287.029437907519
507211,HYDERABAD,1.0,1,172.257198174224,172.257198174224
507204,HYDERABAD,1.0,1,217.805231724848,217.805231724848
507208,HYDERABAD,1.0,2,183.535271893677,367.070543787354
507002,HYDERABAD,1.0,20,177.103707615952,3542.07415231904
507168,HYDERABAD,1.0,1,204.754780203756,204.754780203756
507003,HYDERABAD,1.0,11,175.031246576037,1925.343712336407
507158,HYDERABAD,1.0,1,167.826858728742,167.826858728742
507209,HYDERABAD,1.0,2,218.56412332507,437.12824665014
507203,HYDERABAD,1.0,4,204.511539984596,818.046159938384
507160,HYDERABAD,1.0,2,164.919884223389,329.839768446778
507157,HYDERABAD,1.0,1,148.512997312722,148.512997312722
507167,HYDERABAD,1.0,1,203.565998593713,203.565998593713
507170,HYDERABAD,1.0,2,164.750558777329,329.501117554658
507165,HYDERABAD,1.0,3,197.664402238549,592.993206715647
507201,HYDERABAD,1.0,2,219.286511957814,438.573023915628
507306,MUMBAI SUBURBAN,1.0,0,879.740446672495,0.0
507166,HYDERABAD,1.0,4,196.879993293956,787.519973175824
507302,HYDERABAD,1.0,1,227.27666545257,227.27666545257
507118,HYDERABAD,1.0,2,222.73257955117,445.46515910234
507303,HYDERABAD,1.0,10,247.373207327574,2473.73207327574
507164,HYDERABAD,1.0,2,241.660025649878,483.320051299756
507123,HYDERABAD,1.0,6,190.118727954553,1140.712367727318
522659,HYDERABAD,1.0,2,205.224556174701,410.449112349402
522616,HYDERABAD,1.0,12,239.915179762658,2878.982157151896
522619,HYDERABAD,1.0,1,234.019399903962,234.019399903962
522614,HYDERABAD,1.0,1,166.814069531803,166.814069531803
522660,HYDERABAD,1.0,1,216.096116583249,216.096116583249
522529,HYDERABAD,1.0,1,214.401545608723,214.401545608723
522603,HYDERABAD,1.0,1,206.02178750148,206.02178750148
522549,HYDERABAD,1.0,2,214.107788372224,428.215576744448
522647,HYDERABAD,1.0,8,202.637098863357,1621.096790906856
522409,HYDERABAD,1.0,5,193.53099346814,967.6549673407
522411,HYDERABAD,1.0,1,177.535990930481,177.535990930481
522414,HYDERABAD,1.0,2,161.412344392872,322.824688785744
522410,HYDERABAD,1.0,4,199.168357225376,796.673428901504
522435,HYDERABAD,1.0,1,173.906828829484,173.906828829484
522426,HYDERABAD,1.0,4,137.478895663332,549.915582653328
522436,HYDERABAD,1.0,2,209.347161434043,418.694322868086
522413,HYDERABAD,1.0,2,182.750023374493,365.500046748986
522613,HYDERABAD,1.0,1,153.595818042512,153.595818042512
524203,HYDERABAD,1.0,2,324.138572572149,648.277145144298
524222,BENGALURU URBAN,1.0,2,291.935796566345,583.87159313269
524226,BENGALURU URBAN,1.0,2,259.832288549893,519.664577099786
524228,HYDERABAD,1.0,1,301.577899289544,301.577899289544
524315,BENGALURU URBAN,1.0,5,337.873539808655,1689.367699043275
524004,BENGALURU URBAN,1.0,57,290.002044700349,16530.116547919893
524346,BENGALURU URBAN,1.0,2,309.768664072284,619.537328144568
524305,BENGALURU URBAN,1.0,15,307.277556236809,4609.163343552135
524003,BENGALURU URBAN,1.0,51,306.051705410727,15608.636975947076
524314,BENGALURU URBAN,1.0,7,315.282513683973,2206.977595787811
524307,BENGALURU URBAN,1.0,1,285.886601621132,285.886601621132
524137,BENGALURU URBAN,1.0,12,317.196598565592,3806.359182787104
524344,BENGALURU URBAN,1.0,1,304.648145175326,304.648145175326
524313,BENGALURU URBAN,1.0,1,326.974696060656,326.974696060656
524366,BENGALURU URBAN,1.0,2,312.546533682232,625.093067364464
524311,BENGALURU URBAN,1.0,1,316.642601406565,316.642601406565
523171,HYDERABAD,1.0,1,245.495223937292,245.495223937292
523165,HYDERABAD,1.0,2,265.375218381234,530.750436762468
523169,HYDERABAD,1.0,5,248.463459335026,1242.31729667513
523157,HYDERABAD,1.0,17,267.52441104943,4547.91498784031
523281,HYDERABAD,1.0,2,298.474826702901,596.949653405802
523271,HYDERABAD,1.0,3,275.248390431352,825.745171294056
523101,HYDERABAD,1.0,3,287.248814110548,861.746442331644
523274,HYDERABAD,1.0,3,287.04679857272,861.1403957181599
523292,HYDERABAD,1.0,2,299.645357466482,599.290714932964
523279,HYDERABAD,1.0,9,279.330611014161,2513.975499127449
523272,HYDERABAD,1.0,5,274.767932509395,1373.839662546975
523247,HYDERABAD,1.0,2,223.927767694501,447.855535389002
506349,HYDERABAD,1.0,3,154.507554217953,463.52266265385896
523304,MUMBAI SUBURBAN,1.0,0,816.557853072081,0.0
523265,HYDERABAD,1.0,1,227.758971294745,227.758971294745
523108,HYDERABAD,1.0,2,269.175096202706,538.350192405412
523201,HYDERABAD,1.0,11,233.348106395584,2566.829170351424
523180,MUMBAI SUBURBAN,1.0,0,866.492998925205,0.0
523226,HYDERABAD,1.0,2,255.934560995782,511.869121991564
523280,HYDERABAD,1.0,2,285.012384164319,570.024768328638
523303,HYDERABAD,1.0,2,163.496406857097,326.992813714194
523286,HYDERABAD,1.0,1,281.430452229179,281.430452229179
523212,HYDERABAD,1.0,1,262.339974729988,262.339974729988
523183,HYDERABAD,1.0,1,271.37601886618,271.37601886618
523225,HYDERABAD,1.0,1,266.149293566631,266.149293566631
523264,HYDERABAD,1.0,1,250.219973461779,250.219973461779
534342,HYDERABAD,1.0,4,342.360664352662,1369.442657410648
534313,HYDERABAD,1.0,7,324.299673108327,2270.097711758289
534318,HYDERABAD,1.0,1,321.64826336601,321.64826336601
534301,HYDERABAD,1.0,3,338.398597154436,1015.1957914633081
534340,HYDERABAD,1.0,1,333.836692193876,333.836692193876
534111,HYDERABAD,1.0,1,317.512001120272,317.512001120272
534156,HYDERABAD,1.0,1,335.698067654975,335.698067654975
534198,HYDERABAD,1.0,1,327.407323882088,327.407323882088
534145,HYDERABAD,1.0,1,329.694275375762,329.694275375762
534112,MUMBAI SUBURBAN,1.0,0,931.990505095364,0.0
534166,HYDERABAD,1.0,2,325.298905793893,650.597811587786
534102,HYDERABAD,1.0,4,324.895694855979,1299.582779423916
506342,HYDERABAD,1.0,1,142.231885037251,142.231885037251
811101,24 PARAGANAS NORTH,1.0,4,397.906229814243,1591.624919256972
811211,24 PARAGANAS NORTH,1.0,1,329.471924471441,329.471924471441
811213,24 PARAGANAS NORTH,1.0,1,350.100175710662,350.100175710662
811214,24 PARAGANAS NORTH,1.0,6,340.17608609844,2041.05651659064
811311,SOUTH,1.0,5,6573.69980275644,32868.499013782195
811103,24 PARAGANAS NORTH,1.0,1,369.445846909113,369.445846909113
811105,SOUTH,1.0,3,6583.92534567163,19751.77603701489
811106,SOUTH,1.0,3,6578.08286060877,19734.24858182631
803107,24 PARAGANAS NORTH,1.0,1,394.766023199929,394.766023199929
803214,24 PARAGANAS NORTH,1.0,1,400.284517560456,400.284517560456
803213,24 PARAGANAS NORTH,1.0,7,401.889618538057,2813.2273297663987
803110,24 PARAGANAS NORTH,1.0,3,3158.70707109445,9476.12121328335
803301,24 PARAGANAS NORTH,1.0,2,377.539803701863,755.079607403726
801303,24 PARAGANAS NORTH,1.0,1,413.195691043313,413.195691043313
803302,24 PARAGANAS NORTH,1.0,1,389.52098643056,389.52098643056
803303,24 PARAGANAS NORTH,1.0,1,383.406158152814,383.406158152814
803115,24 PARAGANAS NORTH,1.0,1,139.059346420029,139.059346420029
803119,24 PARAGANAS NORTH,1.0,1,1256.83341745082,1256.83341745082
803116,24 PARAGANAS NORTH,1.0,1,403.325271528588,403.325271528588
805101,24 PARAGANAS NORTH,1.0,1,377.637278307788,377.637278307788
805126,24 PARAGANAS NORTH,1.0,1,365.724435778087,365.724435778087
805130,24 PARAGANAS NORTH,1.0,2,393.241013428159,786.482026856318
800009,24 PARAGANAS NORTH,1.0,4,401.348532214749,1605.394128858996
800007,24 PARAGANAS NORTH,1.0,14,452.913607488441,6340.7905048381745
800008,24 PARAGANAS NORTH,1.0,23,449.277649532079,10333.385939237818
801505,24 PARAGANAS NORTH,1.0,29,457.596275300568,13270.291983716472
801109,24 PARAGANAS NORTH,1.0,1,424.312392029114,424.312392029114
801110,24 PARAGANAS NORTH,1.0,2,429.760629301738,859.521258603476
801108,24 PARAGANAS NORTH,1.0,2,466.925315258808,933.850630517616
801102,24 PARAGANAS NORTH,1.0,1,415.13622049857,415.13622049857
804453,24 PARAGANAS NORTH,1.0,7,438.038768290243,3066.2713780317013
801104,24 PARAGANAS NORTH,1.0,2,428.656262767452,857.312525534904
801503,HYDERABAD,1.0,76,674.739725431462,51280.21913279111
803202,24 PARAGANAS NORTH,1.0,2,426.697567729455,853.39513545891
804452,24 PARAGANAS NORTH,1.0,2,545.869294359767,1091.738588719534
801111,24 PARAGANAS NORTH,1.0,1,390.868063437011,390.868063437011
821101,24 PARAGANAS NORTH,1.0,3,565.225453798704,1695.676361396112
802212,24 PARAGANAS NORTH,1.0,8,501.97451103915,4015.7960883132
821305,24 PARAGANAS NORTH,1.0,3,493.416963571539,1480.250890714617
821108,24 PARAGANAS NORTH,1.0,1,549.82217488837,549.82217488837
821111,24 PARAGANAS NORTH,1.0,1,501.399771742905,501.399771742905
844114,24 PARAGANAS NORTH,1.0,2,466.121100148503,932.242200297006
844503,BENGALURU URBAN,1.0,0,1629.65623596829,0.0
844504,24 PARAGANAS NORTH,1.0,1,443.225969765889,443.225969765889
844118,24 PARAGANAS NORTH,1.0,1,446.647297123181,446.647297123181
844102,24 PARAGANAS NORTH,1.0,2,446.647297123181,893.294594246362
844505,24 PARAGANAS NORTH,1.0,4,492.775350927131,1971.101403708524
844121,24 PARAGANAS NORTH,1.0,2,477.412573490069,954.825146980138
844506,24 PARAGANAS NORTH,1.0,2,432.928434423171,865.856868846342
844122,24 PARAGANAS NORTH,1.0,6,457.218959134066,2743.313754804396
844124,24 PARAGANAS NORTH,1.0,2,454.071481560516,908.142963121032
494001,HYDERABAD,1.0,26,313.86671029223,8160.5344675979795
494553,HYDERABAD,1.0,5,319.19195272129,1595.95976360645
494450,HYDERABAD,1.0,1,309.870245438737,309.870245438737
494444,HYDERABAD,1.0,2,282.385026936228,564.770053872456
494449,HYDERABAD,1.0,2,355.440384375279,710.880768750558
494441,HYDERABAD,1.0,1,354.074488536076,354.074488536076
494556,SOUTH,1.0,0,6358.84115482914,0.0
494111,HYDERABAD,1.0,1,367.184206305274,367.184206305274
494115,HYDERABAD,1.0,1,373.027365203076,373.027365203076
494334,HYDERABAD,1.0,6,446.417575151617,2678.5054509097017
494777,24 PARAGANAS NORTH,1.0,0,867.040588515956,0.0
494337,HYDERABAD,1.0,1,441.469338931297,441.469338931297
494776,SOUTH,1.0,1,6310.5535301031,6310.5535301031
494335,HYDERABAD,1.0,1,465.547234234427,465.547234234427
495550,24 PARAGANAS NORTH,1.0,1,634.269372180354,634.269372180354
495668,24 PARAGANAS NORTH,1.0,3,609.571934428498,1828.715803285494
495113,HYDERABAD,1.0,2,653.456752444111,1306.913504888222
495334,HYDERABAD,1.0,3,614.349603509026,1843.0488105270779
495117,24 PARAGANAS NORTH,1.0,2,669.460250199422,1338.920500398844
495119,24 PARAGANAS NORTH,1.0,1,647.021450621615,647.021450621615
495442,24 PARAGANAS NORTH,1.0,1,644.332165434592,644.332165434592
495557,24 PARAGANAS NORTH,1.0,1,599.59585941922,599.59585941922
495330,HYDERABAD,1.0,6,636.679587279699,3820.077523678194
495006,24 PARAGANAS NORTH,1.0,16,643.229068164312,10291.665090628992
495695,24 PARAGANAS NORTH,1.0,3,583.88986372939,1751.6695911881698
495684,24 PARAGANAS NORTH,1.0,2,579.179601185828,1158.359202371656
495687,24 PARAGANAS NORTH,1.0,1,581.748850088426,581.748850088426
495671,24 PARAGANAS NORTH,1.0,2,595.0282856248,1190.0565712496
495446,24 PARAGANAS NORTH,1.0,1,606.182149352584,606.182149352584
495690,24 PARAGANAS NORTH,1.0,1,578.947317496558,578.947317496558
495450,24 PARAGANAS NORTH,1.0,7,592.228232810919,4145.597629676433
495454,24 PARAGANAS NORTH,1.0,4,596.507968993794,2386.031875975176
495691,MUMBAI SUBURBAN,1.0,0,1099.37390636668,0.0
495689,24 PARAGANAS NORTH,1.0,2,561.201179445924,1122.402358891848
491001,HYDERABAD,1.0,41,521.457891961384,21379.773570416743
491225,HYDERABAD,1.0,2,490.994407051851,981.988814103702
491226,HYDERABAD,1.0,2,456.718219343095,913.43643868619
490021,HYDERABAD,1.0,4,517.886509296028,2071.546037184112
490024,HYDERABAD,1.0,2,519.505994934796,1039.011989869592
490042,HYDERABAD,1.0,4,518.602475404825,2074.4099016193
490036,HYDERABAD,1.0,3,529.264678029822,1587.794034089466
491107,HYDERABAD,1.0,1,503.337344412364,503.337344412364
491441,HYDERABAD,1.0,13,484.396912649374,6297.159864441862
491665,HYDERABAD,1.0,1,430.4269558652,430.4269558652
491557,SOUTH,1.0,0,887.230114481496,0.0
491445,HYDERABAD,1.0,3,478.255377505965,1434.766132517895
491995,HYDERABAD,1.0,5,615.525685736234,3077.6284286811697
491881,HYDERABAD,1.0,2,485.009490623669,970.018981247338
491229,24 PARAGANAS NORTH,1.0,0,837.338250996378,0.0
491559,HYDERABAD,1.0,2,613.212357250521,1226.424714501042
497001,24 PARAGANAS NORTH,1.0,28,522.776045558956,14637.729275650767
497335,24 PARAGANAS NORTH,1.0,1,601.293593300627,601.293593300627
497119,24 PARAGANAS NORTH,1.0,2,488.555361794425,977.11072358885
497226,24 PARAGANAS NORTH,1.0,4,561.106538255875,2244.4261530235
497449,24 PARAGANAS NORTH,1.0,1,620.004968037179,620.004968037179
497339,24 PARAGANAS NORTH,1.0,1,620.707671030499,620.707671030499
497442,24 PARAGANAS NORTH,1.0,1,645.65049066412,645.65049066412
497118,24 PARAGANAS NORTH,1.0,4,486.499560682286,1945.998242729144
497220,24 PARAGANAS NORTH,1.0,1,475.27562006548,475.27562006548
497229,BENGALURU URBAN,1.0,2,1214.93385832068,2429.86771664136
497225,24 PARAGANAS NORTH,1.0,1,581.278217683178,581.278217683178
496001,24 PARAGANAS NORTH,1.0,34,522.450556241741,17763.318912219194
496551,HYDERABAD,1.0,2,553.506549753252,1107.013099506504
496116,BENGALURU URBAN,1.0,0,1208.69024261281,0.0
496334,24 PARAGANAS NORTH,1.0,1,489.075086610208,489.075086610208
496111,MUMBAI SUBURBAN,1.0,0,1088.41803086074,0.0
496450,24 PARAGANAS NORTH,1.0,1,565.75283293145,565.75283293145
496331,24 PARAGANAS NORTH,1.0,13,423.435316202662,5504.659110634606
496223,24 PARAGANAS NORTH,1.0,1,460.650124211395,460.650124211395
496661,24 PARAGANAS NORTH,1.0,2,541.096652569282,1082.193305138564
496225,SOUTH,1.0,0,928.867066451417,0.0
496118,24 PARAGANAS NORTH,1.0,7,522.470388650774,3657.292720555418
496440,24 PARAGANAS NORTH,1.0,2,532.717068378945,1065.43413675789
496554,24 PARAGANAS NORTH,1.0,1,528.932567085892,528.932567085892
496107,24 PARAGANAS NORTH,1.0,3,517.845211464569,1553.5356343937071
493332,HYDERABAD,1.0,11,548.855945156935,6037.4153967262855
493118,HYDERABAD,1.0,8,531.559786599968,4252.478292799744
493222,HYDERABAD,1.0,1,531.559786599968,531.559786599968
493221,HYDERABAD,1.0,5,548.855945156935,2744.279725784675
493773,HYDERABAD,1.0,14,548.855945156935,7683.983232197091
493195,HYDERABAD,1.0,2,548.855945156935,1097.71189031387
493225,24 PARAGANAS NORTH,1.0,0,711.292202625426,0.0
493663,HYDERABAD,1.0,2,531.559786599968,1063.119573199936
493526,HYDERABAD,1.0,1,531.559786599968,531.559786599968
493445,HYDERABAD,1.0,7,531.559786599968,3720.918506199776
492015,HYDERABAD,1.0,7,548.855945156935,3841.9916160985454
493114,HYDERABAD,1.0,1,568.361560430808,568.361560430808
493228,HYDERABAD,1.0,1,531.559786599968,531.559786599968
493885,HYDERABAD,1.0,2,548.855945156935,1097.71189031387
493331,HYDERABAD,1.0,2,548.855945156935,1097.71189031387
492112,HYDERABAD,1.0,1,548.855945156935,548.855945156935
493558,HYDERABAD,1.0,1,548.855945156935,548.855945156935
493101,HYDERABAD,1.0,1,538.449107532648,538.449107532648
492013,HYDERABAD,1.0,14,538.449107532648,7538.287505457072
110094,SOUTH,1.0,37,20.3722033581039,753.7715242498442
110090,SOUTH,1.0,1,20.3722033581039,20.3722033581039
110093,SOUTH,1.0,37,21.4154470085429,792.3715393160873
110096,SOUTH,1.0,140,14.9309333287077,2090.3306660190783
110084,SOUTH,1.0,89,25.9089121965108,2305.8931854894613
110036,SOUTH,1.0,12,31.5589474711154,378.7073696533848
110039,SOUTH,1.0,14,35.2875799531567,494.02611934419383
110042,SOUTH,1.0,24,25.4178834550454,610.0292029210896
110088,SOUTH,1.0,52,19.294801801725,1003.3296936897
110044,SOUTH,1.0,54,1.05054316937089,56.72933114602806
110076,SOUTH,1.0,59,7.92294821803288,467.4539448639399
110014,SOUTH,1.0,62,7.30737038380994,453.0569637962163
110038,SOUTH,1.0,3,12.6253683472437,37.8761050417311
110074,SOUTH,1.0,84,3.90540630375933,328.0541295157837
110030,SOUTH,1.0,103,3.9681038155051,408.7146929970253
110043,24 PARAGANAS NORTH,1.0,69,323.705154779387,22335.6556797777
110073,24 PARAGANAS NORTH,1.0,5,252.518357412226,1262.5917870611302
110059,SOUTH,1.0,304,18.6307023574487,5663.733516664405
110063,SOUTH,1.0,112,19.599834486934,2195.181462536608
382424,MUMBAI SUBURBAN,1.0,64,444.559923715451,28451.835117788865
382210,MUMBAI SUBURBAN,1.0,14,421.070181524337,5894.982541340718
382435,MUMBAI SUBURBAN,1.0,0,421.235308413659,0.0
385001,MUMBAI SUBURBAN,1.0,17,561.053297002653,9537.906049045101
385320,MUMBAI SUBURBAN,1.0,1,574.904486637145,574.904486637145
385210,MUMBAI SUBURBAN,1.0,2,548.003608143628,1096.007216287256
385120,MUMBAI SUBURBAN,1.0,2,553.394109636414,1106.788219272828
385330,MUMBAI SUBURBAN,1.0,2,572.88047500997,1145.76095001994
385535,MUMBAI SUBURBAN,1.0,6,560.050473393005,3360.3028403580297
382225,MUMBAI SUBURBAN,1.0,6,399.534772011159,2397.208632066954
382220,MUMBAI SUBURBAN,1.0,2,407.921542039543,815.843084079086
382213,MUMBAI SUBURBAN,1.0,4,445.559405858712,1782.237623434848
382460,MUMBAI SUBURBAN,1.0,1,482.79153120946,482.79153120946
382110,MUMBAI SUBURBAN,1.0,6,434.859005483176,2609.154032899056
382315,MUMBAI SUBURBAN,1.0,1,452.245648339234,452.245648339234
382042,MUMBAI SUBURBAN,1.0,2,391.683892051009,783.367784102018
382355,MUMBAI SUBURBAN,1.0,11,394.277422095203,4337.0516430472335
382470,MUMBAI SUBURBAN,1.0,34,444.698778445591,15119.758467150095
382449,MUMBAI SUBURBAN,1.0,6,429.160838651081,2574.965031906486
384001,MUMBAI SUBURBAN,1.0,5,505.112635967395,2525.563179836975
384170,MUMBAI SUBURBAN,1.0,2,523.394319472974,1046.788638945948
384355,MUMBAI SUBURBAN,1.0,1,520.841554317797,520.841554317797
384315,MUMBAI SUBURBAN,1.0,15,514.687907672127,7720.318615081906
384240,MUMBAI SUBURBAN,1.0,1,392.989562882011,392.989562882011
385340,MUMBAI SUBURBAN,1.0,1,404.189549924758,404.189549924758
384151,HYDERABAD,1.0,5,278.546033089054,1392.73016544527
385360,MUMBAI SUBURBAN,1.0,1,396.933939435628,396.933939435628
383410,MUMBAI SUBURBAN,1.0,3,516.100086326946,1548.300258980838
383325,MUMBAI SUBURBAN,1.0,3,458.334204357446,1375.0026130723381
383421,MUMBAI SUBURBAN,1.0,1,515.527836059413,515.527836059413
383430,MUMBAI SUBURBAN,1.0,5,524.861595607661,2624.307978038305
383440,MUMBAI SUBURBAN,1.0,1,531.453495929555,531.453495929555
383255,MUMBAI SUBURBAN,1.0,1,554.060491461841,554.060491461841
383350,MUMBAI SUBURBAN,1.0,3,483.634458545445,1450.903375636335
383315,MUMBAI SUBURBAN,1.0,8,476.384913991456,3811.079311931648
383205,MUMBAI SUBURBAN,1.0,1,477.414820151396,477.414820151396
383250,MUMBAI SUBURBAN,1.0,1,503.233514301092,503.233514301092
383235,MUMBAI SUBURBAN,1.0,1,539.188136641528,539.188136641528
365601,MUMBAI SUBURBAN,1.0,4,330.450509222294,1321.802036889176
365421,MUMBAI SUBURBAN,1.0,1,343.018968033894,343.018968033894
365440,MUMBAI SUBURBAN,1.0,2,327.426413622366,654.852827244732
365435,MUMBAI SUBURBAN,1.0,1,340.095534230755,340.095534230755
365220,MUMBAI SUBURBAN,1.0,0,314.859640039161,0.0
365535,MUMBAI SUBURBAN,1.0,1,305.651910587274,305.651910587274
365430,MUMBAI SUBURBAN,1.0,1,326.319734238128,326.319734238128
364515,MUMBAI SUBURBAN,1.0,2,297.40410116852,594.80820233704
364210,MUMBAI SUBURBAN,1.0,1,307.46292115502,307.46292115502
364004,MUMBAI SUBURBAN,1.0,1,306.352295411615,306.352295411615
364002,MUMBAI SUBURBAN,1.0,10,295.743492135317,2957.43492135317
364710,MUMBAI SUBURBAN,1.0,1,357.385472665724,357.385472665724
364505,MUMBAI SUBURBAN,1.0,1,298.396985906174,298.396985906174
364290,MUMBAI SUBURBAN,1.0,6,253.811587569468,1522.869525416808
364270,MUMBAI SUBURBAN,1.0,3,293.710263046038,881.130789138114
364240,MUMBAI SUBURBAN,1.0,2,297.326303476543,594.652606953086
364140,MUMBAI SUBURBAN,1.0,1,258.222799959787,258.222799959787
364310,MUMBAI SUBURBAN,1.0,1,325.633196630921,325.633196630921
364060,MUMBAI SUBURBAN,1.0,1,300.367964754054,300.367964754054
360311,SOUTH,1.0,9,468.422205634508,4215.799850710572
360040,MUMBAI SUBURBAN,1.0,1,367.37216588908,367.37216588908
360370,MUMBAI SUBURBAN,1.0,7,373.61530245153,2615.30711716071
360330,MUMBAI SUBURBAN,1.0,1,430.56434218886,430.56434218886
360490,MUMBAI SUBURBAN,1.0,4,402.535349112699,1610.141396450796
360055,MUMBAI SUBURBAN,1.0,1,385.702890873873,385.702890873873
361335,MUMBAI SUBURBAN,1.0,5,526.443963260318,2632.21981630159
361007,MUMBAI SUBURBAN,1.0,6,473.821052715778,2842.926316294668
360530,MUMBAI SUBURBAN,1.0,1,423.43931075108,423.43931075108
361320,24 PARAGANAS NORTH,1.0,0,1949.38452480526,0.0
361305,MUMBAI SUBURBAN,1.0,4,484.061804907423,1936.247219629692
361006,MUMBAI SUBURBAN,1.0,5,473.715551034388,2368.57775517194
361345,MUMBAI SUBURBAN,1.0,1,542.582519890512,542.582519890512
361010,MUMBAI SUBURBAN,1.0,2,488.718188384991,977.436376769982
362110,MUMBAI SUBURBAN,1.0,1,347.323190337705,347.323190337705
362530,MUMBAI SUBURBAN,1.0,1,280.630428810329,280.630428810329
362002,MUMBAI SUBURBAN,1.0,1,372.375453507856,372.375453507856
362220,MUMBAI SUBURBAN,1.0,3,354.872765604784,1064.6182968143519
362720,MUMBAI SUBURBAN,1.0,3,288.699495449406,866.0984863482181
362255,MUMBAI SUBURBAN,1.0,3,333.785280042738,1001.355840128214
362150,MUMBAI SUBURBAN,1.0,2,332.317096972844,664.634193945688
362560,MUMBAI SUBURBAN,1.0,3,282.237534937364,846.712604812092
370001,MUMBAI SUBURBAN,1.0,25,586.27513505866,14656.8783764665
370110,MUMBAI SUBURBAN,1.0,6,529.383692915885,3176.30215749531
370427,MUMBAI SUBURBAN,1.0,3,560.977944683408,1682.933834050224
370140,MUMBAI SUBURBAN,1.0,6,530.184318870202,3181.105913221212
370435,MUMBAI SUBURBAN,1.0,1,538.737263038991,538.737263038991
370485,MUMBAI SUBURBAN,1.0,1,562.361187643831,562.361187643831
370465,MUMBAI SUBURBAN,1.0,12,555.804304346324,6669.651652155888
370020,MUMBAI SUBURBAN,1.0,4,560.055690565278,2240.222762261112
370655,MUMBAI SUBURBAN,1.0,2,624.333060531364,1248.666121062728
362620,MUMBAI SUBURBAN,1.0,1,400.383509371724,400.383509371724
362650,MUMBAI SUBURBAN,1.0,1,417.483126017367,417.483126017367
362630,MUMBAI SUBURBAN,1.0,1,383.744497266774,383.744497266774
362225,MUMBAI SUBURBAN,1.0,1,358.934889953539,358.934889953539
363641,MUMBAI SUBURBAN,1.0,33,509.945922168497,16828.215431560402
363642,MUMBAI SUBURBAN,1.0,2,478.240850365156,956.481700730312
360003,MUMBAI SUBURBAN,1.0,5,414.052961467182,2070.26480733591
363621,MUMBAI SUBURBAN,1.0,1,439.258089322389,439.258089322389
363310,MUMBAI SUBURBAN,1.0,3,458.530462711694,1375.591388135082
363330,MUMBAI SUBURBAN,1.0,1,455.931089829035,455.931089829035
363020,MUMBAI SUBURBAN,1.0,1,418.904558971881,418.904558971881
363030,MUMBAI SUBURBAN,1.0,5,412.26428311535,2061.32141557675
388510,MUMBAI SUBURBAN,1.0,2,363.256085856447,726.512171712894
388260,MUMBAI SUBURBAN,1.0,1,459.805047741867,459.805047741867
388225,MUMBAI SUBURBAN,1.0,2,407.914250330463,815.828500660926
388325,MUMBAI SUBURBAN,1.0,9,380.989093595359,3428.901842358231
388345,MUMBAI SUBURBAN,1.0,1,379.009064127604,379.009064127604
388265,MUMBAI SUBURBAN,1.0,1,441.262929981405,441.262929981405
388220,MUMBAI SUBURBAN,1.0,1,392.646263584828,392.646263584828
388255,MUMBAI SUBURBAN,1.0,1,435.980169186263,435.980169186263
394651,MUMBAI SUBURBAN,1.0,2,227.375292807503,454.750585615006
394305,MUMBAI SUBURBAN,1.0,5,223.505300732404,1117.52650366202
394635,MUMBAI SUBURBAN,1.0,1,201.079354069613,201.079354069613
394670,MUMBAI SUBURBAN,1.0,1,247.584079298349,247.584079298349
394155,MUMBAI SUBURBAN,1.0,1,243.031066131225,243.031066131225
394240,MUMBAI SUBURBAN,1.0,1,222.857962176898,222.857962176898
394150,MUMBAI SUBURBAN,1.0,7,229.027145997072,1603.190021979504
394160,MUMBAI SUBURBAN,1.0,1,240.92663358167,240.92663358167
394350,MUMBAI SUBURBAN,1.0,2,211.589369891239,423.178739782478
394716,MUMBAI SUBURBAN,1.0,1,216.460779940386,216.460779940386
394375,MUMBAI SUBURBAN,1.0,0,241.151056963145,0.0
394355,MUMBAI SUBURBAN,1.0,2,294.736837014932,589.473674029864
394650,MUMBAI SUBURBAN,1.0,12,228.295630999235,2739.54757199082
394730,MUMBAI SUBURBAN,1.0,1,187.93175897025,187.93175897025
393041,MUMBAI SUBURBAN,1.0,1,311.741819360315,311.741819360315
393001,MUMBAI SUBURBAN,1.0,13,276.304516288116,3591.9587117455085
392130,MUMBAI SUBURBAN,1.0,3,321.835326899509,965.5059806985271
392020,MUMBAI SUBURBAN,1.0,7,293.214770963502,2052.5033967445142
393151,MUMBAI SUBURBAN,1.0,1,315.212428777611,315.212428777611
393110,MUMBAI SUBURBAN,1.0,2,280.627256254752,561.254512509504
392210,MUMBAI SUBURBAN,1.0,0,302.574954325502,0.0
392015,MUMBAI SUBURBAN,1.0,10,288.380060436564,2883.80060436564
393130,MUMBAI SUBURBAN,1.0,1,274.978618458377,274.978618458377
393010,MUMBAI SUBURBAN,1.0,3,283.855696730458,851.5670901913741
394115,MUMBAI SUBURBAN,1.0,2,267.194714091881,534.389428183762
393145,MUMBAI SUBURBAN,1.0,2,325.143549378931,650.287098757862
393120,MUMBAI SUBURBAN,1.0,2,311.223364708296,622.446729416592
392140,MUMBAI SUBURBAN,1.0,3,308.617469826625,925.852409479875
387620,MUMBAI SUBURBAN,1.0,7,435.423792322518,3047.966546257626
387630,HYDERABAD,1.0,3,211.018097902907,633.0542937087209
387130,MUMBAI SUBURBAN,1.0,7,396.819458797582,2777.736211583074
387340,MUMBAI SUBURBAN,1.0,1,398.23940942168,398.23940942168
388430,MUMBAI SUBURBAN,1.0,2,382.183941503028,764.367883006056
388620,MUMBAI SUBURBAN,1.0,4,355.556545398721,1422.226181594884
387330,MUMBAI SUBURBAN,1.0,1,410.851176117781,410.851176117781
388450,MUMBAI SUBURBAN,1.0,5,374.80486140217,1874.02430701085
387370,MUMBAI SUBURBAN,1.0,1,396.0468577799,396.0468577799
396521,MUMBAI SUBURBAN,1.0,5,179.141084464112,895.70542232056
396560,MUMBAI SUBURBAN,1.0,2,198.682202732726,397.364405465452
396580,MUMBAI SUBURBAN,1.0,4,191.883302908625,767.5332116345
396310,MUMBAI SUBURBAN,1.0,1,185.343815084964,185.343815084964
396450,MUMBAI SUBURBAN,1.0,7,200.829927190988,1405.809490336916
396427,MUMBAI SUBURBAN,1.0,1,204.431403357633,204.431403357633
396463,BENGALURU URBAN,1.0,0,1014.5917074863,0.0
396469,MUMBAI SUBURBAN,1.0,1,203.692098462793,203.692098462793
389172,MUMBAI SUBURBAN,1.0,2,472.099540751337,944.199081502674
389170,MUMBAI SUBURBAN,1.0,3,469.916397767761,1409.749193303283
389180,MUMBAI SUBURBAN,1.0,1,443.378147100271,443.378147100271
389110,MUMBAI SUBURBAN,1.0,1,452.437169513122,452.437169513122
389130,MUMBAI SUBURBAN,1.0,1,440.605286184483,440.605286184483
389260,MUMBAI SUBURBAN,1.0,1,374.062979883895,374.062979883895
389190,MUMBAI SUBURBAN,1.0,1,459.699111232775,459.699111232775
389350,MUMBAI SUBURBAN,1.0,4,367.306060010995,1469.22424004398
389230,MUMBAI SUBURBAN,1.0,7,457.408928735335,3201.862501147345
389210,MUMBAI SUBURBAN,1.0,2,429.261309198822,858.522618397644
394540,MUMBAI SUBURBAN,1.0,1,236.984795053815,236.984795053815
395005,MUMBAI SUBURBAN,1.0,12,240.900155869264,2890.801870431168
394230,MUMBAI SUBURBAN,1.0,6,217.997695776253,1307.986174657518
394110,MUMBAI SUBURBAN,1.0,1,253.540960762671,253.540960762671
394120,MUMBAI SUBURBAN,1.0,8,269.579761387674,2156.638091101392
394210,MUMBAI SUBURBAN,1.0,181,225.095743858131,40742.32963832171
394445,MUMBAI SUBURBAN,1.0,1,266.292301657961,266.292301657961
394430,MUMBAI SUBURBAN,1.0,1,255.17643491335,255.17643491335
395013,MUMBAI SUBURBAN,1.0,1,246.421382267674,246.421382267674
394405,MUMBAI SUBURBAN,1.0,1,230.969866340451,230.969866340451
394440,MUMBAI SUBURBAN,1.0,2,260.690242343082,521.380484686164
391135,MUMBAI SUBURBAN,1.0,1,399.515213657338,399.515213657338
391165,MUMBAI SUBURBAN,1.0,2,407.477149633572,814.954299267144
391110,MUMBAI SUBURBAN,1.0,3,399.944617706158,1199.833853118474
391150,24 PARAGANAS NORTH,1.0,3,272.502096274807,817.5062888244211
391250,MUMBAI SUBURBAN,1.0,1,359.538714108702,359.538714108702
391107,MUMBAI SUBURBAN,1.0,1,395.351206669115,395.351206669115
390022,MUMBAI SUBURBAN,1.0,31,362.437267476579,11235.55529177395
390010,MUMBAI SUBURBAN,1.0,29,392.665145222256,11387.289211445424
391780,MUMBAI SUBURBAN,1.0,3,393.875098921781,1181.625296765343
391740,MUMBAI SUBURBAN,1.0,14,355.314377205571,4974.401280877994
391210,MUMBAI SUBURBAN,1.0,1,393.085541457432,393.085541457432
391330,MUMBAI SUBURBAN,1.0,5,359.468830713155,1797.344153565775
391240,MUMBAI SUBURBAN,1.0,2,395.832902011538,791.665804023076
391243,MUMBAI SUBURBAN,1.0,1,408.901888156147,408.901888156147
391350,MUMBAI SUBURBAN,1.0,6,402.851478778901,2417.108872673406
391445,BENGALURU URBAN,1.0,1,409.297840896483,409.297840896483
391770,MUMBAI SUBURBAN,1.0,1,396.359677011544,396.359677011544
391760,MUMBAI SUBURBAN,1.0,3,403.779534721751,1211.338604165253
396030,MUMBAI SUBURBAN,1.0,2,163.682338948005,327.36467789601
396045,MUMBAI SUBURBAN,1.0,1,166.56055093086,166.56055093086
396020,MUMBAI SUBURBAN,1.0,3,160.343657588489,481.030972765467
396105,MUMBAI SUBURBAN,1.0,2,126.576849492177,253.153698984354
396050,MUMBAI SUBURBAN,1.0,2,163.439404411004,326.878808822008
521151,HYDERABAD,1.0,6,265.256475508092,1591.538853048552
521134,HYDERABAD,1.0,1,255.626300931806,255.626300931806
521211,HYDERABAD,1.0,2,258.938043813469,517.876087626938
521101,HYDERABAD,1.0,15,260.907912379869,3913.618685698035
505469,HYDERABAD,1.0,2,119.816434745834,239.632869491668
521175,HYDERABAD,1.0,3,255.440821249479,766.322463748437
520012,HYDERABAD,1.0,27,243.188259872136,6566.083016547672
521180,HYDERABAD,1.0,7,216.604680336401,1516.232762354807
521256,HYDERABAD,1.0,2,282.208624914152,564.417249828304
521230,HYDERABAD,1.0,5,241.204891783342,1206.02445891671
521185,HYDERABAD,1.0,5,195.200479327231,976.002396636155
521212,HYDERABAD,1.0,1,251.549325944139,251.549325944139
521286,HYDERABAD,1.0,1,267.215666722399,267.215666722399
521402,HYDERABAD,1.0,2,188.995758763408,377.991517526816
521456,HYDERABAD,1.0,15,226.170007828433,3392.550117426495
521165,HYDERABAD,1.0,5,275.07153557067,1375.35767785335
533212,HYDERABAD,1.0,1,402.485987152262,402.485987152262
531022,HYDERABAD,1.0,2,413.585417690817,827.170835381634
531151,HYDERABAD,1.0,1,468.249627057808,468.249627057808
531011,HYDERABAD,1.0,7,473.828738886141,3316.8011722029873
531036,HYDERABAD,1.0,5,466.728945419467,2333.644727097335
531061,HYDERABAD,1.0,1,466.225412461704,466.225412461704
523230,HYDERABAD,1.0,8,248.171713875877,1985.373711007016
531023,HYDERABAD,1.0,1,479.032879338388,479.032879338388
531019,HYDERABAD,1.0,1,487.078524871564,487.078524871564
531033,HYDERABAD,1.0,1,473.595673849907,473.595673849907
531081,HYDERABAD,1.0,1,448.17132716056,448.17132716056
531002,HYDERABAD,1.0,10,474.252823980507,4742.52823980507
531021,HYDERABAD,1.0,6,480.170335721696,2881.022014330176
531126,HYDERABAD,1.0,3,434.700412162955,1304.101236488865
531035,HYDERABAD,1.0,4,492.069033263625,1968.2761330545
531055,HYDERABAD,1.0,5,464.745081862039,2323.725409310195
502102,HYDERABAD,1.0,1,71.9164340736249,71.9164340736249
531084,HYDERABAD,1.0,1,406.739790069067,406.739790069067
531085,HYDERABAD,1.0,1,441.427283029796,441.427283029796
531027,HYDERABAD,1.0,1,453.662366460793,453.662366460793
531113,HYDERABAD,1.0,2,444.655709967865,889.31141993573
531024,HYDERABAD,1.0,1,436.914147323705,436.914147323705
531040,HYDERABAD,1.0,1,440.796346408169,440.796346408169
533005,HYDERABAD,1.0,24,395.408146682502,9489.795520380048
503187,HYDERABAD,1.0,2,125.492200019883,250.984400039766
533462,HYDERABAD,1.0,1,389.227333635787,389.227333635787
533463,HYDERABAD,1.0,1,406.235505074082,406.235505074082
533464,HYDERABAD,1.0,3,398.199142523469,1194.597427570407
533406,HYDERABAD,1.0,2,409.721007298771,819.442014597542
533445,HYDERABAD,1.0,1,397.940478092517,397.940478092517
533435,HYDERABAD,1.0,4,420.949291547878,1683.797166191512
533407,HYDERABAD,1.0,1,424.891508018848,424.891508018848
533447,HYDERABAD,1.0,2,408.623127765246,817.246255530492
533437,HYDERABAD,1.0,5,405.60709933946,2028.0354966973
533450,HYDERABAD,1.0,3,397.780309439125,1193.340928317375
533401,HYDERABAD,1.0,16,423.029898395885,6768.47837433416
533429,HYDERABAD,1.0,5,349.035147959644,1745.17573979822
535128,SOUTH,1.0,2,6484.5851872831,12969.1703745662
505503,SOUTH,1.0,5,6476.18945729847,32380.947286492352
503306,HYDERABAD,1.0,1,132.366259368359,132.366259368359
535547,SOUTH,1.0,1,6461.50028137559,6461.50028137559
535568,SOUTH,1.0,1,6474.01597529305,6474.01597529305
535591,SOUTH,1.0,6,6461.07794200721,38766.46765204326
503145,HYDERABAD,1.0,2,110.364272944948,220.728545889896
535546,SOUTH,1.0,1,6476.34150822242,6476.34150822242
535101,SOUTH,1.0,2,6482.60106063833,12965.20212127666
532148,SOUTH,1.0,1,6464.93697530934,6464.93697530934
535463,SOUTH,1.0,1,6476.7302186717,6476.7302186717
535523,SOUTH,1.0,1,6479.78530081648,6479.78530081648
535526,SOUTH,1.0,1,6476.18897653018,6476.18897653018
535522,SOUTH,1.0,1,6467.7311692552,6467.7311692552
532440,SOUTH,1.0,2,6488.53854283786,12977.07708567572
535525,SOUTH,1.0,2,6477.00855191711,12954.01710383422
532443,SOUTH,1.0,1,6494.04137623925,6494.04137623925
532460,SOUTH,1.0,0,6484.76513139131,0.0
533292,HYDERABAD,1.0,1,353.772292181581,353.772292181581
533286,HYDERABAD,1.0,5,388.85496317496,1944.2748158748
533126,HYDERABAD,1.0,2,355.079824292464,710.159648584928
533102,HYDERABAD,1.0,8,353.812352440848,2830.498819526784
533288,HYDERABAD,1.0,10,352.948231658158,3529.48231658158
533107,HYDERABAD,1.0,6,355.420791372733,2132.524748236398
533342,HYDERABAD,1.0,16,364.511407683941,5832.182522943056
533343,HYDERABAD,1.0,1,374.23229592819,374.23229592819
533261,HYDERABAD,1.0,1,377.251140017236,377.251140017236
533262,HYDERABAD,1.0,2,377.895152931699,755.790305863398
533308,HYDERABAD,1.0,8,370.096507102534,2960.772056820272
533305,HYDERABAD,1.0,1,378.54509367537,378.54509367537
533345,HYDERABAD,1.0,3,377.803966943419,1133.411900830257
533340,HYDERABAD,1.0,1,369.514645038212,369.514645038212
532427,HYDERABAD,1.0,1,594.214360410232,594.214360410232
532484,HYDERABAD,1.0,2,574.398524734319,1148.797049468638
532459,HYDERABAD,1.0,1,594.913644238163,594.913644238163
502318,HYDERABAD,1.0,1,96.5984829068736,96.5984829068736
532421,HYDERABAD,1.0,3,595.158819816844,1785.476459450532
502313,HYDERABAD,1.0,6,30.9821815641193,185.8930893847158
532401,HYDERABAD,1.0,1,578.915411215139,578.915411215139
532406,HYDERABAD,1.0,1,601.298593396371,601.298593396371
532005,HYDERABAD,1.0,2,576.510430468814,1153.020860937628
532403,HYDERABAD,1.0,1,565.31457139924,565.31457139924
532168,HYDERABAD,1.0,4,561.324054521914,2245.296218087656
532127,HYDERABAD,1.0,9,554.550562882278,4990.955065940501
532402,HYDERABAD,1.0,4,569.892311356407,2279.569245425628
532264,24 PARAGANAS NORTH,1.0,2,587.324144864156,1174.648289728312
532243,24 PARAGANAS NORTH,1.0,3,595.127208139756,1785.381624419268
532312,24 PARAGANAS NORTH,1.0,3,566.715571651579,1700.146714954737
532222,HYDERABAD,1.0,3,577.086832277602,1731.260496832806
532195,HYDERABAD,1.0,2,608.064588708584,1216.129177417168
532292,24 PARAGANAS NORTH,1.0,1,577.598917351184,577.598917351184
532212,HYDERABAD,1.0,1,622.985256103692,622.985256103692
532221,24 PARAGANAS NORTH,1.0,3,607.869202363226,1823.607607089678
532284,24 PARAGANAS NORTH,1.0,1,581.341900436981,581.341900436981
530045,HYDERABAD,1.0,25,514.393697290035,12859.842432250874
530048,HYDERABAD,1.0,36,516.319456416384,18587.500430989825
531163,HYDERABAD,1.0,20,519.741392122305,10394.8278424461
531162,HYDERABAD,1.0,7,530.298347391907,3712.088431743349
530044,HYDERABAD,1.0,21,496.891434801644,10434.720130834523
531173,HYDERABAD,1.0,21,493.663404448592,10366.931493420432
530049,HYDERABAD,1.0,1,492.536467715927,492.536467715927
535240,MUMBAI SUBURBAN,1.0,0,1097.16286673324,0.0
535005,HYDERABAD,1.0,7,522.969875190594,3660.7891263341585
535216,HYDERABAD,1.0,9,535.944809781066,4823.503288029595
535260,HYDERABAD,1.0,1,521.618857408262,521.618857408262
535002,HYDERABAD,1.0,38,522.045417274695,19837.72585643841
535006,HYDERABAD,1.0,1,526.494878288793,526.494878288793
535270,HYDERABAD,1.0,1,514.567530806947,514.567530806947
535215,HYDERABAD,1.0,1,513.546316995051,513.546316995051
535004,HYDERABAD,1.0,1,518.305603191906,518.305603191906
535183,HYDERABAD,1.0,1,579.951451287156,579.951451287156
535217,HYDERABAD,1.0,2,528.963493112775,1057.92698622555
535580,HYDERABAD,1.0,1,521.489221269082,521.489221269082
535145,HYDERABAD,1.0,2,494.700509478764,989.401018957528
535003,HYDERABAD,1.0,17,518.45907213879,8813.80422635943
786007,24 PARAGANAS NORTH,1.0,1,838.939759691097,838.939759691097
786003,24 PARAGANAS NORTH,1.0,7,837.780191914496,5864.461343401472
786602,24 PARAGANAS NORTH,1.0,25,862.721413229354,21568.03533073385
786010,24 PARAGANAS NORTH,1.0,1,843.542557722954,843.542557722954
786008,24 PARAGANAS NORTH,1.0,1,836.209265750489,836.209265750489
786610,24 PARAGANAS NORTH,1.0,2,851.794274765367,1703.588549530734
786191,24 PARAGANAS NORTH,1.0,1,864.529269249845,864.529269249845
784161,24 PARAGANAS NORTH,1.0,2,729.209043099253,1458.418086198506
787057,24 PARAGANAS NORTH,1.0,8,834.99758495135,6679.9806796108
787031,24 PARAGANAS NORTH,1.0,5,757.737046235003,3788.6852311750154
784160,24 PARAGANAS NORTH,1.0,2,737.746887703547,1475.493775407094
787032,24 PARAGANAS NORTH,1.0,1,844.334279227795,844.334279227795
787059,24 PARAGANAS NORTH,1.0,1,822.513484344779,822.513484344779
787110,SOUTH,1.0,0,1715.09100345599,0.0
782450,24 PARAGANAS NORTH,1.0,1,532.512807058672,532.512807058672
782482,24 PARAGANAS NORTH,1.0,1,612.758665823779,612.758665823779
782490,24 PARAGANAS NORTH,1.0,1,653.257004198505,653.257004198505
782462,24 PARAGANAS NORTH,1.0,1,613.7361909454,613.7361909454
782441,24 PARAGANAS NORTH,1.0,1,606.25087325753,606.25087325753
782435,24 PARAGANAS NORTH,1.0,17,589.245406683404,10017.171913617867
782446,24 PARAGANAS NORTH,1.0,3,589.245406683404,1767.736220050212
782447,24 PARAGANAS NORTH,1.0,3,589.245406683404,1767.736220050212
782461,24 PARAGANAS NORTH,1.0,2,613.7361909454,1227.4723818908
782442,24 PARAGANAS NORTH,1.0,1,588.746007230122,588.746007230122
782121,24 PARAGANAS NORTH,1.0,2,588.746007230122,1177.492014460244
782425,24 PARAGANAS NORTH,1.0,1,543.080330796637,543.080330796637
782003,24 PARAGANAS NORTH,1.0,11,588.746007230122,6476.206079531342
782426,24 PARAGANAS NORTH,1.0,1,572.229241805464,572.229241805464
782127,24 PARAGANAS NORTH,1.0,1,568.556684254625,568.556684254625
782105,24 PARAGANAS NORTH,1.0,6,555.244212991966,3331.4652779517965
782103,24 PARAGANAS NORTH,1.0,2,566.89584171705,1133.7916834341
785702,24 PARAGANAS NORTH,1.0,1,699.083664772769,699.083664772769
785612,24 PARAGANAS NORTH,1.0,3,678.821152556813,2036.4634576704389
785614,24 PARAGANAS NORTH,1.0,3,712.961989426123,2138.8859682783686
785101,24 PARAGANAS NORTH,1.0,4,711.913195184105,2847.65278073642
785008,24 PARAGANAS NORTH,1.0,3,734.374460928206,2203.123382784618
785616,24 PARAGANAS NORTH,1.0,1,414.806182628022,414.806182628022
785006,24 PARAGANAS NORTH,1.0,6,729.611466381435,4377.66879828861
785107,24 PARAGANAS NORTH,1.0,1,717.758020442601,717.758020442601
785635,24 PARAGANAS NORTH,1.0,1,746.882453166421,746.882453166421
785112,24 PARAGANAS NORTH,1.0,2,720.854645606268,1441.709291212536
785630,24 PARAGANAS NORTH,1.0,2,732.575219966552,1465.150439933104
785681,24 PARAGANAS NORTH,1.0,1,414.813773249417,414.813773249417
785662,24 PARAGANAS NORTH,1.0,2,801.56400016731,1603.12800033462
785664,24 PARAGANAS NORTH,1.0,1,731.593525344883,731.593525344883
785666,24 PARAGANAS NORTH,1.0,1,737.665213947752,737.665213947752
785667,24 PARAGANAS NORTH,1.0,3,688.507373452338,2065.522120357014
785670,24 PARAGANAS NORTH,1.0,6,814.544758370115,4887.26855022069
785685,24 PARAGANAS NORTH,1.0,4,783.922657994159,3135.690631976636
785674,24 PARAGANAS NORTH,1.0,1,390.517586744378,390.517586744378
785671,24 PARAGANAS NORTH,1.0,1,404.189174501479,404.189174501479
785697,24 PARAGANAS NORTH,1.0,1,785.070838550854,785.070838550854
786171,24 PARAGANAS NORTH,1.0,16,890.546003682777,14248.736058924433
786189,24 PARAGANAS NORTH,1.0,9,889.724492017562,8007.520428158058
786152,24 PARAGANAS NORTH,1.0,3,907.22431416934,2721.6729425080202
786182,24 PARAGANAS NORTH,1.0,3,912.836891955342,2738.510675866026
786183,24 PARAGANAS NORTH,1.0,1,866.06482217004,866.06482217004
783394,24 PARAGANAS NORTH,1.0,1,618.85257644929,618.85257644929
783348,24 PARAGANAS NORTH,1.0,1,552.063629116031,552.063629116031
783380,24 PARAGANAS NORTH,1.0,12,467.686539745499,5612.238476945988
783331,24 PARAGANAS NORTH,1.0,4,400.537137909321,1602.148551637284
783392,24 PARAGANAS NORTH,1.0,1,474.638142030061,474.638142030061
783370,24 PARAGANAS NORTH,1.0,20,462.885058444277,9257.70116888554
783360,24 PARAGANAS NORTH,1.0,1,491.08490527492,491.08490527492
783375,24 PARAGANAS NORTH,1.0,1,484.19015215494,484.19015215494
783369,24 PARAGANAS NORTH,1.0,3,451.845683133056,1355.5370493991682
781005,24 PARAGANAS NORTH,1.0,49,508.435839147626,24913.356118233674
781030,24 PARAGANAS NORTH,1.0,3,510.397206981007,1531.191620943021
781027,MUMBAI SUBURBAN,1.0,0,2095.52044874868,0.0
782402,24 PARAGANAS NORTH,1.0,7,488.303972650239,3418.1278085516733
781024,24 PARAGANAS NORTH,1.0,18,509.266601349945,9166.79882429901
781381,24 PARAGANAS NORTH,1.0,1,520.846722867008,520.846722867008
781380,24 PARAGANAS NORTH,1.0,1,518.311298420757,518.311298420757
781121,24 PARAGANAS NORTH,1.0,1,492.206903965624,492.206903965624
781366,BENGALURU URBAN,1.0,0,2074.63600104215,0.0
781102,24 PARAGANAS NORTH,1.0,1,499.420083930726,499.420083930726
781104,24 PARAGANAS NORTH,1.0,1,478.99890752493,478.99890752493
781354,24 PARAGANAS NORTH,1.0,9,508.911894497643,4580.207050478787
781131,24 PARAGANAS NORTH,1.0,1,508.911894497643,508.911894497643
781103,24 PARAGANAS NORTH,1.0,1,481.413068824108,481.413068824108
781315,24 PARAGANAS NORTH,1.0,6,475.693776797553,2854.162660785318
781316,24 PARAGANAS NORTH,1.0,2,482.645157969053,965.290315938106
781308,24 PARAGANAS NORTH,1.0,2,474.298059821717,948.596119643434
781325,24 PARAGANAS NORTH,1.0,2,500.840990632722,1001.681981265444
781314,24 PARAGANAS NORTH,1.0,1,475.693776797553,475.693776797553
781313,24 PARAGANAS NORTH,1.0,3,448.563334890387,1345.690004671161
781317,24 PARAGANAS NORTH,1.0,2,484.171753169779,968.343506339558
781303,24 PARAGANAS NORTH,1.0,2,478.858180121876,957.716360243752
781346,24 PARAGANAS NORTH,1.0,1,485.746115228818,485.746115228818
781334,24 PARAGANAS NORTH,1.0,2,511.077259264988,1022.154518529976
781341,24 PARAGANAS NORTH,1.0,1,480.132750621594,480.132750621594
781337,24 PARAGANAS NORTH,1.0,0,496.735516330002,0.0
781349,24 PARAGANAS NORTH,1.0,1,491.867724039355,491.867724039355
788163,24 PARAGANAS NORTH,1.0,1,475.087531674694,475.087531674694
788164,24 PARAGANAS NORTH,1.0,1,472.838956940902,472.838956940902
788737,24 PARAGANAS NORTH,1.0,1,457.088011162157,457.088011162157
788802,24 PARAGANAS NORTH,1.0,1,485.111971026311,485.111971026311
788806,24 PARAGANAS NORTH,1.0,2,482.960052404053,965.920104808106
788725,24 PARAGANAS NORTH,1.0,1,501.752528747926,501.752528747926
788805,24 PARAGANAS NORTH,1.0,1,484.374009334626,484.374009334626
788025,24 PARAGANAS NORTH,1.0,1,501.753075266011,501.753075266011
788101,24 PARAGANAS NORTH,1.0,3,482.596414633989,1447.789243901967
788126,24 PARAGANAS NORTH,1.0,1,435.078785618204,435.078785618204
788819,24 PARAGANAS NORTH,1.0,2,542.552964279129,1085.105928558258
788107,24 PARAGANAS NORTH,1.0,2,478.824286285922,957.648572571844
788002,24 PARAGANAS NORTH,1.0,4,503.867670216761,2015.470680867044
788005,24 PARAGANAS NORTH,1.0,12,473.697254366915,5684.36705240298
788009,24 PARAGANAS NORTH,1.0,6,503.3755607206,3020.2533643236
788010,24 PARAGANAS NORTH,1.0,5,499.125268612639,2495.626343063195
788119,24 PARAGANAS NORTH,1.0,1,506.18971368397,506.18971368397
788026,24 PARAGANAS NORTH,1.0,1,496.146289612078,496.146289612078
788007,24 PARAGANAS NORTH,1.0,2,502.320683669847,1004.641367339694
784145,24 PARAGANAS NORTH,1.0,1,547.223020657971,547.223020657971
784529,24 PARAGANAS NORTH,1.0,1,482.322192165395,482.322192165395
784116,24 PARAGANAS NORTH,1.0,1,645.53837710438,645.53837710438
784510,24 PARAGANAS NORTH,1.0,1,566.664211146574,566.664211146574
784114,24 PARAGANAS NORTH,1.0,1,589.448220379916,589.448220379916
784144,24 PARAGANAS NORTH,1.0,1,549.953156436089,549.953156436089
784509,24 PARAGANAS NORTH,1.0,2,578.403313629294,1156.806627258588
784169,24 PARAGANAS NORTH,1.0,1,631.119259436023,631.119259436023
784101,24 PARAGANAS NORTH,1.0,3,631.675248171559,1895.0257445146772
784150,24 PARAGANAS NORTH,1.0,1,613.395997402974,613.395997402974
784176,24 PARAGANAS NORTH,1.0,6,651.08370687153,3906.50224122918
784168,24 PARAGANAS NORTH,1.0,1,682.345833866388,682.345833866388
784506,24 PARAGANAS NORTH,1.0,4,617.430174629016,2469.720698516064
784505,24 PARAGANAS NORTH,1.0,1,629.048103629959,629.048103629959
848201,24 PARAGANAS NORTH,1.0,1,374.433934391505,374.433934391505
851112,24 PARAGANAS NORTH,1.0,2,390.769482323694,781.538964647388
851204,24 PARAGANAS NORTH,1.0,4,362.519558155858,1450.078232623432
851205,24 PARAGANAS NORTH,1.0,1,362.519511565686,362.519511565686
851211,24 PARAGANAS NORTH,1.0,1,373.934597063412,373.934597063412
851129,24 PARAGANAS NORTH,1.0,2,374.433921867696,748.867843735392
851130,24 PARAGANAS NORTH,1.0,1,392.150923833456,392.150923833456
851217,24 PARAGANAS NORTH,1.0,1,377.091762686088,377.091762686088
851133,24 PARAGANAS NORTH,1.0,1,374.433934391505,374.433934391505
851134,24 PARAGANAS NORTH,1.0,1,374.433934391505,374.433934391505
847201,24 PARAGANAS NORTH,1.0,1,435.185193736606,435.185193736606
847103,24 PARAGANAS NORTH,1.0,1,432.257313286967,432.257313286967
847302,24 PARAGANAS NORTH,1.0,3,446.0623311928,1338.1869935784
847303,24 PARAGANAS NORTH,1.0,1,424.681267584654,424.681267584654
847304,24 PARAGANAS NORTH,1.0,4,407.695812046712,1630.783248186848
846009,24 PARAGANAS NORTH,1.0,3,443.237667947169,1329.7130038415069
846005,HYDERABAD,1.0,2,816.791143853522,1633.582287707044
847307,24 PARAGANAS NORTH,1.0,1,424.447745962147,424.447745962147
846003,24 PARAGANAS NORTH,1.0,4,442.376915447006,1769.507661788024
846002,24 PARAGANAS NORTH,1.0,1,421.276316418506,421.276316418506
845301,24 PARAGANAS NORTH,1.0,2,578.367976240685,1156.73595248137
845411,24 PARAGANAS NORTH,1.0,6,503.766925354121,3022.601552124726
845302,24 PARAGANAS NORTH,1.0,1,563.268987735743,563.268987735743
845416,24 PARAGANAS NORTH,1.0,1,501.567597865046,501.567597865046
845418,SOUTH,1.0,0,809.211769715145,0.0
845420,24 PARAGANAS NORTH,1.0,3,527.251728099126,1581.755184297378
845401,24 PARAGANAS NORTH,1.0,29,528.346071270281,15322.036066838147
845458,24 PARAGANAS NORTH,1.0,1,574.320902123774,574.320902123774
845305,24 PARAGANAS NORTH,1.0,58,599.353952539791,34762.52924730787
847401,24 PARAGANAS NORTH,1.0,1,443.862506389144,443.862506389144
847222,24 PARAGANAS NORTH,1.0,1,495.003604220702,495.003604220702
847224,24 PARAGANAS NORTH,1.0,1,482.869840382853,482.869840382853
847102,24 PARAGANAS NORTH,1.0,2,482.801532164372,965.603064328744
847225,24 PARAGANAS NORTH,1.0,6,443.721590294426,2662.329541766556
847223,24 PARAGANAS NORTH,1.0,2,443.862506389144,887.725012778288
847212,24 PARAGANAS NORTH,1.0,4,462.939284698179,1851.757138792716
847402,24 PARAGANAS NORTH,1.0,1,462.792749671333,462.792749671333
847403,24 PARAGANAS NORTH,1.0,1,463.185172232471,463.185172232471
847404,24 PARAGANAS NORTH,1.0,1,443.721590294426,443.721590294426
847229,24 PARAGANAS NORTH,1.0,1,455.896788738412,455.896788738412
847232,24 PARAGANAS NORTH,1.0,1,475.936256601021,475.936256601021
847421,24 PARAGANAS NORTH,1.0,1,462.792749671333,462.792749671333
847108,24 PARAGANAS NORTH,1.0,1,441.509961025698,441.509961025698
847234,24 PARAGANAS NORTH,1.0,1,443.721590294426,443.721590294426
847235,24 PARAGANAS NORTH,1.0,2,461.892387158618,923.784774317236
847236,24 PARAGANAS NORTH,1.0,4,455.815226395225,1823.2609055809
847411,24 PARAGANAS NORTH,1.0,1,436.611063089814,436.611063089814
843312,MUMBAI SUBURBAN,1.0,1,6876.42523608073,6876.42523608073
843101,MUMBAI SUBURBAN,1.0,0,1469.81241856847,0.0
843120,24 PARAGANAS NORTH,1.0,1,511.220119896151,511.220119896151
843108,24 PARAGANAS NORTH,1.0,3,499.494804799154,1498.484414397462
843109,24 PARAGANAS NORTH,1.0,1,501.555392488697,501.555392488697
844120,HYDERABAD,1.0,0,1195.64091605988,0.0
843113,24 PARAGANAS NORTH,1.0,3,486.41622717525,1459.24868152575
843119,24 PARAGANAS NORTH,1.0,2,469.578136037232,939.156272074464
842004,24 PARAGANAS NORTH,1.0,4,486.074140308995,1944.29656123598
855102,24 PARAGANAS NORTH,1.0,8,319.649395865899,2557.195166927192
854317,24 PARAGANAS NORTH,1.0,3,319.660104218627,958.980312655881
854107,24 PARAGANAS NORTH,1.0,1,124.398545152723,124.398545152723
855108,24 PARAGANAS NORTH,1.0,1,374.197305220714,374.197305220714
855107,24 PARAGANAS NORTH,1.0,6,399.713125262999,2398.2787515779937
854108,24 PARAGANAS NORTH,1.0,1,318.446635179272,318.446635179272
503235,HYDERABAD,1.0,5,156.589970216814,782.94985108407
503185,HYDERABAD,1.0,6,154.535890547675,927.21534328605
503230,HYDERABAD,1.0,2,139.625635233172,279.251270466344
503202,HYDERABAD,1.0,1,147.22650502274,147.22650502274
503245,HYDERABAD,1.0,1,162.563993091031,162.563993091031
503180,HYDERABAD,1.0,1,153.675056301991,153.675056301991
505498,HYDERABAD,1.0,1,123.752754070074,123.752754070074
505480,HYDERABAD,1.0,1,120.312917732434,120.312917732434
505187,HYDERABAD,1.0,2,161.799399676602,323.598799353204
505525,HYDERABAD,1.0,1,149.99960276962,149.99960276962
505209,HYDERABAD,1.0,16,180.530943749587,2888.495099993392
505504,HYDERABAD,1.0,3,211.05511834296,633.16535502888
505184,HYDERABAD,1.0,2,178.337425848905,356.67485169781
505174,HYDERABAD,1.0,4,158.817117123527,635.268468494108
505185,HYDERABAD,1.0,4,147.560866756439,590.243467025756
505416,HYDERABAD,1.0,1,154.47223410833,154.47223410833
502269,HYDERABAD,1.0,2,77.5936254707719,155.1872509415438
502273,HYDERABAD,1.0,1,57.9312811433706,57.9312811433706
502307,HYDERABAD,1.0,7,35.3934510326011,247.7541572282077
502296,HYDERABAD,1.0,1,44.6630440195625,44.6630440195625
502270,HYDERABAD,1.0,4,71.3930306640737,285.5721226562948
502345,HYDERABAD,1.0,2,82.7968230593618,165.5936461187236
502285,HYDERABAD,1.0,7,41.6133276188562,291.29329333199337
502300,HYDERABAD,1.0,8,33.9903927920607,271.9231423364856
502319,HYDERABAD,1.0,64,28.3186848846737,1812.3958326191168
502290,HYDERABAD,1.0,1,89.3994979977237,89.3994979977237
502291,HYDERABAD,1.0,8,70.4099256956765,563.279405565412
502314,HYDERABAD,1.0,1,60.0307649742233,60.0307649742233
502286,HYDERABAD,1.0,1,101.512958876613,101.512958876613
508204,HYDERABAD,1.0,8,148.30056888134,1186.40455105072
508246,HYDERABAD,1.0,2,164.953690082559,329.907380165118
508355,HYDERABAD,1.0,1,137.363653156989,137.363653156989
508206,HYDERABAD,1.0,12,158.972617308222,1907.671407698664
508233,HYDERABAD,1.0,1,147.181559169043,147.181559169043
508234,HYDERABAD,1.0,1,148.939904591985,148.939904591985
508223,BENGALURU URBAN,1.0,0,543.540649574795,0.0
506381,HYDERABAD,1.0,2,165.377312507585,330.75462501517
506315,HYDERABAD,1.0,1,143.445322596318,143.445322596318
506132,HYDERABAD,1.0,6,164.930831966733,989.584991800398
506122,HYDERABAD,1.0,1,147.43621253724,147.43621253724
506006,HYDERABAD,1.0,13,137.140016811259,1782.820218546367
506330,HYDERABAD,1.0,2,138.392447261257,276.784894522514
506310,HYDERABAD,1.0,1,119.837539592433,119.837539592433
506163,HYDERABAD,1.0,4,119.778907156385,479.11562862554
500089,HYDERABAD,1.0,335,18.5436112748529,6212.1097770757215
500005,HYDERABAD,1.0,67,32.8978307251076,2204.1546585822093
501359,HYDERABAD,1.0,9,35.5060008437134,319.55400759342064
500030,HYDERABAD,1.0,41,17.7325616040773,727.0350257671694
501218,HYDERABAD,1.0,28,26.2177695159302,734.0975464460456
501506,HYDERABAD,1.0,2,33.189477638185,66.37895527637
501510,HYDERABAD,1.0,41,24.6417425263088,1010.3114435786608
501509,HYDERABAD,1.0,2,49.3857662267619,98.7715324535238
501301,HYDERABAD,1.0,36,22.142730261117,797.138289400212
500088,HYDERABAD,1.0,28,13.9928564125831,391.7999795523268
500087,HYDERABAD,1.0,42,8.92725021857688,374.944509180229
501401,HYDERABAD,1.0,19,22.9202846947839,435.4854092008941
500101,HYDERABAD,1.0,1,17.8039100650055,17.8039100650055
501158,HYDERABAD,1.0,1,103.009572337008,103.009572337008
501503,BENGALURU URBAN,1.0,0,492.370469254535,0.0
501203,HYDERABAD,1.0,9,38.0530747249598,342.4776725246382
501141,HYDERABAD,1.0,7,102.999863656634,720.999045596438
501504,MUMBAI SUBURBAN,1.0,0,602.020216933985,0.0
501102,HYDERABAD,1.0,2,67.7451763685742,135.4903527371484
515002,BENGALURU URBAN,1.0,12,188.434954308655,2261.2194517038597
515741,BENGALURU URBAN,1.0,1,196.746527999857,196.746527999857
515415,BENGALURU URBAN,1.0,1,235.216840491802,235.216840491802
515004,BENGALURU URBAN,1.0,24,196.164595160036,4707.950283840863
515761,BENGALURU URBAN,1.0,2,188.784265460766,377.568530921532
515765,BENGALURU URBAN,1.0,1,171.79421026787,171.79421026787
515425,BENGALURU URBAN,1.0,2,190.708292976743,381.416585953486
515767,BENGALURU URBAN,1.0,1,184.516163731458,184.516163731458
515411,BENGALURU URBAN,1.0,26,224.106875888693,5826.778773106018
515401,BENGALURU URBAN,1.0,4,258.485897024665,1033.94358809866
515871,BENGALURU URBAN,1.0,5,250.45723326817,1252.28616634085
515775,BENGALURU URBAN,1.0,3,238.426644445803,715.2799333374089
515865,BENGALURU URBAN,1.0,9,211.885984609663,1906.973861486967
515812,BENGALURU URBAN,1.0,3,226.63961412766,679.91884238298
515832,BENGALURU URBAN,1.0,1,249.116328775766,249.116328775766
517416,BENGALURU URBAN,1.0,1,147.098219725295,147.098219725295
517002,BENGALURU URBAN,1.0,15,169.374196363719,2540.612945455785
517130,BENGALURU URBAN,1.0,3,147.682317941673,443.04695382501905
517167,BENGALURU URBAN,1.0,2,196.429561983432,392.859123966864
517127,BENGALURU URBAN,1.0,6,247.380114526015,1484.2806871560902
517419,BENGALURU URBAN,1.0,2,173.461556953152,346.923113906304
517408,BENGALURU URBAN,1.0,14,129.576708915555,1814.0739248177701
517126,BENGALURU URBAN,1.0,1,247.380114526015,247.380114526015
517124,BENGALURU URBAN,1.0,5,169.91104070139,849.55520350695
517421,BENGALURU URBAN,1.0,1,116.127644604856,116.127644604856
517417,BENGALURU URBAN,1.0,2,110.414402570398,220.828805140796
517319,BENGALURU URBAN,1.0,3,129.587561694777,388.762685084331
517257,BENGALURU URBAN,1.0,1,120.583336496991,120.583336496991
517425,BENGALURU URBAN,1.0,10,85.0708602648114,850.708602648114
517326,BENGALURU URBAN,1.0,1,152.554016970711,152.554016970711
517247,BENGALURU URBAN,1.0,2,177.879585223276,355.759170446552
517123,BENGALURU URBAN,1.0,1,158.730687915412,158.730687915412
516259,BENGALURU URBAN,1.0,1,180.273791849199,180.273791849199
516162,BENGALURU URBAN,1.0,8,223.993854904958,1791.950839239664
516203,BENGALURU URBAN,1.0,1,219.439839382535,219.439839382535
516193,BENGALURU URBAN,1.0,1,263.100657058323,263.100657058323
516003,BENGALURU URBAN,1.0,10,217.444844565992,2174.4484456599203
516002,BENGALURU URBAN,1.0,11,220.436806702866,2424.8048737315257
516004,BENGALURU URBAN,1.0,3,215.374687589895,646.124062769685
523334,HYDERABAD,1.0,2,220.506890104795,441.01378020959
523333,HYDERABAD,1.0,4,219.142904439258,876.571617757032
523305,HYDERABAD,1.0,2,204.469087498712,408.938174997424
523330,HYDERABAD,1.0,1,192.007160514219,192.007160514219
523357,HYDERABAD,1.0,2,236.849421183489,473.698842366978
523346,HYDERABAD,1.0,1,231.013467138622,231.013467138622
523371,HYDERABAD,1.0,1,219.298711146918,219.298711146918
523329,HYDERABAD,1.0,1,203.390153949665,203.390153949665
855113,24 PARAGANAS NORTH,1.0,6,304.146888796137,1824.8813327768219
855115,24 PARAGANAS NORTH,1.0,2,348.490312838112,696.980625676224
855117,24 PARAGANAS NORTH,1.0,2,356.168678731829,712.337357463658
855116,24 PARAGANAS NORTH,1.0,2,407.163568349815,814.32713669963
854311,24 PARAGANAS NORTH,1.0,12,386.280120446808,4635.361445361696
854315,MUMBAI SUBURBAN,1.0,0,1671.02931466821,0.0
854202,MUMBAI SUBURBAN,1.0,0,1671.02931466821,0.0
854203,24 PARAGANAS NORTH,1.0,1,347.289472321818,347.289472321818
854204,24 PARAGANAS NORTH,1.0,1,347.775986119003,347.775986119003
854318,24 PARAGANAS NORTH,1.0,5,408.165546018015,2040.827730090075
854326,24 PARAGANAS NORTH,1.0,4,345.340285042674,1381.361140170696
854329,24 PARAGANAS NORTH,1.0,1,388.277487197982,388.277487197982
854332,24 PARAGANAS NORTH,1.0,1,407.943171117238,407.943171117238
854334,24 PARAGANAS NORTH,1.0,1,387.763886285693,387.763886285693
854335,24 PARAGANAS NORTH,1.0,1,383.215249652163,383.215249652163
854304,SOUTH,1.0,2,647.198166511055,1294.39633302211
854303,24 PARAGANAS NORTH,1.0,3,348.722474819015,1046.167424457045
854337,SOUTH,1.0,1,388.784982265318,388.784982265318
852101,24 PARAGANAS NORTH,1.0,1,387.773228930216,387.773228930216
852106,24 PARAGANAS NORTH,1.0,1,391.853524986706,391.853524986706
852110,24 PARAGANAS NORTH,1.0,1,415.935457357165,415.935457357165
852112,24 PARAGANAS NORTH,1.0,2,387.773228930216,775.546457860432
852113,24 PARAGANAS NORTH,1.0,6,387.773263363999,2326.639580183994
852122,24 PARAGANAS NORTH,1.0,2,387.773228930216,775.546457860432
852218,24 PARAGANAS NORTH,1.0,1,410.690528210801,410.690528210801
813102,24 PARAGANAS NORTH,1.0,3,410.690528210801,1232.071584632403
852125,HYDERABAD,1.0,0,1276.61206105752,0.0
852127,24 PARAGANAS NORTH,1.0,2,391.853524986706,783.707049973412
852130,24 PARAGANAS NORTH,1.0,1,415.935457357165,415.935457357165
852137,24 PARAGANAS NORTH,1.0,2,409.51657489324,819.03314978648
848207,24 PARAGANAS NORTH,1.0,4,435.016496895609,1740.065987582436
848114,24 PARAGANAS NORTH,1.0,3,435.016496895609,1305.049490686827
848117,24 PARAGANAS NORTH,1.0,1,435.016496895609,435.016496895609
848134,24 PARAGANAS NORTH,1.0,1,435.016496895609,435.016496895609
848302,24 PARAGANAS NORTH,1.0,3,434.820889308373,1304.4626679251191
848160,24 PARAGANAS NORTH,1.0,1,435.016496895609,435.016496895609
848206,24 PARAGANAS NORTH,1.0,1,435.016496895609,435.016496895609
848208,24 PARAGANAS NORTH,1.0,1,435.016496895609,435.016496895609
848505,MUMBAI SUBURBAN,1.0,0,1521.44848625038,0.0
848125,24 PARAGANAS NORTH,1.0,3,435.016496895609,1305.049490686827
848210,24 PARAGANAS NORTH,1.0,3,435.016496895609,1305.049490686827
848127,24 PARAGANAS NORTH,1.0,1,435.016496895609,435.016496895609
848130,24 PARAGANAS NORTH,1.0,1,435.016496895609,435.016496895609
841403,24 PARAGANAS NORTH,1.0,1,520.444128446422,520.444128446422
841207,24 PARAGANAS NORTH,1.0,1,477.331100377894,477.331100377894
841219,24 PARAGANAS NORTH,1.0,2,487.261963992298,974.523927984596
841302,24 PARAGANAS NORTH,1.0,1,518.992598606705,518.992598606705
841101,24 PARAGANAS NORTH,1.0,5,461.537275163009,2307.686375815045
841401,24 PARAGANAS NORTH,1.0,1,501.425397065666,501.425397065666
841419,24 PARAGANAS NORTH,1.0,1,504.680613685368,504.680613685368
843313,24 PARAGANAS NORTH,1.0,1,540.303660189957,540.303660189957
843314,24 PARAGANAS NORTH,1.0,1,500.374534264019,500.374534264019
843316,24 PARAGANAS NORTH,1.0,1,509.927533480156,509.927533480156
843333,24 PARAGANAS NORTH,1.0,1,493.580546651959,493.580546651959
843334,24 PARAGANAS NORTH,1.0,1,517.7549103382,517.7549103382
843328,24 PARAGANAS NORTH,1.0,3,497.951949134158,1493.855847402474
843302,24 PARAGANAS NORTH,1.0,9,525.16172269488,4726.4555042539205
841405,24 PARAGANAS NORTH,1.0,1,559.006510430724,559.006510430724
841428,24 PARAGANAS NORTH,1.0,9,589.051789901585,5301.466109114265
841413,BENGALURU URBAN,1.0,0,1656.10161958228,0.0
841501,24 PARAGANAS NORTH,1.0,2,589.190588901012,1178.381177802024
841438,24 PARAGANAS NORTH,1.0,2,574.274940135136,1148.549880270272
841423,24 PARAGANAS NORTH,1.0,3,548.099271493452,1644.297814480356
841231,24 PARAGANAS NORTH,1.0,1,558.011413825954,558.011413825954
841232,24 PARAGANAS NORTH,1.0,1,561.551534149358,561.551534149358
841235,24 PARAGANAS NORTH,1.0,1,561.98110512367,561.98110512367
841238,24 PARAGANAS NORTH,1.0,2,561.98110512367,1123.96221024734
841239,24 PARAGANAS NORTH,1.0,3,577.961978904306,1733.885936712918
841243,SOUTH,1.0,2,6457.10604759244,12914.21209518488
841245,24 PARAGANAS NORTH,1.0,1,567.341878385098,567.341878385098
845451,24 PARAGANAS NORTH,1.0,1,627.543976053993,627.543976053993
845103,24 PARAGANAS NORTH,1.0,4,637.563420531709,2550.253682126836
845459,24 PARAGANAS NORTH,1.0,1,585.946468372495,585.946468372495
845453,24 PARAGANAS NORTH,1.0,1,626.260076010363,626.260076010363
845306,24 PARAGANAS NORTH,1.0,1,614.433354353732,614.433354353732
845454,24 PARAGANAS NORTH,1.0,2,591.964717087619,1183.929434175238
845105,MUMBAI SUBURBAN,1.0,0,1457.24232614963,0.0
845455,24 PARAGANAS NORTH,1.0,4,634.521707249554,2538.086828998216
845307,24 PARAGANAS NORTH,1.0,1,604.108063893189,604.108063893189
824111,MUMBAI SUBURBAN,1.0,1,271.708661980266,271.708661980266
824217,BENGALURU URBAN,1.0,0,1491.1501130092,0.0
824201,24 PARAGANAS NORTH,1.0,1,382.203229350899,382.203229350899
824143,24 PARAGANAS NORTH,1.0,2,511.419546901947,1022.839093803894
824202,SOUTH,1.0,0,825.170341981543,0.0
824205,MUMBAI SUBURBAN,1.0,1,271.708661980266,271.708661980266
824206,24 PARAGANAS NORTH,1.0,1,438.347452440071,438.347452440071
824303,MUMBAI SUBURBAN,1.0,1,271.708661980266,271.708661980266
824211,24 PARAGANAS NORTH,1.0,3,418.51015487195,1255.5304646158502
813101,SOUTH,1.0,1,6628.85856157628,6628.85856157628
813103,24 PARAGANAS NORTH,1.0,1,337.803847373011,337.803847373011
814131,24 PARAGANAS NORTH,1.0,1,307.837576491115,307.837576491115
813211,24 PARAGANAS NORTH,1.0,1,308.512947746709,308.512947746709
812005,24 PARAGANAS NORTH,1.0,10,452.377943688955,4523.77943688955
813201,24 PARAGANAS NORTH,1.0,1,442.686819633913,442.686819633913
813205,24 PARAGANAS NORTH,1.0,2,284.136516705603,568.273033411206
813203,24 PARAGANAS NORTH,1.0,5,304.530106289577,1522.650531447885
853202,24 PARAGANAS NORTH,1.0,3,375.188458830506,1125.565376491518
812006,24 PARAGANAS NORTH,1.0,2,356.403083427779,712.806166855558
853204,24 PARAGANAS NORTH,1.0,2,367.465713767312,734.931427534624
813212,24 PARAGANAS NORTH,1.0,1,277.373607779296,277.373607779296
813213,SOUTH,1.0,1,6482.8108503721,6482.8108503721
813221,24 PARAGANAS NORTH,1.0,2,463.573312435721,927.146624871442
802152,24 PARAGANAS NORTH,1.0,1,508.216279362026,508.216279362026
802312,24 PARAGANAS NORTH,1.0,1,495.983003600273,495.983003600273
802222,24 PARAGANAS NORTH,1.0,1,483.459430310004,483.459430310004
802160,24 PARAGANAS NORTH,1.0,3,478.586434479776,1435.759303439328
802103,24 PARAGANAS NORTH,1.0,4,539.825002172515,2159.30000869006
802119,24 PARAGANAS NORTH,1.0,5,531.771199992271,2658.8559999613553
802126,24 PARAGANAS NORTH,1.0,1,525.120902944237,525.120902944237
802133,24 PARAGANAS NORTH,1.0,2,530.328803309483,1060.657606618966
824231,24 PARAGANAS NORTH,1.0,2,408.507926621189,817.015853242378
823003,24 PARAGANAS NORTH,1.0,6,411.996925795519,2471.981554773114
824235,24 PARAGANAS NORTH,1.0,4,408.507926621189,1634.031706484756
804417,24 PARAGANAS NORTH,1.0,2,441.124734354031,882.249468708062
804421,24 PARAGANAS NORTH,1.0,1,449.817317629921,449.817317629921
804424,24 PARAGANAS NORTH,1.0,1,440.963650385818,440.963650385818
811303,24 PARAGANAS NORTH,1.0,4,278.63423687545,1114.5369475018
811305,SOUTH,1.0,0,992.598733828438,0.0
811313,24 PARAGANAS NORTH,1.0,1,328.633220804002,328.633220804002
396375,MUMBAI SUBURBAN,1.0,2,176.130134203734,352.260268407468
396125,MUMBAI SUBURBAN,1.0,8,155.42599257655,1243.4079406124
396220,MUMBAI SUBURBAN,1.0,6,142.279198436239,853.675190617434
396150,MUMBAI SUBURBAN,1.0,1,118.260606364367,118.260606364367
396155,MUMBAI SUBURBAN,1.0,3,131.55253051318,394.65759153953996
396230,MUMBAI SUBURBAN,1.0,22,113.219167676038,2490.821688872836
396170,MUMBAI SUBURBAN,1.0,4,115.03473083117,460.13892332468
396385,BENGALURU URBAN,1.0,0,996.318347186866,0.0
396191,MUMBAI SUBURBAN,1.0,40,144.159909177421,5766.396367096841
134007,SOUTH,1.0,5,210.472414367879,1052.362071839395
134102,SOUTH,1.0,6,243.686262940652,1462.117577643912
134202,SOUTH,1.0,2,214.993916082504,429.987832165008
133201,SOUTH,1.0,1,189.822652549331,189.822652549331
133203,SOUTH,1.0,2,198.118156910777,396.236313821554
133104,SOUTH,1.0,2,210.472414367879,420.944828735758
135102,SOUTH,1.0,2,197.981903249875,395.96380649975
135103,SOUTH,1.0,1,205.902599010197,205.902599010197
133103,SOUTH,1.0,1,186.220314807658,186.220314807658
135133,SOUTH,1.0,4,167.491001276311,669.964005105244
127032,SOUTH,1.0,1,124.680839369944,124.680839369944
127028,BENGALURU URBAN,1.0,0,1756.86161986517,0.0
127306,SOUTH,1.0,3,93.4522219308575,280.3566657925725
127030,SOUTH,1.0,3,125.174123187098,375.522369561294
127029,SOUTH,1.0,1,133.038086371119,133.038086371119
127031,SOUTH,1.0,2,111.663648428187,223.327296856374
121105,SOUTH,1.0,1,55.789471901869,55.789471901869
121004,SOUTH,1.0,72,210.363140289249,15146.146100825928
121106,SOUTH,1.0,8,67.2337766259156,537.8702130073248
121102,MUMBAI SUBURBAN,1.0,17,389.923566039119,6628.700622665023
121101,SOUTH,1.0,5,263.862149959217,1319.310749796085
122101,SOUTH,1.0,92,22.1380332497536,2036.6990589773313
122102,SOUTH,1.0,40,24.4355130095351,977.420520381404
122413,SOUTH,1.0,5,98.4402173547382,492.201086773691
122506,SOUTH,1.0,3,39.4196231204017,118.25886936120511
122505,SOUTH,1.0,66,31.9374327898608,2107.870564130813
122003,SOUTH,1.0,155,16.6826632666724,2585.812806334222
122004,SOUTH,1.0,152,25.3020281207406,3845.9082743525714
122103,SOUTH,1.0,22,34.209023938753,752.598526652566
123001,SOUTH,1.0,10,120.343067757422,1203.43067757422
123027,SOUTH,1.0,3,91.6646744031994,274.9940232095982
123021,SOUTH,1.0,2,105.66248322699,211.32496645398
123029,SOUTH,1.0,21,109.726935932344,2304.2656545792242
123023,SOUTH,1.0,1,129.405189392357,129.405189392357
125121,SOUTH,1.0,3,319.135251421024,957.405754263072
125050,SOUTH,1.0,15,203.532542022155,3052.988130332325
125004,SOUTH,1.0,1,203.532542022155,203.532542022155
125033,SOUTH,1.0,8,137.459096925452,1099.672775403616
125133,SOUTH,1.0,2,196.854282095518,393.708564191036
125039,SOUTH,1.0,1,130.835451507842,130.835451507842
125051,SOUTH,1.0,2,205.23021937552,410.46043875104
125120,SOUTH,1.0,3,184.491395530338,553.474186591014
126102,MUMBAI SUBURBAN,1.0,17,3853.55420302655,65510.42145145135
126116,MUMBAI SUBURBAN,1.0,3,4920.87104709134,14762.613141274021
126112,MUMBAI SUBURBAN,1.0,2,4991.39835020038,9982.79670040076
132039,SOUTH,1.0,2,7867.52136272686,15735.04272545372
132114,MUMBAI SUBURBAN,1.0,2,4816.38313940619,9632.76627881238
132041,SOUTH,1.0,2,160.170716078414,320.341432156828
132001,MUMBAI SUBURBAN,1.0,59,4623.05353252412,272760.1584189231
132117,SOUTH,1.0,3,100.062031834038,300.186095502114
132113,HYDERABAD,1.0,0,1372.46608564003,0.0
132104,SOUTH,1.0,1,4265.26033597934,4265.26033597934
136129,SOUTH,1.0,2,184.816829028538,369.633658057076
136027,SOUTH,1.0,17,161.731658423686,2749.438193202662
136119,SOUTH,1.0,2,163.881719046962,327.763438093924
136132,SOUTH,1.0,2,163.490886421531,326.981772843062
136128,SOUTH,1.0,7,173.091534782953,1211.640743480671
136131,SOUTH,1.0,1,165.39499561397,165.39499561397
136135,SOUTH,1.0,6,165.39499561397,992.36997368382
124105,SOUTH,1.0,2,43.2817810524029,86.5635621048058
124501,MUMBAI SUBURBAN,1.0,0,1131.93108529465,0.0
124021,SOUTH,1.0,1,82.5414541518736,82.5414541518736
124103,SOUTH,1.0,12,48.7895523345589,585.4746280147068
124106,SOUTH,1.0,3,73.0272252675783,219.0816758027349
124112,SOUTH,1.0,2,85.0293709899241,170.0587419798482
124104,SOUTH,1.0,1,54.073341050886,54.073341050886
124146,SOUTH,1.0,1,34.9282132722402,34.9282132722402
131001,SOUTH,1.0,90,59.5529999843295,5359.769998589655
131021,SOUTH,1.0,7,51.4895176213656,360.4266233495592
131302,HYDERABAD,1.0,0,1319.08734998817,0.0
131101,SOUTH,1.0,4,70.2923037355919,281.1692149423676
131301,SOUTH,1.0,6,84.7506943215291,508.5041659291746
131023,SOUTH,1.0,5,65.6937601507506,328.46880075375304
131305,SOUTH,1.0,2,95.6675014477261,191.3350028954522
131103,SOUTH,1.0,1,41.1510485718953,41.1510485718953
131029,SOUTH,1.0,13,51.9120513855265,674.8566680118446
176302,SOUTH,1.0,2,449.370109145536,898.740218291072
176309,BENGALURU URBAN,1.0,0,2173.16519288366,0.0
176311,BENGALURU URBAN,1.0,0,2179.55474027715,0.0
176207,SOUTH,1.0,3,433.72448310033,1301.1734493009901
177106,SOUTH,1.0,1,382.565127158979,382.565127158979
176031,SOUTH,1.0,1,388.191205978205,388.191205978205
176001,SOUTH,1.0,10,411.212662799831,4112.12662799831
176209,SOUTH,1.0,1,412.341107904006,412.341107904006
176047,SOUTH,1.0,3,399.909749939703,1199.7292498191089
176208,SOUTH,1.0,3,418.741432602887,1256.224297808661
176051,SOUTH,1.0,5,407.822968313683,2039.1148415684152
176029,SOUTH,1.0,2,388.834555034574,777.669110069148
176022,SOUTH,1.0,1,392.653726015431,392.653726015431
176056,HYDERABAD,1.0,0,1648.96120167782,0.0
176403,SOUTH,1.0,1,435.788781024762,435.788781024762
176201,SOUTH,1.0,2,439.700591020703,879.401182041406
176202,SOUTH,1.0,3,444.1618303662,1332.4854910986
176206,SOUTH,1.0,4,424.846851083067,1699.387404332268
176052,SOUTH,1.0,2,409.930727995101,819.861455990202
176061,SOUTH,1.0,22,404.637788702432,8902.031351453503
176125,SOUTH,1.0,1,389.802972182058,389.802972182058
176076,SOUTH,1.0,1,390.950501970342,390.950501970342
176088,SOUTH,1.0,1,385.219126820184,385.219126820184
176092,SOUTH,1.0,2,392.575474705427,785.150949410854
176102,SOUTH,1.0,7,401.642130792939,2811.494915550573
176084,SOUTH,1.0,1,403.046515919336,403.046515919336
176103,SOUTH,1.0,2,395.839823547582,791.679647095164
176115,SOUTH,1.0,1,398.267022954312,398.267022954312
176081,SOUTH,1.0,4,397.719927894604,1590.879711578416
176041,SOUTH,1.0,4,357.850277370858,1431.401109483432
176040,SOUTH,1.0,2,357.850277370858,715.700554741716
176044,SOUTH,1.0,1,345.584799979707,345.584799979707
174001,SOUTH,1.0,8,314.435206271434,2515.481650171472
174013,SOUTH,1.0,1,345.651881534424,345.651881534424
174002,SOUTH,1.0,1,324.802762293105,324.802762293105
174021,SOUTH,1.0,2,328.38223629827,656.76447259654
174027,SOUTH,1.0,6,340.966188231832,2045.797129390992
177001,SOUTH,1.0,11,357.850277370858,3936.353051079438
177040,24 PARAGANAS NORTH,1.0,0,1546.42927867776,0.0
177020,SOUTH,1.0,2,357.850277370858,715.700554741716
176110,SOUTH,1.0,1,374.262743691345,374.262743691345
177022,SOUTH,1.0,1,368.223261471914,368.223261471914
175101,SOUTH,1.0,14,384.27699509042,5379.87793126588
175138,SOUTH,1.0,3,383.165332342032,1149.4959970260961
175103,SOUTH,1.0,3,419.790501994492,1259.371505983476
175125,SOUTH,1.0,7,368.658195518803,2580.607368631621
175105,SOUTH,1.0,1,386.410842810671,386.410842810671
175129,SOUTH,1.0,1,396.606743100601,396.606743100601
175134,BENGALURU URBAN,1.0,0,2092.23602820028,0.0
175126,SOUTH,1.0,6,376.518453249542,2259.110719497252
175001,SOUTH,1.0,28,348.125933207211,9747.526129801909
175121,SOUTH,1.0,3,355.044854840178,1065.134564520534
175033,SOUTH,1.0,2,355.044854840178,710.089709680356
175021,SOUTH,1.0,2,355.044854840178,710.089709680356
175015,SOUTH,1.0,5,355.044854840178,1775.22427420089
175005,SOUTH,1.0,7,355.044854840178,2485.313983881246
175016,SOUTH,1.0,2,382.312558299616,764.625116599232
175008,SOUTH,1.0,4,342.255826698117,1369.023306792468
175012,SOUTH,1.0,1,375.589641552946,375.589641552946
175124,SOUTH,1.0,2,354.287291957103,708.574583914206
175023,SOUTH,1.0,1,347.286606487902,347.286606487902
175052,SOUTH,1.0,1,361.024509531249,361.024509531249
175034,SOUTH,1.0,1,337.180666542622,337.180666542622
175024,SOUTH,1.0,4,362.534605396561,1450.138421586244
175027,SOUTH,1.0,3,336.330385344625,1008.9911560338749
175028,SOUTH,1.0,1,336.913247920505,336.913247920505
175018,SOUTH,1.0,4,355.044854840178,1420.179419360712
172001,SOUTH,1.0,15,331.850712501394,4977.76068752091
172026,SOUTH,1.0,1,326.081093637173,326.081093637173
172002,SOUTH,1.0,1,342.90611277549,342.90611277549
172201,SOUTH,1.0,1,401.835098417792,401.835098417792
172031,SOUTH,1.0,1,311.368566240939,311.368566240939
172033,SOUTH,1.0,1,316.478792462605,316.478792462605
172030,SOUTH,1.0,1,336.223326572575,336.223326572575
171208,HYDERABAD,1.0,0,1516.62518862817,0.0
171012,SOUTH,1.0,2,265.792650544605,531.58530108921
171206,SOUTH,1.0,2,298.788352357004,597.576704714008
171202,HYDERABAD,1.0,0,1537.86829867394,0.0
171207,SOUTH,1.0,2,304.950544755918,609.901089511836
171222,SOUTH,1.0,1,288.949751799308,288.949751799308
171301,SOUTH,1.0,1,377.647198838613,377.647198838613
171011,SOUTH,1.0,5,299.791848482357,1498.959242411785
173001,SOUTH,1.0,21,234.729458670023,4929.3186320704835
504103,HYDERABAD,1.0,3,203.266835989752,609.8005079692559
504307,HYDERABAD,1.0,1,218.934941874144,218.934941874144
505425,HYDERABAD,1.0,7,168.53894182796,1179.77259279572
504346,HYDERABAD,1.0,1,194.73851515829,194.73851515829
504313,HYDERABAD,1.0,1,213.804444312773,213.804444312773
504102,HYDERABAD,1.0,3,190.545924257423,571.637772772269
504104,HYDERABAD,1.0,1,184.45161041109,184.45161041109
504106,HYDERABAD,1.0,9,183.769512041705,1653.925608375345
504311,HYDERABAD,1.0,1,215.415865838569,215.415865838569
504251,HYDERABAD,1.0,3,218.56432456366,655.69297369098
504201,HYDERABAD,1.0,2,200.080908033603,400.161816067206
504302,HYDERABAD,1.0,7,188.366714981697,1318.567004871879
503125,HYDERABAD,1.0,1,87.1358320287526,87.1358320287526
505460,HYDERABAD,1.0,2,166.5878057446,333.1756114892
504209,HYDERABAD,1.0,1,190.0756500203,190.0756500203
504296,HYDERABAD,1.0,4,236.001958471662,944.007833886648
506371,HYDERABAD,1.0,2,126.870451284347,253.740902568694
506003,HYDERABAD,1.0,19,115.503135165613,2194.559568146647
506142,HYDERABAD,1.0,1,111.127300292632,111.127300292632
506144,HYDERABAD,1.0,2,107.96325197094,215.92650394188
503217,HYDERABAD,1.0,1,157.627641164377,157.627641164377
506223,HYDERABAD,1.0,1,60.764049854599,60.764049854599
506143,HYDERABAD,1.0,1,101.40223987931,101.40223987931
506244,HYDERABAD,1.0,2,292.228864085053,584.457728170106
506169,HYDERABAD,1.0,7,197.879645216141,1385.157516512987
506168,SOUTH,1.0,1,1707.94069631822,1707.94069631822
506348,HYDERABAD,1.0,1,159.443685326942,159.443685326942
505303,HYDERABAD,1.0,3,103.97305102493,311.91915307479
505467,HYDERABAD,1.0,4,93.2275121039591,372.9100484158364
505453,HYDERABAD,1.0,1,151.348236404637,151.348236404637
505325,HYDERABAD,1.0,9,145.493446485818,1309.441018372362
505331,HYDERABAD,1.0,1,161.897105455195,161.897105455195
505301,HYDERABAD,1.0,5,103.692221134774,518.46110567387
505302,HYDERABAD,1.0,4,113.56459791047,454.25839164188
505528,HYDERABAD,1.0,1,105.992962572384,105.992962572384
505524,BENGALURU URBAN,1.0,0,640.703632423924,0.0
505415,HYDERABAD,1.0,1,146.42118744091,146.42118744091
505526,BENGALURU URBAN,1.0,0,669.699620147357,0.0
505451,HYDERABAD,1.0,7,134.024122611964,938.168858283748
505531,HYDERABAD,1.0,2,144.692698636587,289.385397273174
509131,HYDERABAD,1.0,3,146.792027339624,440.376082018872
509129,HYDERABAD,1.0,1,175.568832458705,175.568832458705
509153,HYDERABAD,1.0,2,174.568480114021,349.136960228042
509382,HYDERABAD,1.0,2,98.3880031439077,196.7760062878154
509204,HYDERABAD,1.0,1,124.541301772011,124.541301772011
509002,HYDERABAD,1.0,0,93.7173491562849,0.0
509339,HYDERABAD,1.0,1,102.581957198184,102.581957198184
509208,HYDERABAD,1.0,5,151.677597348439,758.387986742195
509210,HYDERABAD,1.0,5,128.681834253644,643.40917126822
502255,HYDERABAD,1.0,2,57.5752477613097,115.1504955226194
502336,HYDERABAD,1.0,2,36.3003636873485,72.600727374697
502108,HYDERABAD,1.0,3,82.2396591817061,246.71897754511832
502277,HYDERABAD,1.0,1,73.0243021102385,73.0243021102385
502276,HYDERABAD,1.0,0,87.6110209817248,0.0
502279,HYDERABAD,1.0,2,30.3761112030068,60.7522224060136
508126,HYDERABAD,1.0,2,34.4472904781513,68.8945809563026
508277,HYDERABAD,1.0,2,76.0683704800026,152.1367409600052
508112,HYDERABAD,1.0,1,64.9214802157114,64.9214802157114
508114,HYDERABAD,1.0,1,57.4318032176091,57.4318032176091
508252,HYDERABAD,1.0,8,35.4577644851503,283.6621158812024
508248,HYDERABAD,1.0,4,84.0533569414538,336.2134277658152
508373,HYDERABAD,1.0,2,74.5882539144794,149.1765078289588
508254,HYDERABAD,1.0,1,78.0279563351147,78.0279563351147
503165,HYDERABAD,1.0,1,122.927460090938,122.927460090938
503175,HYDERABAD,1.0,1,143.431849665265,143.431849665265
503212,HYDERABAD,1.0,2,172.243298835554,344.486597671108
503311,HYDERABAD,1.0,3,155.127221788391,465.38166536517303
503101,HYDERABAD,1.0,2,85.2418999935028,170.4837999870056
835223,24 PARAGANAS NORTH,1.0,2,393.324294011038,786.648588022076
834002,24 PARAGANAS NORTH,1.0,99,321.660911062735,31844.430195210767
834006,24 PARAGANAS NORTH,1.0,16,320.34788052603,5125.56608841648
835217,24 PARAGANAS NORTH,1.0,12,312.456168143155,3749.47401771786
835303,24 PARAGANAS NORTH,1.0,1,338.406620333413,338.406620333413
814113,24 PARAGANAS NORTH,1.0,3,255.962949027214,767.888847081642
814133,24 PARAGANAS NORTH,1.0,7,261.031827052886,1827.222789370202
815351,24 PARAGANAS NORTH,1.0,7,208.646116102259,1460.522812715813
815353,24 PARAGANAS NORTH,1.0,1,246.730546310353,246.730546310353
814154,24 PARAGANAS NORTH,1.0,2,278.755827747965,557.51165549593
815354,24 PARAGANAS NORTH,1.0,3,207.173044499797,621.5191334993909
816101,24 PARAGANAS NORTH,1.0,2,243.710158272344,487.420316544688
816106,MUMBAI SUBURBAN,1.0,0,1643.69424794978,0.0
814145,24 PARAGANAS NORTH,1.0,1,246.662509124762,246.662509124762
816107,24 PARAGANAS NORTH,1.0,12,215.717319972152,2588.607839665824
816108,24 PARAGANAS NORTH,1.0,1,260.880195086586,260.880195086586
816109,24 PARAGANAS NORTH,1.0,5,286.514460415418,1432.57230207709
833102,24 PARAGANAS NORTH,1.0,7,280.710026220335,1964.970183542345
833103,24 PARAGANAS NORTH,1.0,1,320.948610760177,320.948610760177
833204,MUMBAI SUBURBAN,1.0,0,1412.12501090352,0.0
833215,24 PARAGANAS NORTH,1.0,1,271.515298126486,271.515298126486
833219,24 PARAGANAS NORTH,1.0,0,253.701546893099,0.0
832101,24 PARAGANAS NORTH,1.0,3,182.429294016516,547.287882049548
832401,24 PARAGANAS NORTH,1.0,3,189.980298798616,569.940896395848
832108,24 PARAGANAS NORTH,1.0,1,237.870456553095,237.870456553095
832303,24 PARAGANAS NORTH,1.0,8,194.646272378457,1557.170179027656
832102,24 PARAGANAS NORTH,1.0,1,218.358463428004,218.358463428004
831012,24 PARAGANAS NORTH,1.0,29,219.47657165654,6364.820578039659
832104,24 PARAGANAS NORTH,1.0,4,211.502667327552,846.010669310208
831002,24 PARAGANAS NORTH,1.0,9,232.100753501554,2088.906781513986
831004,24 PARAGANAS NORTH,1.0,35,218.538394975182,7648.84382413137
560067,BENGALURU URBAN,1.0,316,23.2328885499427,7341.592781781893
560077,BENGALURU URBAN,1.0,215,15.9604800907699,3431.5032195155286
560074,BENGALURU URBAN,1.0,16,17.5163006186922,280.2608098990752
560083,BENGALURU URBAN,1.0,108,11.6863858248625,1262.12966908515
562160,BENGALURU URBAN,1.0,3,57.5079728364532,172.5239185093596
562106,BENGALURU URBAN,1.0,34,28.3194510763979,962.8613365975286
562107,BENGALURU URBAN,1.0,46,23.6768971343192,1089.1372681786834
562157,BENGALURU URBAN,1.0,17,27.2196068426362,462.7333163248154
562109,BENGALURU URBAN,1.0,6,27.964472837102,167.78683702261202
562110,BENGALURU URBAN,1.0,26,37.2079327890494,967.4062525152845
562111,BENGALURU URBAN,1.0,5,40.8514506902262,204.25725345113102
561203,BENGALURU URBAN,1.0,23,37.9609484890133,873.1018152473058
562112,BENGALURU URBAN,1.0,2,29.8666267864706,59.7332535729412
562138,BENGALURU URBAN,1.0,1,51.3519398492703,51.3519398492703
562117,BENGALURU URBAN,1.0,8,42.2300858372884,337.8406866983072
561101,BENGALURU URBAN,1.0,3,47.126936260913,141.380808782739
562162,BENGALURU URBAN,1.0,7,22.5309158546597,157.7164109826179
562120,BENGALURU URBAN,1.0,3,36.4561105337161,109.3683316011483
561205,BENGALURU URBAN,1.0,4,48.2921819364244,193.1687277456976
562122,BENGALURU URBAN,1.0,3,47.5589429419686,142.6768288259058
562123,BENGALURU URBAN,1.0,41,29.6398951487719,1215.235701099648
562159,BENGALURU URBAN,1.0,5,41.2810232858628,206.405116429314
562127,BENGALURU URBAN,1.0,1,35.7145814141167,35.7145814141167
562129,BENGALURU URBAN,1.0,3,42.5357507313288,127.6072521939864
562130,BENGALURU URBAN,1.0,3,16.0537533334216,48.161260000264804
562135,BENGALURU URBAN,1.0,2,48.9065245772181,97.8130491544362
562163,BENGALURU URBAN,1.0,2,29.7191948943956,59.4383897887912
587201,HYDERABAD,1.0,3,354.751958540299,1064.2558756208969
587103,HYDERABAD,1.0,14,331.049310847837,4634.690351869718
587102,HYDERABAD,1.0,4,338.404716306652,1353.618865226608
587203,HYDERABAD,1.0,2,331.916823796274,663.833647592548
587125,HYDERABAD,1.0,3,302.812171415927,908.4365142477811
587120,HYDERABAD,1.0,1,303.734841636908,303.734841636908
587301,HYDERABAD,1.0,7,354.385545697282,2480.698819880974
587311,BENGALURU URBAN,1.0,0,466.990712511812,0.0
587313,HYDERABAD,1.0,4,364.974561137167,1459.898244548668
591102,MUMBAI SUBURBAN,1.0,8,416.743410937915,3333.94728750332
591106,BENGALURU URBAN,1.0,1,419.284667034906,419.284667034906
591109,MUMBAI SUBURBAN,1.0,1,419.788586362864,419.788586362864
591115,BENGALURU URBAN,1.0,1,422.227886144506,422.227886144506
591108,MUMBAI SUBURBAN,1.0,10,405.659107359146,4056.59107359146
591302,MUMBAI SUBURBAN,1.0,5,418.593091466393,2092.965457331965
591120,MUMBAI SUBURBAN,1.0,1,433.93224114471,433.93224114471
591124,MUMBAI SUBURBAN,1.0,10,404.512556786968,4045.12556786968
590018,MUMBAI SUBURBAN,1.0,1,408.634069266701,408.634069266701
591123,MUMBAI SUBURBAN,1.0,2,424.165676263819,848.331352527638
591126,HYDERABAD,1.0,3,407.002917630224,1221.008752890672
583104,BENGALURU URBAN,1.0,16,262.812412909733,4204.998606555728
583102,BENGALURU URBAN,1.0,4,246.947669237584,987.790676950336
583103,BENGALURU URBAN,1.0,8,271.722060240824,2173.776481926592
583119,BENGALURU URBAN,1.0,1,256.729338688731,256.729338688731
583121,HYDERABAD,1.0,10,265.462110301763,2654.62110301763
583128,BENGALURU URBAN,1.0,1,248.364518575848,248.364518575848
583131,HYDERABAD,1.0,0,399.065254620233,0.0
583219,BENGALURU URBAN,1.0,3,289.16105073901,867.48315221703
583132,BENGALURU URBAN,1.0,1,296.817076995315,296.817076995315
583134,BENGALURU URBAN,1.0,2,261.154487237785,522.30897447557
585327,HYDERABAD,1.0,4,188.83449051018,755.33796204072
586203,HYDERABAD,1.0,3,264.64350046686,793.93050140058
586212,HYDERABAD,1.0,2,277.615074989568,555.230149979136
586128,HYDERABAD,1.0,4,240.86374574414,963.45498297656
586214,HYDERABAD,1.0,2,249.779302501842,499.558605003684
586129,HYDERABAD,1.0,1,293.20100113925,293.20100113925
586130,HYDERABAD,1.0,2,329.576852782078,659.153705564156
591304,MUMBAI SUBURBAN,1.0,2,359.725768544225,719.45153708845
591220,MUMBAI SUBURBAN,1.0,6,362.85199643447,2177.11197860682
591213,MUMBAI SUBURBAN,1.0,0,354.594366612003,0.0
591216,MUMBAI SUBURBAN,1.0,1,323.895431264352,323.895431264352
591222,MUMBAI SUBURBAN,1.0,1,365.780411474733,365.780411474733
591229,MUMBAI SUBURBAN,1.0,1,326.33252195553,326.33252195553
591237,MUMBAI SUBURBAN,1.0,11,340.784707403458,3748.631781438038
580006,BENGALURU URBAN,1.0,1,394.692347437699,394.692347437699
580007,BENGALURU URBAN,1.0,8,400.067715024902,3200.541720199216
581204,BENGALURU URBAN,1.0,1,395.165149906412,395.165149906412
581207,BENGALURU URBAN,1.0,1,365.381683946884,365.381683946884
580023,BENGALURU URBAN,1.0,32,377.631264250105,12084.20045600336
580028,BENGALURU URBAN,1.0,6,350.914137605554,2105.484825633324
582208,BENGALURU URBAN,1.0,2,382.770494043823,765.540988087646
580024,BENGALURU URBAN,1.0,17,369.593900021398,6283.096300363766
582102,MUMBAI SUBURBAN,1.0,2,6066.91733279229,12133.83466558458
582103,BENGALURU URBAN,1.0,3,342.994655542618,1028.983966627854
582114,HYDERABAD,1.0,4,333.171163969455,1332.68465587782
582118,BENGALURU URBAN,1.0,0,301.178845366338,0.0
582207,BENGALURU URBAN,1.0,1,383.406803371875,383.406803371875
582120,BENGALURU URBAN,1.0,1,328.002899922373,328.002899922373
583227,BENGALURU URBAN,1.0,7,293.287468682337,2053.012280776359
583229,HYDERABAD,1.0,4,283.686858883653,1134.747435534612
583279,HYDERABAD,1.0,1,283.696229413482,283.696229413482
591306,MUMBAI SUBURBAN,1.0,4,379.806853718858,1519.227414875432
591221,MUMBAI SUBURBAN,1.0,1,371.222055856512,371.222055856512
591309,MUMBAI SUBURBAN,1.0,1,376.327437310571,376.327437310571
591312,BENGALURU URBAN,1.0,0,474.900297667425,0.0
585302,HYDERABAD,1.0,2,196.720165905828,393.440331811656
585103,HYDERABAD,1.0,12,182.366363270817,2188.396359249804
585105,HYDERABAD,1.0,8,176.992660112509,1415.941280900072
585104,HYDERABAD,1.0,8,179.870882527572,1438.967060220576
585102,HYDERABAD,1.0,30,170.563448837178,5116.90346511534
585311,HYDERABAD,1.0,1,203.077085546957,203.077085546957
585313,HYDERABAD,1.0,1,163.858930728363,163.858930728363
423702,MUMBAI SUBURBAN,1.0,1,201.601745066893,201.601745066893
423701,MUMBAI SUBURBAN,1.0,4,245.293705579229,981.174822316916
431116,HYDERABAD,1.0,1,307.393844891191,307.393844891191
431133,MUMBAI SUBURBAN,1.0,1,232.507964064377,232.507964064377
431154,SOUTH,1.0,0,980.282980567748,0.0
431202,MUMBAI SUBURBAN,1.0,1,309.83241742242,309.83241742242
431113,MUMBAI SUBURBAN,1.0,1,344.773874482421,344.773874482421
431213,MUMBAI SUBURBAN,1.0,1,325.91245612951,325.91245612951
431112,MUMBAI SUBURBAN,1.0,2,314.066253714425,628.13250742885
431517,HYDERABAD,1.0,9,269.259942722883,2423.339484505947
414202,MUMBAI SUBURBAN,1.0,4,221.103825937356,884.415303749424
431123,MUMBAI SUBURBAN,1.0,2,316.942752736133,633.885505472266
431131,HYDERABAD,1.0,1,303.203060043394,303.203060043394
431515,HYDERABAD,1.0,5,261.72806533346,1308.6403266673
414204,MUMBAI SUBURBAN,1.0,1,284.429344136115,284.429344136115
413249,MUMBAI SUBURBAN,1.0,2,276.500724323708,553.001448647416
425306,MUMBAI SUBURBAN,1.0,2,318.748051327504,637.496102655008
425302,MUMBAI SUBURBAN,1.0,2,363.445384800113,726.890769600226
425415,MUMBAI SUBURBAN,1.0,1,295.322591546445,295.322591546445
424002,MUMBAI SUBURBAN,1.0,8,270.099464001029,2160.795712008232
424005,MUMBAI SUBURBAN,1.0,2,286.182912877729,572.365825755458
425408,MUMBAI SUBURBAN,1.0,2,285.328057535767,570.656115071534
425412,MUMBAI SUBURBAN,1.0,9,282.574174056346,2543.1675665071143
425418,24 PARAGANAS NORTH,1.0,0,1513.78675172979,0.0
424306,MUMBAI SUBURBAN,1.0,1,232.646549786249,232.646549786249
425422,MUMBAI SUBURBAN,1.0,1,316.195447445194,316.195447445194
425409,MUMBAI SUBURBAN,1.0,4,311.727453545304,1246.909814181216
425406,MUMBAI SUBURBAN,1.0,1,309.34714849567,309.34714849567
425405,MUMBAI SUBURBAN,1.0,4,314.49341287185,1257.9736514874
425413,MUMBAI SUBURBAN,1.0,4,306.495940648885,1225.98376259554
425426,MUMBAI SUBURBAN,1.0,1,258.041446917785,258.041446917785
424105,24 PARAGANAS NORTH,1.0,0,1386.13687695727,0.0
424201,MUMBAI SUBURBAN,1.0,4,304.604553715015,1218.41821486006
425111,MUMBAI SUBURBAN,1.0,1,290.918562420301,290.918562420301
425401,MUMBAI SUBURBAN,1.0,2,316.812081890025,633.62416378005
425003,MUMBAI SUBURBAN,1.0,4,355.162144835363,1420.648579341452
425105,MUMBAI SUBURBAN,1.0,1,322.51426967027,322.51426967027
425002,MUMBAI SUBURBAN,1.0,9,348.46248486311,3136.16236376799
423101,MUMBAI SUBURBAN,1.0,2,196.05669719598,392.11339439196
423102,MUMBAI SUBURBAN,1.0,1,200.883488737836,200.883488737836
423501,MUMBAI SUBURBAN,1.0,1,193.657561844105,193.657561844105
423213,SOUTH,1.0,0,934.31772795156,0.0
422306,MUMBAI SUBURBAN,1.0,2,187.279436424624,374.558872849248
423105,MUMBAI SUBURBAN,1.0,2,234.470577457152,468.941154914304
423104,MUMBAI SUBURBAN,1.0,5,209.252671414237,1046.263357071185
422209,HYDERABAD,1.0,0,548.513116579488,0.0
423301,MUMBAI SUBURBAN,1.0,1,216.323826598473,216.323826598473
423208,MUMBAI SUBURBAN,1.0,1,234.470570491274,234.470570491274
423401,MUMBAI SUBURBAN,1.0,4,191.089618547107,764.358474188428
431801,HYDERABAD,1.0,2,221.009049581318,442.018099162636
431603,HYDERABAD,1.0,2,223.982219242395,447.96443848479
431717,HYDERABAD,1.0,1,170.052214767732,170.052214767732
431712,HYDERABAD,1.0,2,242.031511542232,484.063023084464
431714,HYDERABAD,1.0,1,210.321728661809,210.321728661809
431721,SOUTH,1.0,0,970.790445047861,0.0
431806,BENGALURU URBAN,1.0,0,681.090604936177,0.0
431715,24 PARAGANAS NORTH,1.0,0,1233.40679072636,0.0
431709,HYDERABAD,1.0,1,194.0745563782,194.0745563782
431602,HYDERABAD,1.0,12,235.206183351319,2822.474200215828
431605,HYDERABAD,1.0,22,233.870350722165,5145.14771588763
431807,HYDERABAD,1.0,2,195.452392979846,390.904785959692
422010,MUMBAI SUBURBAN,1.0,24,121.323148025645,2911.75555261548
422202,MUMBAI SUBURBAN,1.0,1,155.934662207981,155.934662207981
422203,MUMBAI SUBURBAN,1.0,1,98.1140625768365,98.1140625768365
422013,MUMBAI SUBURBAN,1.0,49,132.273600857143,6481.406442000008
422007,MUMBAI SUBURBAN,1.0,9,158.474707849812,1426.272370648308
422207,MUMBAI SUBURBAN,1.0,10,155.93464363492,1559.3464363492
422003,MUMBAI SUBURBAN,1.0,36,155.934736501705,5613.65051406138
422208,MUMBAI SUBURBAN,1.0,1,145.657116115372,145.657116115372
422211,MUMBAI SUBURBAN,1.0,1,177.44281074748,177.44281074748
422213,MUMBAI SUBURBAN,1.0,1,118.959406288667,118.959406288667
422401,MUMBAI SUBURBAN,1.0,9,135.754148729733,1221.787338567597
422112,MUMBAI SUBURBAN,1.0,1,147.889794068791,147.889794068791
422403,MUMBAI SUBURBAN,1.0,5,76.3132891712745,381.5664458563725
422103,MUMBAI SUBURBAN,1.0,3,140.383316965309,421.149950895927
413520,HYDERABAD,1.0,1,231.247796259109,231.247796259109
413523,HYDERABAD,1.0,1,217.751705432018,217.751705432018
413521,HYDERABAD,1.0,2,201.665230322787,403.330460645574
413544,24 PARAGANAS NORTH,1.0,0,1521.62981259434,0.0
413531,HYDERABAD,1.0,7,236.797360894007,1657.581526258049
413517,HYDERABAD,1.0,5,178.638066082045,893.190330410225
413606,HYDERABAD,1.0,1,204.769850110856,204.769850110856
413502,MUMBAI SUBURBAN,1.0,1,285.288968840332,285.288968840332
413601,HYDERABAD,1.0,4,267.137151981464,1068.548607925856
413525,24 PARAGANAS NORTH,1.0,0,1369.94225447276,0.0
431512,HYDERABAD,1.0,2,266.655982209679,533.311964419358
431514,HYDERABAD,1.0,1,245.81030062361,245.81030062361
431513,HYDERABAD,1.0,3,301.256675081122,903.770025243366
431702,HYDERABAD,1.0,2,271.226691990508,542.453383981016
431720,HYDERABAD,1.0,6,238.683445588946,1432.100673533676
431516,HYDERABAD,1.0,1,285.843413452536,285.843413452536
431503,HYDERABAD,1.0,1,317.982946991134,317.982946991134
431510,HYDERABAD,1.0,1,312.439436875968,312.439436875968
795126,24 PARAGANAS NORTH,1.0,4,558.514254937388,2234.057019749552
795128,24 PARAGANAS NORTH,1.0,3,556.343240656429,1669.029721969287
795113,24 PARAGANAS NORTH,1.0,6,575.134643498587,3450.807860991522
795010,24 PARAGANAS NORTH,1.0,11,623.942534622014,6863.367880842155
795004,24 PARAGANAS NORTH,1.0,36,602.432224340963,21687.56007627467
795130,24 PARAGANAS NORTH,1.0,4,602.443291433823,2409.773165735292
795003,24 PARAGANAS NORTH,1.0,13,598.800929767409,7784.412086976317
795002,24 PARAGANAS NORTH,1.0,29,607.972915552747,17631.214551029665
795150,24 PARAGANAS NORTH,1.0,1,659.428648028612,659.428648028612
795132,24 PARAGANAS NORTH,1.0,3,594.740448660349,1784.2213459810469
795107,24 PARAGANAS NORTH,1.0,1,615.607729182313,615.607729182313
795134,24 PARAGANAS NORTH,1.0,3,592.845234581383,1778.535703744149
795114,24 PARAGANAS NORTH,1.0,2,610.85693138224,1221.71386276448
795008,24 PARAGANAS NORTH,1.0,9,609.175480985085,5482.579328865764
795005,24 PARAGANAS NORTH,1.0,16,607.068107595033,9713.089721520528
795138,24 PARAGANAS NORTH,1.0,21,606.108450127212,12728.277452671451
796701,24 PARAGANAS NORTH,1.0,5,420.86680434753,2104.33402173765
796891,24 PARAGANAS NORTH,1.0,0,469.537799203933,0.0
796901,24 PARAGANAS NORTH,1.0,2,488.937009527137,977.874019054274
484110,HYDERABAD,1.0,3,699.745991966436,2099.237975899308
484336,SOUTH,1.0,1,705.626824764156,705.626824764156
484334,SOUTH,1.0,4,681.75518856318,2727.02075425272
484555,SOUTH,1.0,1,639.546270549925,639.546270549925
484887,HYDERABAD,1.0,1,689.562512317922,689.562512317922
484661,SOUTH,1.0,4,663.684032046433,2654.736128185732
486661,SOUTH,1.0,7,660.173995073428,4621.217965513996
486776,SOUTH,1.0,1,632.324793895278,632.324793895278
486771,SOUTH,1.0,1,643.254316365036,643.254316365036
486775,MUMBAI SUBURBAN,1.0,0,1014.7366834676,0.0
486886,24 PARAGANAS NORTH,1.0,3,634.604034393988,1903.8121031819637
464551,SOUTH,1.0,5,1193.1962232222,5965.981116110999
464665,HYDERABAD,1.0,3,609.740002939167,1829.220008817501
464668,MUMBAI SUBURBAN,1.0,0,2542.21543053453,0.0
464881,SOUTH,1.0,2,559.65485278835,1119.3097055767
464886,HYDERABAD,1.0,5,613.559355878419,3067.796779392095
464001,SOUTH,1.0,7,551.891938206227,3863.243567443589
464221,SOUTH,1.0,2,514.077035886064,1028.154071772128
464224,24 PARAGANAS NORTH,1.0,1,533.451445984422,533.451445984422
464114,SOUTH,1.0,1,521.073267766268,521.073267766268
464337,SOUTH,1.0,1,591.032912678481,591.032912678481
464228,MUMBAI SUBURBAN,1.0,1,201.930839154111,201.930839154111
452016,HYDERABAD,1.0,64,592.042808571844,37890.73974859802
453001,MUMBAI SUBURBAN,1.0,3,498.584524860554,1495.753574581662
452020,MUMBAI SUBURBAN,1.0,12,499.67009397248,5996.04112766976
453771,MUMBAI SUBURBAN,1.0,6,523.312190553585,3139.87314332151
453441,MUMBAI SUBURBAN,1.0,16,488.250009308825,7812.0001489412
453331,MUMBAI SUBURBAN,1.0,12,492.822922803382,5913.875073640585
455001,MUMBAI SUBURBAN,1.0,20,539.929764346703,10798.59528693406
453552,MUMBAI SUBURBAN,1.0,1,500.10205507845,500.10205507845
455227,MUMBAI SUBURBAN,1.0,2,542.272195846094,1084.544391692188
455332,SOUTH,1.0,1,560.404676093107,560.404676093107
455336,MUMBAI SUBURBAN,1.0,2,5005.4058859158,10010.8117718316
455459,HYDERABAD,1.0,1,432.731278733814,432.731278733814
454001,MUMBAI SUBURBAN,1.0,2,461.207713119595,922.41542623919
454660,SOUTH,1.0,3,537.776848788069,1613.3305463642068
454552,MUMBAI SUBURBAN,1.0,9,435.474115683775,3919.267041153975
454116,SOUTH,1.0,1,397.343148674933,397.343148674933
482001,SOUTH,1.0,81,654.457038377949,53011.02010861386
482004,SOUTH,1.0,10,649.971664403626,6499.716644036261
483053,SOUTH,1.0,2,649.672068649781,1299.344137299562
482003,HYDERABAD,1.0,17,627.503812114974,10667.564805954558
482002,SOUTH,1.0,35,651.9142772534,22816.999703868998
483110,SOUTH,1.0,1,628.524524737265,628.524524737265
483220,SOUTH,1.0,3,645.347894077795,1936.043682233385
482021,HYDERABAD,1.0,3,646.820863574471,1940.462590723413
482008,SOUTH,1.0,15,628.920612916134,9433.80919374201
483501,SOUTH,1.0,32,626.854647289518,20059.348713264575
483770,SOUTH,1.0,1,645.146192394864,645.146192394864
450001,MUMBAI SUBURBAN,1.0,18,463.357848083313,8340.441265499634
450331,MUMBAI SUBURBAN,1.0,16,441.750271662165,7068.00434659464
450112,SOUTH,1.0,0,714.72226226348,0.0
458441,SOUTH,1.0,6,513.528132629963,3081.168795779778
450661,MUMBAI SUBURBAN,1.0,1,448.598830300868,448.598830300868
450114,BENGALURU URBAN,1.0,0,1037.1044305314,0.0
450445,MUMBAI SUBURBAN,1.0,2,419.198103262839,838.396206525678
451001,MUMBAI SUBURBAN,1.0,16,408.331951026946,6533.311216431136
451115,MUMBAI SUBURBAN,1.0,2,411.964070350687,823.928140701374
451551,MUMBAI SUBURBAN,1.0,4,436.887493750147,1747.549975000588
451113,MUMBAI SUBURBAN,1.0,2,454.364443728428,908.728887456856
451332,MUMBAI SUBURBAN,1.0,1,414.686751758373,414.686751758373
451228,MUMBAI SUBURBAN,1.0,1,429.358331494704,429.358331494704
451221,MUMBAI SUBURBAN,1.0,2,432.028517725122,864.057035450244
451770,MUMBAI SUBURBAN,1.0,1,347.354167832318,347.354167832318
451447,MUMBAI SUBURBAN,1.0,1,367.634418205551,367.634418205551
451442,MUMBAI SUBURBAN,1.0,1,401.650888715608,401.650888715608
451666,MUMBAI SUBURBAN,1.0,3,359.532266242525,1078.5967987275749
458775,SOUTH,1.0,1,125.602498954559,125.602498954559
458880,SOUTH,1.0,5,493.369001618962,2466.84500809481
458669,SOUTH,1.0,1,498.9421605746,498.9421605746
458002,SOUTH,1.0,4,557.90792177957,2231.63168711828
458883,SOUTH,1.0,2,509.141766297429,1018.283532594858
458110,SOUTH,1.0,1,500.302150222227,500.302150222227
458664,SOUTH,1.0,1,504.979041226365,504.979041226365
457661,MUMBAI SUBURBAN,1.0,8,441.645945147887,3533.167561183096
457887,MUMBAI SUBURBAN,1.0,1,340.441741832912,340.441741832912
457001,MUMBAI SUBURBAN,1.0,17,521.683573329261,8868.620746597437
457114,SOUTH,1.0,1,555.393384641872,555.393384641872
457226,MUMBAI SUBURBAN,1.0,3,553.176816187252,1659.5304485617562
465661,SOUTH,1.0,6,490.008255290911,2940.049531745466
465674,SOUTH,1.0,2,2339.79951944056,4679.59903888112
465679,SOUTH,1.0,2,6246.25474340672,12492.50948681344
465683,SOUTH,1.0,1,441.543760966972,441.543760966972
465697,24 PARAGANAS NORTH,1.0,1,2697.75837583254,2697.75837583254
466001,SOUTH,1.0,20,591.704202592303,11834.084051846059
466116,24 PARAGANAS NORTH,1.0,2,1417.11422026426,2834.22844052852
466115,MUMBAI SUBURBAN,1.0,1,1016.42628749547,1016.42628749547
466114,MUMBAI SUBURBAN,1.0,3,597.499325301822,1792.4979759054659
466331,HYDERABAD,1.0,0,588.645401571977,0.0
465001,SOUTH,1.0,2,561.317625284586,1122.635250569172
465441,SOUTH,1.0,7,541.310865843482,3789.176060904374
465447,SOUTH,1.0,2,520.729583034671,1041.459166069342
456771,MUMBAI SUBURBAN,1.0,7,494.356257305234,3460.493801136638
456331,SOUTH,1.0,4,474.127497767236,1896.509991068944
456224,MUMBAI SUBURBAN,1.0,2,554.055221492431,1108.110442984862
456440,MUMBAI SUBURBAN,1.0,1,517.397923595569,517.397923595569
456335,MUMBAI SUBURBAN,1.0,1,549.041934424509,549.041934424509
456006,MUMBAI SUBURBAN,1.0,5,450.319125704591,2251.595628522955
473331,SOUTH,1.0,3,465.49195116724,1396.47585350172
473446,SOUTH,1.0,1,436.718395593068,436.718395593068
473335,SOUTH,1.0,3,410.126430817853,1230.3792924535592
473001,SOUTH,1.0,16,432.322939681414,6917.167034902624
473287,SOUTH,1.0,1,508.717090252606,508.717090252606
473111,SOUTH,1.0,6,448.694849803482,2692.169098820892
473551,SOUTH,1.0,10,328.758579590787,3287.5857959078703
473885,SOUTH,1.0,1,393.164108174458,393.164108174458
473770,SOUTH,1.0,1,359.801217498857,359.801217498857
473660,SOUTH,1.0,2,348.495165201625,696.99033040325
473995,SOUTH,1.0,2,375.55596102376,751.11192204752
474001,SOUTH,1.0,42,6058.47335946913,254455.88109770344
475335,SOUTH,1.0,3,332.226172456117,996.6785173683511
475220,SOUTH,1.0,1,306.186276027042,306.186276027042
475110,SOUTH,1.0,2,318.96460045028,637.92920090056
475661,SOUTH,1.0,5,328.824259427805,1644.1212971390248
577217,BENGALURU URBAN,1.0,1,260.228257578385,260.228257578385
577436,BENGALURU URBAN,1.0,2,270.506671632254,541.013343264508
577422,BENGALURU URBAN,1.0,1,268.521550775986,268.521550775986
577219,BENGALURU URBAN,1.0,1,245.123099457984,245.123099457984
577424,BENGALURU URBAN,1.0,1,277.812540079098,277.812540079098
577202,BENGALURU URBAN,1.0,3,250.87130057135,752.6139017140499
577432,BENGALURU URBAN,1.0,3,269.485991342476,808.457974027428
572114,BENGALURU URBAN,1.0,1,111.256581474765,111.256581474765
572117,BENGALURU URBAN,1.0,1,72.0764065357842,72.0764065357842
572216,BENGALURU URBAN,1.0,1,81.2478987186502,81.2478987186502
572218,BENGALURU URBAN,1.0,1,136.550261985482,136.550261985482
572130,BENGALURU URBAN,1.0,1,71.8680671935757,71.8680671935757
572201,BENGALURU URBAN,1.0,6,78.079335486407,468.47601291844205
572227,BENGALURU URBAN,1.0,2,92.973056948017,185.946113896034
572115,BENGALURU URBAN,1.0,2,95.025675470061,190.051350940122
572121,BENGALURU URBAN,1.0,2,72.6314054474159,145.2628108948318
572104,BENGALURU URBAN,1.0,25,58.4323710127828,1460.8092753195701
572132,BENGALURU URBAN,1.0,1,89.6292467941354,89.6292467941354
572106,BENGALURU URBAN,1.0,11,71.8680671935757,790.5487391293327
561202,BENGALURU URBAN,1.0,1,131.024418439898,131.024418439898
572137,BENGALURU URBAN,1.0,1,89.2156498815255,89.2156498815255
576212,BENGALURU URBAN,1.0,2,294.310751621139,588.621503242278
576214,BENGALURU URBAN,1.0,1,337.342225810949,337.342225810949
576283,BENGALURU URBAN,1.0,2,317.271424833453,634.542849666906
576219,BENGALURU URBAN,1.0,1,332.068134475585,332.068134475585
576227,BENGALURU URBAN,1.0,1,295.087638835369,295.087638835369
576230,BENGALURU URBAN,1.0,1,319.169506942481,319.169506942481
576231,BENGALURU URBAN,1.0,2,314.341237632567,628.682475265134
576210,BENGALURU URBAN,1.0,1,307.873795447759,307.873795447759
576213,BENGALURU URBAN,1.0,7,309.1183938975,2163.8287572825
576115,BENGALURU URBAN,1.0,3,316.543150035317,949.629450105951
576221,BENGALURU URBAN,1.0,3,314.446225580112,943.338676740336
576106,BENGALURU URBAN,1.0,4,313.61020789516,1254.44083158064
576223,BENGALURU URBAN,1.0,1,305.361678300993,305.361678300993
576107,BENGALURU URBAN,1.0,5,301.546225999695,1507.7311299984751
576124,BENGALURU URBAN,1.0,1,292.000670632458,292.000670632458
576103,BENGALURU URBAN,1.0,3,310.966690249561,932.900070748683
574103,BENGALURU URBAN,1.0,2,302.571770468818,605.143540937636
574105,BENGALURU URBAN,1.0,10,304.854147142954,3048.54147142954
574106,BENGALURU URBAN,1.0,4,306.268120835833,1225.072483343332
576102,BENGALURU URBAN,1.0,11,307.272216635487,3379.994382990357
576101,BENGALURU URBAN,1.0,38,308.430817228952,11720.371054700176
576120,BENGALURU URBAN,1.0,2,301.866308156489,603.732616312978
574111,BENGALURU URBAN,1.0,3,301.915879839945,905.7476395198349
576122,BENGALURU URBAN,1.0,1,306.685964334667,306.685964334667
574116,BENGALURU URBAN,1.0,4,298.021709568858,1192.086838275432
574119,BENGALURU URBAN,1.0,1,307.585982094481,307.585982094481
688011,BENGALURU URBAN,1.0,3,269.126019732905,807.3780591987149
688561,BENGALURU URBAN,1.0,1,416.009186353778,416.009186353778
688006,BENGALURU URBAN,1.0,4,401.277931831856,1605.111727327424
688506,BENGALURU URBAN,1.0,1,402.657153727451,402.657153727451
688504,BENGALURU URBAN,1.0,2,407.050287374053,814.100574748106
688003,BENGALURU URBAN,1.0,4,409.799521634939,1639.198086539756
688562,BENGALURU URBAN,1.0,2,414.652233831145,829.30446766229
688539,BENGALURU URBAN,1.0,4,384.336834119126,1537.347336476504
688526,BENGALURU URBAN,1.0,8,372.579455399502,2980.635643196016
683572,BENGALURU URBAN,1.0,20,354.345341546593,7086.906830931859
683578,BENGALURU URBAN,1.0,9,338.043429599172,3042.3908663925477
683519,BENGALURU URBAN,1.0,1,345.317335448407,345.317335448407
683575,BENGALURU URBAN,1.0,12,334.290136156225,4011.4816338747
683579,BENGALURU URBAN,1.0,1,333.525751025063,333.525751025063
683577,BENGALURU URBAN,1.0,2,320.900829027948,641.801658055896
683513,BENGALURU URBAN,1.0,22,345.232272031983,7595.109984703626
683594,BENGALURU URBAN,1.0,13,338.826617227871,4404.746023962323
683108,BENGALURU URBAN,1.0,6,342.760331147767,2056.561986886602
686672,BENGALURU URBAN,1.0,3,353.090046712159,1059.270140136477
686668,BENGALURU URBAN,1.0,3,342.236830793221,1026.7104923796628
686662,BENGALURU URBAN,1.0,3,356.800374076267,1070.4011222288011
686673,BENGALURU URBAN,1.0,20,342.51373982313,6850.2747964626
686664,BENGALURU URBAN,1.0,10,358.712437027145,3587.1243702714496
686671,BENGALURU URBAN,1.0,1,339.029385255047,339.029385255047
686681,BENGALURU URBAN,1.0,1,327.983452079802,327.983452079802
683541,BENGALURU URBAN,1.0,4,341.916813879301,1367.667255517204
683544,BENGALURU URBAN,1.0,6,331.183872212807,1987.1032332768418
686691,BENGALURU URBAN,1.0,27,335.761592769715,9065.563004782305
686693,BENGALURU URBAN,1.0,3,331.472798547263,994.418395641789
683556,BENGALURU URBAN,1.0,12,342.350894666664,4108.210735999968
683546,BENGALURU URBAN,1.0,2,326.576837545977,653.153675091954
686541,BENGALURU URBAN,1.0,6,392.493606899307,2354.961641395842
686540,BENGALURU URBAN,1.0,15,396.598698649996,5948.98047974994
686546,SOUTH,1.0,0,2121.90218617559,0.0
686532,BENGALURU URBAN,1.0,2,399.496957908501,798.993915817002
686535,BENGALURU URBAN,1.0,1,399.693030752216,399.693030752216
686538,BENGALURU URBAN,1.0,2,395.619952500925,791.23990500185
686503,BENGALURU URBAN,1.0,5,384.205679541775,1921.028397708875
686509,BENGALURU URBAN,1.0,1,393.517381393516,393.517381393516
686508,BENGALURU URBAN,1.0,2,383.489557163703,766.979114327406
686514,BENGALURU URBAN,1.0,1,374.684307509683,374.684307509683
686510,BENGALURU URBAN,1.0,2,396.85168161125,793.7033632225
686513,BENGALURU URBAN,1.0,12,387.617669702524,4651.412036430288
686506,BENGALURU URBAN,1.0,11,385.610498451746,4241.715482969206
686501,BENGALURU URBAN,1.0,5,384.969352260233,1924.8467613011649
682303,BENGALURU URBAN,1.0,5,351.824530713811,1759.1226535690548
682313,BENGALURU URBAN,1.0,2,365.38439284723,730.76878569446
682312,BENGALURU URBAN,1.0,4,272.222142348393,1088.888569393572
683104,BENGALURU URBAN,1.0,6,272.222142348393,1633.332854090358
682315,BENGALURU URBAN,1.0,5,365.069445197156,1825.3472259857801
682305,BENGALURU URBAN,1.0,6,358.529946674474,2151.1796800468437
682307,BENGALURU URBAN,1.0,6,365.801633977509,2194.809803865054
683501,BENGALURU URBAN,1.0,11,347.512214922493,3822.634364147423
682008,BENGALURU URBAN,1.0,1,369.356195893179,369.356195893179
682007,BENGALURU URBAN,1.0,2,367.596142565136,735.192285130272
682509,BENGALURU URBAN,1.0,5,351.117958852868,1755.58979426434
685501,BENGALURU URBAN,1.0,1,370.905663165353,370.905663165353
685514,BENGALURU URBAN,1.0,1,343.841003539367,343.841003539367
685602,BENGALURU URBAN,1.0,2,344.754380588432,689.508761176864
685511,BENGALURU URBAN,1.0,1,358.366179421974,358.366179421974
685509,BENGALURU URBAN,1.0,3,368.663353259701,1105.990059779103
685604,BENGALURU URBAN,1.0,1,340.420093503828,340.420093503828
685535,BENGALURU URBAN,1.0,1,367.726583318503,367.726583318503
685531,BENGALURU URBAN,1.0,3,377.164351870343,1131.493055611029
685551,BENGALURU URBAN,1.0,2,363.030601248891,726.061202497782
685533,24 PARAGANAS NORTH,1.0,0,1902.97450175941,0.0
685565,BENGALURU URBAN,1.0,5,329.513622384776,1647.56811192388
685588,BENGALURU URBAN,1.0,1,354.042481324502,354.042481324502
685581,BENGALURU URBAN,1.0,4,344.495066039719,1377.980264158876
685586,BENGALURU URBAN,1.0,2,354.062239271695,708.12447854339
685605,BENGALURU URBAN,1.0,3,348.126830525944,1044.380491577832
685587,BENGALURU URBAN,1.0,3,353.982771844318,1061.948315532954
685571,BENGALURU URBAN,1.0,2,338.789513253885,677.57902650777
685608,BENGALURU URBAN,1.0,4,348.443611223202,1393.774444892808
680731,BENGALURU URBAN,1.0,6,328.591476274259,1971.5488576455539
680308,BENGALURU URBAN,1.0,8,309.647907026362,2477.183256210896
680724,BENGALURU URBAN,1.0,1,316.333350992886,316.333350992886
680734,BENGALURU URBAN,1.0,2,335.091712081386,670.183424162772
680721,BENGALURU URBAN,1.0,2,316.481665605273,632.963331210546
680722,BENGALURU URBAN,1.0,3,324.717098744677,974.151296234031
680733,BENGALURU URBAN,1.0,1,311.635032549895,311.635032549895
680301,BENGALURU URBAN,1.0,10,312.646609112882,3126.46609112882
680687,BENGALURU URBAN,1.0,4,329.482892952281,1317.931571809124
680671,BENGALURU URBAN,1.0,1,337.402503058423,337.402503058423
680125,BENGALURU URBAN,1.0,5,323.065613478962,1615.32806739481
680681,BENGALURU URBAN,1.0,3,330.607420231986,991.822260695958
680683,BENGALURU URBAN,1.0,5,330.607420231986,1653.03710115993
680664,BENGALURU URBAN,1.0,4,336.909167761364,1347.636671045456
680123,BENGALURU URBAN,1.0,3,331.947525218972,995.8425756569159
680566,BENGALURU URBAN,1.0,4,323.366783892808,1293.467135571232
680682,BENGALURU URBAN,1.0,2,334.453491397645,668.90698279529
680697,BENGALURU URBAN,1.0,4,322.63114467991,1290.52457871964
680567,BENGALURU URBAN,1.0,6,324.680263942819,1948.081583656914
680662,BENGALURU URBAN,1.0,5,326.020724173075,1630.103620865375
686564,BENGALURU URBAN,1.0,3,391.497894750675,1174.493684252025
686631,BENGALURU URBAN,1.0,5,379.980420455856,1899.90210227928
686632,BENGALURU URBAN,1.0,7,379.980420455856,2659.862943190992
686020,BENGALURU URBAN,1.0,1,391.636617565102,391.636617565102
686019,BENGALURU URBAN,1.0,9,392.209724313237,3529.887518819133
686516,BENGALURU URBAN,1.0,2,390.619898621847,781.239797243694
686012,HYDERABAD,1.0,4,295.320149656479,1181.280598625916
686011,HYDERABAD,1.0,4,294.915324254337,1179.661297017348
686651,HYDERABAD,1.0,4,294.777956228839,1179.111824915356
686574,HYDERABAD,1.0,7,282.003742450632,1974.026197154424
686578,BENGALURU URBAN,1.0,1,372.084228442995,372.084228442995
686635,HYDERABAD,1.0,1,292.944651989272,292.944651989272
686652,24 PARAGANAS NORTH,1.0,0,1903.95741173512,0.0
686579,BENGALURU URBAN,1.0,4,369.070113700295,1476.28045480118
686581,BENGALURU URBAN,1.0,2,316.456491860035,632.91298372007
686577,HYDERABAD,1.0,2,282.003742450632,564.007484901264
686573,BENGALURU URBAN,1.0,2,369.244384337859,738.488768675718
686576,BENGALURU URBAN,1.0,6,362.840866773661,2177.045200641966
686633,BENGALURU URBAN,1.0,6,379.980420455856,2279.8825227351363
686603,BENGALURU URBAN,1.0,1,375.389174482238,375.389174482238
686636,BENGALURU URBAN,1.0,1,379.980420455856,379.980420455856
686613,BENGALURU URBAN,1.0,4,364.724460979567,1458.897843918268
686605,BENGALURU URBAN,1.0,7,372.063252589593,2604.442768127151
690505,BENGALURU URBAN,1.0,3,433.706798628508,1301.120395885524
690516,BENGALURU URBAN,1.0,3,427.487129889767,1282.461389669301
690517,BENGALURU URBAN,1.0,5,420.921169776313,2104.6058488815647
690527,BENGALURU URBAN,1.0,2,435.648281160193,871.296562320386
690105,BENGALURU URBAN,1.0,5,423.357740313039,2116.788701565195
689508,BENGALURU URBAN,1.0,3,421.945766733672,1265.837300201016
689505,BENGALURU URBAN,1.0,4,418.768726899022,1675.074907596088
691526,BENGALURU URBAN,1.0,5,433.229972249894,2166.1498612494697
691552,BENGALURU URBAN,1.0,2,438.228009253678,876.456018507356
689694,BENGALURU URBAN,1.0,4,430.966253491017,1723.865013964068
691555,BENGALURU URBAN,1.0,2,424.745345732728,849.490691465456
689693,BENGALURU URBAN,1.0,5,426.978632729848,2134.8931636492403
689503,BENGALURU URBAN,1.0,5,420.925509062267,2104.627545311335
689501,BENGALURU URBAN,1.0,13,426.158551956739,5540.061175437607
691554,BENGALURU URBAN,1.0,3,429.900572936755,1289.701718810265
690521,BENGALURU URBAN,1.0,1,445.992375805882,445.992375805882
689674,BENGALURU URBAN,1.0,2,405.186155869007,810.372311738014
689648,BENGALURU URBAN,1.0,2,423.430857351463,846.861714702926
689691,BENGALURU URBAN,1.0,6,422.209340904895,2533.25604542937
689646,BENGALURU URBAN,1.0,3,419.279850378748,1257.839551136244
689671,BENGALURU URBAN,1.0,3,414.05100603955,1242.15301811865
689642,BENGALURU URBAN,1.0,1,411.090881758934,411.090881758934
689513,BENGALURU URBAN,1.0,4,424.119166918659,1696.476667674636
689711,BENGALURU URBAN,1.0,1,402.717493822818,402.717493822818
689672,BENGALURU URBAN,1.0,5,407.746016360917,2038.730081804585
689673,BENGALURU URBAN,1.0,1,403.39648982356,403.39648982356
691306,BENGALURU URBAN,1.0,6,454.371312629706,2726.227875778236
691533,BENGALURU URBAN,1.0,9,454.918448429989,4094.266035869901
691322,BENGALURU URBAN,1.0,3,444.298794820498,1332.896384461494
691310,BENGALURU URBAN,1.0,1,458.301944061606,458.301944061606
691508,BENGALURU URBAN,1.0,3,438.920224538889,1316.760673616667
691522,BENGALURU URBAN,1.0,3,436.529874604336,1309.589623813008
691333,BENGALURU URBAN,1.0,9,447.956778660418,4031.611007943762
691331,BENGALURU URBAN,1.0,2,442.118698959954,884.237397919908
690544,BENGALURU URBAN,1.0,1,445.998468997394,445.998468997394
690526,BENGALURU URBAN,1.0,4,439.268342187954,1757.073368751816
691302,BENGALURU URBAN,1.0,6,471.167186035014,2827.003116210084
691501,BENGALURU URBAN,1.0,7,452.072641891983,3164.508493243881
691577,BENGALURU URBAN,1.0,2,460.148551360166,920.297102720332
691503,BENGALURU URBAN,1.0,2,451.47439694503,902.94879389006
691511,BENGALURU URBAN,1.0,1,454.971573182276,454.971573182276
691534,BENGALURU URBAN,1.0,2,460.923068096999,921.846136193998
691559,BENGALURU URBAN,1.0,1,462.668771183961,462.668771183961
691505,BENGALURU URBAN,1.0,7,448.1035810395,3136.7250672765
691509,BENGALURU URBAN,1.0,1,455.89812162243,455.89812162243
691535,BENGALURU URBAN,1.0,1,463.300124138056,463.300124138056
691566,MUMBAI SUBURBAN,1.0,0,1196.79113997967,0.0
691537,BENGALURU URBAN,1.0,3,459.166870650096,1377.500611950288
691531,BENGALURU URBAN,1.0,5,446.978682165909,2234.893410829545
691507,BENGALURU URBAN,1.0,4,440.88603473197,1763.54413892788
689532,MUMBAI SUBURBAN,1.0,0,1163.94703747098,0.0
689124,BENGALURU URBAN,1.0,1,415.973560957248,415.973560957248
689549,BENGALURU URBAN,1.0,2,410.246742984692,820.493485969384
689548,BENGALURU URBAN,1.0,3,407.813059341952,1223.439178025856
689543,BENGALURU URBAN,1.0,5,405.510449108437,2027.5522455421851
689123,BENGALURU URBAN,1.0,5,414.176893068866,2070.88446534433
689544,BENGALURU URBAN,1.0,1,404.301506090187,404.301506090187
689112,BENGALURU URBAN,1.0,2,413.38030512022,826.76061024044
689103,BENGALURU URBAN,1.0,10,400.654561188675,4006.54561188675
689585,BENGALURU URBAN,1.0,1,401.268847295589,401.268847295589
689589,BENGALURU URBAN,1.0,2,397.525827621081,795.051655242162
695102,BENGALURU URBAN,1.0,4,473.48371888638,1893.93487554552
695103,BENGALURU URBAN,1.0,2,477.374814260028,954.749628520056
695304,BENGALURU URBAN,1.0,4,482.864964588645,1931.45985835458
695306,BENGALURU URBAN,1.0,2,483.646472567928,967.292945135856
695605,BENGALURU URBAN,1.0,1,474.182319243103,474.182319243103
695608,BENGALURU URBAN,1.0,2,470.178823083523,940.357646167046
695301,BENGALURU URBAN,1.0,13,491.491600901679,6389.390811721827
695601,24 PARAGANAS NORTH,1.0,0,1983.13824761342,0.0
695104,BENGALURU URBAN,1.0,3,479.928356734687,1439.785070204061
695313,BENGALURU URBAN,1.0,1,483.959865507321,483.959865507321
695602,MUMBAI SUBURBAN,1.0,0,1224.9332259209,0.0
695610,BENGALURU URBAN,1.0,1,474.282137253301,474.282137253301
695603,BENGALURU URBAN,1.0,1,470.975382236084,470.975382236084
695609,BENGALURU URBAN,1.0,1,470.817229271626,470.817229271626
695305,BENGALURU URBAN,1.0,1,484.151475838815,484.151475838815
695584,BENGALURU URBAN,1.0,16,487.253273456853,7796.052375309648
695606,HYDERABAD,1.0,0,986.763487965342,0.0
695141,BENGALURU URBAN,1.0,15,476.823939362184,7152.359090432759
695607,BENGALURU URBAN,1.0,10,479.8144053775,4798.144053775
695312,BENGALURU URBAN,1.0,2,478.451081833894,956.902163667788
695581,BENGALURU URBAN,1.0,21,492.852698427098,10349.906666969058
695011,BENGALURU URBAN,1.0,37,495.43485225576,18331.08953346312
695122,BENGALURU URBAN,1.0,3,511.537969307212,1534.613907921636
695502,BENGALURU URBAN,1.0,3,514.416813434255,1543.2504403027651
695526,BENGALURU URBAN,1.0,3,514.205206615715,1542.6156198471451
695133,BENGALURU URBAN,1.0,4,510.534459678825,2042.1378387153
695542,BENGALURU URBAN,1.0,3,487.198331592682,1461.594994778046
695572,BENGALURU URBAN,1.0,6,498.029076592705,2988.17445955623
695571,BENGALURU URBAN,1.0,6,497.630738215816,2985.7844292948957
695541,BENGALURU URBAN,1.0,9,484.506022492256,4360.554202430304
695020,BENGALURU URBAN,1.0,9,504.640641296515,4541.765771668635
695562,BENGALURU URBAN,1.0,4,475.809422669138,1903.237690676552
695568,BENGALURU URBAN,1.0,3,475.417276939872,1426.251830819616
695563,BENGALURU URBAN,1.0,1,472.95168297337,472.95168297337
695573,BENGALURU URBAN,1.0,16,494.705181442633,7915.282903082128
695575,BENGALURU URBAN,1.0,1,491.811392310109,491.811392310109
695006,BENGALURU URBAN,1.0,19,497.182502070982,9446.467539348658
695013,BENGALURU URBAN,1.0,28,497.320890615551,13924.984937235427
695543,BENGALURU URBAN,1.0,5,489.772567475256,2448.86283737628
695551,BENGALURU URBAN,1.0,1,474.919594388266,474.919594388266
673611,BENGALURU URBAN,1.0,13,265.723336804723,3454.4033784613985
673572,BENGALURU URBAN,1.0,3,249.369987271335,748.1099618140049
673571,BENGALURU URBAN,1.0,20,261.792228837405,5235.8445767481
673604,BENGALURU URBAN,1.0,1,244.236418525561,244.236418525561
673602,BENGALURU URBAN,1.0,7,245.792841637006,1720.549891459042
673585,BENGALURU URBAN,1.0,2,253.221907171349,506.443814342698
673601,BENGALURU URBAN,1.0,6,256.398945338627,1538.393672031762
673586,BENGALURU URBAN,1.0,1,234.542036185768,234.542036185768
673573,BENGALURU URBAN,1.0,2,243.280013478556,486.560026957112
673603,BENGALURU URBAN,1.0,2,238.608539141623,477.217078283246
673015,BENGALURU URBAN,1.0,5,272.771350777872,1363.8567538893599
673008,BENGALURU URBAN,1.0,17,262.598715436571,4464.178162421707
673014,BENGALURU URBAN,1.0,2,256.688781106152,513.377562212304
673019,BENGALURU URBAN,1.0,9,263.42587883752,2370.83290953768
673633,BENGALURU URBAN,1.0,7,268.255935450738,1877.7915481551659
673595,BENGALURU URBAN,1.0,1,195.839328732459,195.839328732459
673122,BENGALURU URBAN,1.0,13,212.799436428587,2766.392673571631
673596,BENGALURU URBAN,1.0,1,206.738181396379,206.738181396379
673591,BENGALURU URBAN,1.0,5,208.227333527155,1041.136667635775
673577,BENGALURU URBAN,1.0,3,222.294932574391,666.884797723173
673575,BENGALURU URBAN,1.0,1,223.818545757564,223.818545757564
673579,BENGALURU URBAN,1.0,2,200.606965548307,401.213931096614
673592,BENGALURU URBAN,1.0,4,198.765652620071,795.062610480284
670646,BENGALURU URBAN,1.0,3,203.855998790918,611.567996372754
670645,BENGALURU URBAN,1.0,9,210.616943474122,1895.552491267098
670721,BENGALURU URBAN,1.0,1,210.758536430645,210.758536430645
670301,BENGALURU URBAN,1.0,2,268.617156063856,537.234312127712
670593,BENGALURU URBAN,1.0,1,240.423565138166,240.423565138166
670621,BENGALURU URBAN,1.0,1,261.418331437241,261.418331437241
670604,BENGALURU URBAN,1.0,1,259.954133872105,259.954133872105
670602,HYDERABAD,1.0,0,687.84412322798,0.0
670622,BENGALURU URBAN,1.0,2,256.14251552504,512.28503105008
670504,BENGALURU URBAN,1.0,1,268.63868628942,268.63868628942
670571,BENGALURU URBAN,1.0,2,243.811303677435,487.62260735487
670581,BENGALURU URBAN,1.0,2,248.797164218688,497.594328437376
670511,BENGALURU URBAN,1.0,3,247.796794041749,743.390382125247
670142,BENGALURU URBAN,1.0,2,255.671260717047,511.342521434094
670306,BENGALURU URBAN,1.0,1,259.066886035329,259.066886035329
670582,BENGALURU URBAN,1.0,3,241.652272679962,724.956818039886
670307,BENGALURU URBAN,1.0,21,273.260381177062,5738.468004718302
670631,BENGALURU URBAN,1.0,5,245.232811007262,1226.16405503631
671531,BENGALURU URBAN,1.0,13,265.870313051309,3456.3140696670166
671316,BENGALURU URBAN,1.0,5,279.123658069408,1395.61829034704
671313,BENGALURU URBAN,1.0,14,270.104164113347,3781.458297586858
671314,BENGALURU URBAN,1.0,13,255.612427173472,3322.961553255136
671532,BENGALURU URBAN,1.0,2,253.694832723845,507.38966544769
671310,BENGALURU URBAN,1.0,4,276.603375589091,1106.413502356364
671541,BENGALURU URBAN,1.0,5,276.012311107612,1380.06155553806
671317,BENGALURU URBAN,1.0,4,284.460896022077,1137.843584088308
671124,BENGALURU URBAN,1.0,5,269.264277173755,1346.321385868775
671321,BENGALURU URBAN,1.0,7,278.212432814545,1947.4870297018151
671323,BENGALURU URBAN,1.0,2,293.144837758151,586.289675516302
671552,BENGALURU URBAN,1.0,1,275.605554708737,275.605554708737
671322,BENGALURU URBAN,1.0,7,281.489627268558,1970.4273908799062
671123,BENGALURU URBAN,1.0,10,281.907142491498,2819.07142491498
679321,24 PARAGANAS NORTH,1.0,0,1389.07268756338,0.0
679340,BENGALURU URBAN,1.0,2,265.006050126552,530.012100253104
676519,BENGALURU URBAN,1.0,4,266.711920160041,1066.847680640164
679324,BENGALURU URBAN,1.0,2,265.083779506021,530.167559012042
679326,BENGALURU URBAN,1.0,2,249.232966242924,498.465932485848
673642,BENGALURU URBAN,1.0,2,261.448220839092,522.896441678184
676509,BENGALURU URBAN,1.0,1,261.850883048257,261.850883048257
679325,BENGALURU URBAN,1.0,5,254.213579798502,1271.06789899251
679307,HYDERABAD,1.0,2,330.979643144457,661.959286288914
679341,BENGALURU URBAN,1.0,1,256.573801080317,256.573801080317
673639,BENGALURU URBAN,1.0,2,253.791523550564,507.583047101128
673645,MUMBAI SUBURBAN,1.0,1,350.212747176605,350.212747176605
679334,BENGALURU URBAN,1.0,7,223.005335398088,1561.037347786616
679331,BENGALURU URBAN,1.0,4,220.959012725675,883.8360509027
676541,BENGALURU URBAN,1.0,2,250.418721149597,500.837442299194
676525,BENGALURU URBAN,1.0,2,236.391830901156,472.783661802312
673638,BENGALURU URBAN,1.0,6,267.060859907429,1602.3651594445741
673641,BENGALURU URBAN,1.0,4,258.374174975101,1033.496699900404
676542,BENGALURU URBAN,1.0,1,243.025628561642,243.025628561642
679333,BENGALURU URBAN,1.0,1,216.804332784013,216.804332784013
679329,BENGALURU URBAN,1.0,9,236.836607717346,2131.529469456114
679327,BENGALURU URBAN,1.0,1,243.882402509155,243.882402509155
679328,BENGALURU URBAN,1.0,1,244.707184527201,244.707184527201
678581,BENGALURU URBAN,1.0,4,247.336741624212,989.346966496848
678595,HYDERABAD,1.0,1,291.665680527812,291.665680527812
678633,BENGALURU URBAN,1.0,6,345.074537572989,2070.4472254379343
678583,BENGALURU URBAN,1.0,2,245.357593153527,490.715186307054
678582,BENGALURU URBAN,1.0,3,367.145797061197,1101.437391183591
679535,BENGALURU URBAN,1.0,1,277.450060116995,277.450060116995
679302,BENGALURU URBAN,1.0,4,274.9376728689,1099.7506914756
678632,BENGALURU URBAN,1.0,1,301.827510186453,301.827510186453
679513,BENGALURU URBAN,1.0,8,257.33223163719,2058.65785309752
678593,HYDERABAD,1.0,2,291.665680527812,583.331361055624
679514,BENGALURU URBAN,1.0,3,257.33223163719,771.9966949115699
679304,HYDERABAD,1.0,1,344.771889048873,344.771889048873
679336,BENGALURU URBAN,1.0,5,260.184910574652,1300.92455287326
679504,BENGALURU URBAN,1.0,2,252.218663728111,504.437327456222
679533,HYDERABAD,1.0,8,328.190886159137,2625.527089273096
678510,BENGALURU URBAN,1.0,5,286.920191125621,1434.6009556281049
678702,BENGALURU URBAN,1.0,2,269.177291167608,538.354582335216
678543,BENGALURU URBAN,1.0,1,262.053330047693,262.053330047693
678506,HYDERABAD,1.0,5,282.463164230755,1412.315821153775
678508,BENGALURU URBAN,1.0,1,285.300933103819,285.300933103819
678631,BENGALURU URBAN,1.0,3,258.733744047385,776.201232142155
678613,BENGALURU URBAN,1.0,2,266.600113408348,533.200226816696
678642,HYDERABAD,1.0,3,297.621450441825,892.864351325475
678592,HYDERABAD,1.0,1,291.665680527812,291.665680527812
678004,HYDERABAD,1.0,13,285.673066148469,3713.749859930097
678731,HYDERABAD,1.0,6,318.825843064344,1912.955058386064
678012,HYDERABAD,1.0,1,285.673066148469,285.673066148469
678007,BENGALURU URBAN,1.0,14,260.589669438096,3648.255372133344
678621,BENGALURU URBAN,1.0,1,277.159812466443,277.159812466443
678555,HYDERABAD,1.0,2,272.852951519068,545.705903038136
678624,BENGALURU URBAN,1.0,2,277.159812466443,554.319624932886
670672,BENGALURU URBAN,1.0,3,255.466006437274,766.3980193118219
670663,BENGALURU URBAN,1.0,1,264.598798645351,264.598798645351
670703,BENGALURU URBAN,1.0,10,235.195677616957,2351.95677616957
670642,BENGALURU URBAN,1.0,9,256.550921551113,2308.958293960017
670674,SOUTH,1.0,0,1858.74670709584,0.0
670706,BENGALURU URBAN,1.0,3,220.948903424165,662.846710272495
670643,BENGALURU URBAN,1.0,18,252.90837244938,4552.35070408884
670702,BENGALURU URBAN,1.0,12,240.533720650578,2886.404647806936
670105,BENGALURU URBAN,1.0,1,258.206086517023,258.206086517023
670704,BENGALURU URBAN,1.0,0,223.176071487476,0.0
670673,BENGALURU URBAN,1.0,3,232.944480990236,698.833442970708
670741,BENGALURU URBAN,1.0,11,260.351590953701,2863.8675004907113
670102,BENGALURU URBAN,1.0,3,261.612573373402,784.8377201202059
670705,BENGALURU URBAN,1.0,1,227.294159340026,227.294159340026
679576,BENGALURU URBAN,1.0,10,296.631049314719,2966.31049314719
679582,BENGALURU URBAN,1.0,0,291.389497622697,0.0
679571,BENGALURU URBAN,1.0,3,284.691023689163,854.073071067489
679586,24 PARAGANAS NORTH,1.0,0,1880.56882887026,0.0
679573,BENGALURU URBAN,1.0,4,294.548098789182,1178.192395156728
679579,BENGALURU URBAN,1.0,1,303.659012473895,303.659012473895
676319,BENGALURU URBAN,1.0,3,279.874363674703,839.6230910241089
676501,BENGALURU URBAN,1.0,6,276.759871027986,1660.5592261679158
673314,BENGALURU URBAN,1.0,4,278.735643704915,1114.94257481966
676503,BENGALURU URBAN,1.0,7,274.382576200805,1920.6780334056348
676561,BENGALURU URBAN,1.0,1,296.264725646159,296.264725646159
676303,BENGALURU URBAN,1.0,8,280.091442346683,2240.731538773464
676103,BENGALURU URBAN,1.0,1,285.234025678234,285.234025678234
676306,BENGALURU URBAN,1.0,9,295.940852679961,2663.467674119649
676552,BENGALURU URBAN,1.0,9,280.106543041456,2520.958887373104
676317,BENGALURU URBAN,1.0,12,275.408434633055,3304.9012155966598
673315,BENGALURU URBAN,1.0,3,258.21222708137,774.6366812441099
673304,BENGALURU URBAN,1.0,7,260.86506265987,1826.0554386190897
673306,BENGALURU URBAN,1.0,2,264.327302532128,528.654605064256
673307,BENGALURU URBAN,1.0,4,262.705200538053,1050.820802152212
673527,BENGALURU URBAN,1.0,2,247.30504112441,494.61008224882
673524,BENGALURU URBAN,1.0,4,254.506782027558,1018.027128110232
673614,BENGALURU URBAN,1.0,1,250.131471638162,250.131471638162
673523,BENGALURU URBAN,1.0,1,260.863860261664,260.863860261664
673323,BENGALURU URBAN,1.0,5,266.145616713664,1330.72808356832
673574,BENGALURU URBAN,1.0,2,250.200627107141,500.401254214282
673106,BENGALURU URBAN,1.0,6,260.60446107344,1563.62676644064
673507,BENGALURU URBAN,1.0,1,245.420598770365,245.420598770365
673508,BENGALURU URBAN,1.0,2,247.683153098433,495.366306196866
673310,BENGALURU URBAN,1.0,3,262.439367750574,787.3181032517219
673104,BENGALURU URBAN,1.0,4,260.329635402253,1041.318541609012
673501,BENGALURU URBAN,1.0,1,256.618992325512,256.618992325512
673105,BENGALURU URBAN,1.0,3,259.971170920561,779.913512761683
673503,BENGALURU URBAN,1.0,3,255.750687914488,767.252063743464
673541,BENGALURU URBAN,1.0,5,252.543544895199,1262.717724475995
673517,BENGALURU URBAN,1.0,2,245.075734534272,490.151469068544
673542,BENGALURU URBAN,1.0,1,258.535241287978,258.535241287978
441206,HYDERABAD,1.0,4,334.839417849028,1339.357671396112
442404,HYDERABAD,1.0,3,302.294414584727,906.883243754181
442903,HYDERABAD,1.0,6,340.899099694161,2045.394598164966
442605,HYDERABAD,1.0,6,478.692669512365,2872.15601707419
442505,HYDERABAD,1.0,1,285.173864755957,285.173864755957
441209,HYDERABAD,1.0,1,444.638362829373,444.638362829373
441224,HYDERABAD,1.0,1,292.568741174652,292.568741174652
441205,HYDERABAD,1.0,1,374.346542784755,374.346542784755
442905,HYDERABAD,1.0,1,330.543865162524,330.543865162524
441225,HYDERABAD,1.0,2,317.403177265676,634.806354531352
442906,HYDERABAD,1.0,1,330.160728412964,330.160728412964
442907,HYDERABAD,1.0,5,336.722291868446,1683.61145934223
442917,HYDERABAD,1.0,3,269.309115362235,807.927346086705
441104,HYDERABAD,1.0,2,417.110477830377,834.220955660754
441204,HYDERABAD,1.0,2,409.217246437617,818.434492875234
441108,HYDERABAD,1.0,17,416.733153515005,7084.463609755085
441110,HYDERABAD,1.0,8,404.812354085933,3238.498832687464
441122,HYDERABAD,1.0,5,388.419052408364,1942.09526204182
440023,HYDERABAD,1.0,20,411.784325442843,8235.68650885686
441903,HYDERABAD,1.0,1,398.223387784683,398.223387784683
441905,HYDERABAD,1.0,0,442.757266798858,0.0
441908,HYDERABAD,1.0,1,401.789303280322,401.789303280322
441804,HYDERABAD,1.0,2,428.815023834186,857.630047668372
441910,HYDERABAD,1.0,2,390.627800068448,781.255600136896
441809,HYDERABAD,1.0,1,416.521853296666,416.521853296666
441902,SOUTH,1.0,0,864.329129893862,0.0
441701,HYDERABAD,1.0,3,393.366271776935,1180.0988153308049
441601,HYDERABAD,1.0,20,393.716142546254,7874.32285092508
441614,HYDERABAD,1.0,13,476.778584935924,6198.121604167012
441911,HYDERABAD,1.0,4,435.629507630763,1742.518030523052
441201,HYDERABAD,1.0,1,229.660911733936,229.660911733936
441501,HYDERABAD,1.0,9,419.227842823075,3773.0505854076746
441401,HYDERABAD,1.0,2,427.664673368017,855.329346736034
441302,HYDERABAD,1.0,6,510.938187270969,3065.629123625814
441102,HYDERABAD,1.0,1,434.784727463661,434.784727463661
441106,BENGALURU URBAN,1.0,1,261.323841048248,261.323841048248
441203,HYDERABAD,1.0,2,396.873368901451,793.746737802902
442001,HYDERABAD,1.0,27,359.30833824847,9701.325132708691
442201,HYDERABAD,1.0,4,378.12673230834,1512.50692923336
442202,HYDERABAD,1.0,0,419.352181025275,0.0
442301,HYDERABAD,1.0,4,349.828619195865,1399.31447678346
442302,HYDERABAD,1.0,7,364.422675736556,2550.958730155892
442104,HYDERABAD,1.0,2,377.705778098436,755.411556196872
445103,HYDERABAD,1.0,2,297.099440478215,594.19888095643
445202,HYDERABAD,1.0,3,328.407016511815,985.221049535445
445207,HYDERABAD,1.0,1,269.946582775938,269.946582775938
445203,HYDERABAD,1.0,5,307.604071029595,1538.020355147975
445001,HYDERABAD,1.0,34,332.488187107093,11304.598361641161
445302,HYDERABAD,1.0,6,286.732552078105,1720.39531246863
445305,HYDERABAD,1.0,1,269.902003671508,269.902003671508
445204,HYDERABAD,1.0,3,291.431998086698,874.295994260094
445307,HYDERABAD,1.0,1,275.894003926775,275.894003926775
445206,HYDERABAD,1.0,1,254.99606144434,254.99606144434
445304,24 PARAGANAS NORTH,1.0,0,1023.70254660114,0.0
414002,MUMBAI SUBURBAN,1.0,4,199.029897042395,796.11958816958
414005,MUMBAI SUBURBAN,1.0,3,194.791593330135,584.3747799904049
414111,MUMBAI SUBURBAN,1.0,5,192.607020059568,963.0351002978399
414501,MUMBAI SUBURBAN,1.0,2,219.292802127079,438.585604254158
414302,MUMBAI SUBURBAN,1.0,3,160.865287063252,482.59586118975596
414102,MUMBAI SUBURBAN,1.0,1,241.983546141814,241.983546141814
414502,MUMBAI SUBURBAN,1.0,9,243.031920942451,2187.287288482059
414301,MUMBAI SUBURBAN,1.0,1,165.194228302563,165.194228302563
414106,MUMBAI SUBURBAN,1.0,1,237.943094214755,237.943094214755
414006,MUMBAI SUBURBAN,1.0,3,208.392991463484,625.178974390452
413304,MUMBAI SUBURBAN,1.0,14,318.945772356414,4465.240812989796
413101,MUMBAI SUBURBAN,1.0,0,254.219906331589,0.0
413309,MUMBAI SUBURBAN,1.0,1,317.480664907734,317.480664907734
413202,MUMBAI SUBURBAN,1.0,2,265.704308167581,531.408616335162
413208,MUMBAI SUBURBAN,1.0,1,288.308950497046,288.308950497046
413107,MUMBAI SUBURBAN,1.0,1,251.188718276995,251.188718276995
413305,HYDERABAD,1.0,4,310.813924534032,1243.255698136128
413109,MUMBAI SUBURBAN,1.0,1,233.18827628913,233.18827628913
411023,MUMBAI SUBURBAN,1.0,38,114.803679599957,4362.539824798366
412105,MUMBAI SUBURBAN,1.0,105,125.10322961843,13135.83910993515
413102,MUMBAI SUBURBAN,1.0,18,212.948438511728,3833.071893211104
412206,MUMBAI SUBURBAN,1.0,1,152.58048272406,152.58048272406
410501,MUMBAI SUBURBAN,1.0,13,112.660027949743,1464.580363346659
413801,MUMBAI SUBURBAN,1.0,6,200.949767453519,1205.698604721114
412408,MUMBAI SUBURBAN,1.0,3,97.8154513465913,293.4463540397739
411025,MUMBAI SUBURBAN,1.0,9,125.138788748946,1126.249098740514
413106,MUMBAI SUBURBAN,1.0,4,252.849235378803,1011.396941515212
410502,MUMBAI SUBURBAN,1.0,3,109.854493074938,329.56347922481405
410405,MUMBAI SUBURBAN,1.0,4,84.2992875646216,337.1971502584864
412203,MUMBAI SUBURBAN,1.0,1,172.48608240747,172.48608240747
412205,MUMBAI SUBURBAN,1.0,1,149.029882263418,149.029882263418
412216,MUMBAI SUBURBAN,1.0,2,139.890152684206,279.780305368412
412201,MUMBAI SUBURBAN,1.0,5,119.083555899111,595.417779495555
410504,MUMBAI SUBURBAN,1.0,12,116.713039379744,1400.556472556928
412213,MUMBAI SUBURBAN,1.0,1,141.47174328936,141.47174328936
412211,MUMBAI SUBURBAN,1.0,2,169.91068044437,339.82136088874
412409,MUMBAI SUBURBAN,1.0,10,99.7471468831399,997.4714688313991
413132,MUMBAI SUBURBAN,1.0,1,245.672494274513,245.672494274513
412412,MUMBAI SUBURBAN,1.0,2,177.181344949849,354.362689899698
412115,MUMBAI SUBURBAN,1.0,29,125.093265914649,3627.704711524821
410505,MUMBAI SUBURBAN,1.0,4,81.2203585025043,324.8814340100172
412301,MUMBAI SUBURBAN,1.0,9,139.468402992926,1255.215626936334
412210,MUMBAI SUBURBAN,1.0,12,161.450301418267,1937.403617019204
410506,MUMBAI SUBURBAN,1.0,25,96.4522510518199,2411.3062762954974
412208,MUMBAI SUBURBAN,1.0,8,142.404573367888,1139.236586943104
412202,MUMBAI SUBURBAN,1.0,5,154.1113428691,770.5567143455
412106,MUMBAI SUBURBAN,1.0,8,73.4392085644838,587.5136685158704
412207,MUMBAI SUBURBAN,1.0,190,139.475424517521,26500.33065832899
415508,MUMBAI SUBURBAN,1.0,3,226.896802239933,680.6904067197991
415539,MUMBAI SUBURBAN,1.0,1,246.503066018225,246.503066018225
415205,MUMBAI SUBURBAN,1.0,1,228.302461468569,228.302461468569
415105,MUMBAI SUBURBAN,1.0,1,246.503368937845,246.503368937845
415206,MUMBAI SUBURBAN,1.0,1,212.184383194496,212.184383194496
415114,MUMBAI SUBURBAN,1.0,3,246.503823317298,739.511469951894
415109,MUMBAI SUBURBAN,1.0,1,183.319298690648,183.319298690648
415506,MUMBAI SUBURBAN,1.0,2,237.898233550948,475.796467101896
415124,MUMBAI SUBURBAN,1.0,3,246.503671857478,739.511015572434
412802,MUMBAI SUBURBAN,1.0,1,173.153225675723,173.153225675723
415505,MUMBAI SUBURBAN,1.0,1,203.071160090839,203.071160090839
415501,24 PARAGANAS NORTH,1.0,0,1618.05797803443,0.0
415521,MUMBAI SUBURBAN,1.0,1,176.990921788172,176.990921788172
412806,MUMBAI SUBURBAN,1.0,4,155.923138484231,623.692553936924
415012,MUMBAI SUBURBAN,1.0,3,180.707355387342,542.122066162026
415004,MUMBAI SUBURBAN,1.0,3,205.962135422554,617.8864062676621
415519,MUMBAI SUBURBAN,1.0,1,209.855961659016,209.855961659016
415513,MUMBAI SUBURBAN,1.0,2,182.92413626859,365.84827253718
415523,MUMBAI SUBURBAN,1.0,5,206.785957292103,1033.929786460515
415002,MUMBAI SUBURBAN,1.0,41,199.618354000147,8184.352514006027
412801,MUMBAI SUBURBAN,1.0,3,155.861719282112,467.585157846336
412803,MUMBAI SUBURBAN,1.0,2,166.582114330882,333.164228661764
422601,MUMBAI SUBURBAN,1.0,2,113.999951879793,227.999903759586
413710,MUMBAI SUBURBAN,1.0,2,182.324452003883,364.648904007766
423601,MUMBAI SUBURBAN,1.0,4,180.263523600742,721.054094402968
414603,MUMBAI SUBURBAN,1.0,2,229.979801756697,459.959603513394
423107,MUMBAI SUBURBAN,1.0,4,180.957454308766,723.829817235064
413706,MUMBAI SUBURBAN,1.0,1,173.839126576655,173.839126576655
413705,MUMBAI SUBURBAN,1.0,3,172.904803384259,518.714410152777
422604,MUMBAI SUBURBAN,1.0,1,104.271237092229,104.271237092229
422622,MUMBAI SUBURBAN,1.0,1,156.695924906234,156.695924906234
422605,MUMBAI SUBURBAN,1.0,10,142.076253535398,1420.76253535398
423109,MUMBAI SUBURBAN,1.0,7,182.639412636251,1278.4758884537569
413725,MUMBAI SUBURBAN,1.0,1,212.879534524021,212.879534524021
413216,HYDERABAD,1.0,1,245.529206063669,245.529206063669
413214,HYDERABAD,1.0,1,307.133976719948,307.133976719948
413401,MUMBAI SUBURBAN,1.0,4,305.775758541471,1223.103034165884
413219,HYDERABAD,1.0,1,245.529315204236,245.529315204236
413002,HYDERABAD,1.0,34,255.721124394086,8694.518229398924
413228,HYDERABAD,1.0,1,254.546161166478,254.546161166478
431002,MUMBAI SUBURBAN,1.0,11,271.708064218601,2988.7887064046113
431134,MUMBAI SUBURBAN,1.0,1,324.45254394763,324.45254394763
431007,MUMBAI SUBURBAN,1.0,2,273.653300879329,547.306601758658
431008,HYDERABAD,1.0,3,307.393844891191,922.181534673573
431103,MUMBAI SUBURBAN,1.0,1,268.206886907148,268.206886907148
475005,SOUTH,1.0,2,6067.38385261728,12134.76770523456
474006,SOUTH,1.0,13,284.870466586789,3703.316065628257
477001,SOUTH,1.0,3,266.536971818282,799.610915454846
477660,SOUTH,1.0,1,245.140263541932,245.140263541932
477445,SOUTH,1.0,1,309.353085769332,309.353085769332
477557,SOUTH,1.0,1,277.246058685033,277.246058685033
477335,SOUTH,1.0,1,299.724876478394,299.724876478394
476001,SOUTH,1.0,19,238.044298035131,4522.841662667489
476444,SOUTH,1.0,1,255.635271246966,255.635271246966
476115,SOUTH,1.0,2,241.262455361541,482.524910723082
476337,SOUTH,1.0,4,326.048043617449,1304.192174469796
403713,SOUTH,1.0,16,6537.86314038104,104605.81024609663
403702,SOUTH,1.0,14,6125.562901077,85757.880615078
403714,SOUTH,1.0,2,6122.76379892521,12245.52759785042
403410,SOUTH,1.0,2,6048.84872640028,12097.69745280056
403703,SOUTH,1.0,20,6072.49060564525,121449.812112905
403706,SOUTH,1.0,24,6093.37042517311,146240.89020415462
403705,SOUTH,1.0,19,6049.66844884334,114943.70052802346
403704,SOUTH,1.0,5,6131.64140273331,30658.20701366655
403723,SOUTH,1.0,6,7048.8680491586,42293.208294951604
403509,SOUTH,1.0,7,6077.93156981369,42545.520988695826
403524,SOUTH,1.0,2,6097.68118775075,12195.3623755015
403503,SOUTH,1.0,5,6028.23360942874,30141.1680471437
403507,SOUTH,1.0,60,6021.33725589416,361280.2353536496
403107,SOUTH,1.0,11,6062.66082257168,66689.26904828848
403104,SOUTH,1.0,6,6109.87496870074,36659.24981220444
403004,MUMBAI SUBURBAN,1.0,11,420.18499668996,4622.03496358956
403517,SOUTH,1.0,13,6054.74674658656,78711.70770562529
403512,SOUTH,1.0,13,6054.71188084433,78711.2544509763
403401,SOUTH,1.0,38,6037.11610794846,229410.41210204148
403511,SOUTH,1.0,8,6108.94677524842,48871.57420198736
403505,SOUTH,1.0,11,6035.12356141312,66386.35917554432
403406,SOUTH,1.0,5,6116.92759413073,30584.637970653646
403506,SOUTH,1.0,9,6107.47180905369,54967.24628148321
416207,MUMBAI SUBURBAN,1.0,2,317.020910316401,634.041820632802
416210,MUMBAI SUBURBAN,1.0,1,354.912320145719,354.912320145719
415605,MUMBAI SUBURBAN,1.0,12,165.586496608353,1987.037959300236
415712,MUMBAI SUBURBAN,1.0,13,155.158962649374,2017.066514441862
415709,MUMBAI SUBURBAN,1.0,5,165.586496608353,827.932483041765
415621,MUMBAI SUBURBAN,1.0,1,161.040582232046,161.040582232046
415604,MUMBAI SUBURBAN,1.0,2,189.397363074285,378.79472614857
415203,MUMBAI SUBURBAN,1.0,1,137.491422885935,137.491422885935
415612,MUMBAI SUBURBAN,1.0,25,238.014727724782,5950.36819311955
415804,MUMBAI SUBURBAN,1.0,2,241.647715239598,483.295430479196
416701,MUMBAI SUBURBAN,1.0,1,261.445421425994,261.445421425994
415639,MUMBAI SUBURBAN,1.0,3,238.075801219338,714.2274036580139
416702,MUMBAI SUBURBAN,1.0,7,287.054115031855,2009.3788052229852
415629,MUMBAI SUBURBAN,1.0,1,179.776849230295,179.776849230295
416402,MUMBAI SUBURBAN,1.0,1,315.452610633502,315.452610633502
416403,MUMBAI SUBURBAN,1.0,1,317.725029921311,317.725029921311
416404,MUMBAI SUBURBAN,1.0,1,327.913281863225,327.913281863225
416415,MUMBAI SUBURBAN,1.0,4,301.378217654275,1205.5128706171
416301,MUMBAI SUBURBAN,1.0,2,285.547830348054,571.095660696108
415301,MUMBAI SUBURBAN,1.0,2,288.762064041571,577.524128083142
415307,MUMBAI SUBURBAN,1.0,1,282.983329923702,282.983329923702
416310,MUMBAI SUBURBAN,1.0,1,279.091988158598,279.091988158598
415408,MUMBAI SUBURBAN,1.0,3,268.852359334621,806.5570780038629
415409,MUMBAI SUBURBAN,1.0,6,277.068213545658,1662.4092812739482
415311,MUMBAI SUBURBAN,1.0,2,280.012720035403,560.025440070806
416602,MUMBAI SUBURBAN,1.0,4,326.047676693409,1304.190706773636
416804,MUMBAI SUBURBAN,1.0,1,297.814631521574,297.814631521574
416601,MUMBAI SUBURBAN,1.0,2,325.270201491606,650.540402983212
416609,MUMBAI SUBURBAN,1.0,1,334.016206436383,334.016206436383
416801,MUMBAI SUBURBAN,1.0,1,308.572722844818,308.572722844818
416810,MUMBAI SUBURBAN,1.0,2,310.73575927188,621.47151854376
416516,MUMBAI SUBURBAN,1.0,5,368.498011210246,1842.4900560512299
416511,MUMBAI SUBURBAN,1.0,2,390.49439680106,780.98879360212
416512,24 PARAGANAS NORTH,1.0,0,1702.82860456827,0.0
416520,MUMBAI SUBURBAN,1.0,8,359.196934017904,2873.575472143232
416514,MUMBAI SUBURBAN,1.0,1,382.682062941776,382.682062941776
416519,MUMBAI SUBURBAN,1.0,1,363.520111596278,363.520111596278
416522,MUMBAI SUBURBAN,1.0,1,361.250846127472,361.250846127472
400021,MUMBAI SUBURBAN,1.0,15,21.0245422558246,315.368133837369
410206,MUMBAI SUBURBAN,1.0,315,14.9718258627916,4716.1251467793545
400707,MUMBAI SUBURBAN,1.0,2,28.6724186212009,57.3448372424018
410201,MUMBAI SUBURBAN,1.0,13,52.872390824767,687.341080721971
410202,MUMBAI SUBURBAN,1.0,1,55.6404902273506,55.6404902273506
410101,MUMBAI SUBURBAN,1.0,3,47.5234631144168,142.57038934325038
410203,MUMBAI SUBURBAN,1.0,17,61.6512858643407,1048.0718596937918
400702,MUMBAI SUBURBAN,1.0,31,28.0536577859749,869.6633913652219
402403,MUMBAI SUBURBAN,1.0,4,103.568714282005,414.27485712802
402103,MUMBAI SUBURBAN,1.0,1,121.230370869544,121.230370869544
402401,MUMBAI SUBURBAN,1.0,3,94.7433297241115,284.2299891723345
402209,MUMBAI SUBURBAN,1.0,1,46.0668312319238,46.0668312319238
402301,MUMBAI SUBURBAN,1.0,11,130.628594116417,1436.914535280587
402104,MUMBAI SUBURBAN,1.0,8,109.078781107117,872.630248856936
402105,MUMBAI SUBURBAN,1.0,1,103.360477436669,103.360477436669
402309,MUMBAI SUBURBAN,1.0,1,128.326903958451,128.326903958451
402106,MUMBAI SUBURBAN,1.0,5,64.6675284824815,323.3376424124075
402305,MUMBAI SUBURBAN,1.0,1,124.826290752069,124.826290752069
402120,MUMBAI SUBURBAN,1.0,1,102.818611639527,102.818611639527
410205,MUMBAI SUBURBAN,1.0,2,79.875952614937,159.751905229874
402107,MUMBAI SUBURBAN,1.0,13,43.3280917672616,563.2651929744007
402108,MUMBAI SUBURBAN,1.0,1,49.8280324137226,49.8280324137226
402202,MUMBAI SUBURBAN,1.0,4,64.1195091838333,256.4780367353332
402116,MUMBAI SUBURBAN,1.0,2,81.1332806174787,162.2665612349574
402109,MUMBAI SUBURBAN,1.0,14,78.4778427139569,1098.6897979953967
402110,MUMBAI SUBURBAN,1.0,2,118.561855830924,237.123711661848
402111,MUMBAI SUBURBAN,1.0,5,94.2361408772237,471.1807043861185
402112,MUMBAI SUBURBAN,1.0,1,93.2199213601274,93.2199213601274
402115,MUMBAI SUBURBAN,1.0,1,128.048559785881,128.048559785881
421301,HYDERABAD,1.0,232,341.270229061624,79174.69314229676
421503,MUMBAI SUBURBAN,1.0,99,44.3147373766598,4387.15900028932
421605,MUMBAI SUBURBAN,1.0,10,29.5040558105581,295.040558105581
421204,MUMBAI SUBURBAN,1.0,176,19.5882289702999,3447.528298772783
421401,MUMBAI SUBURBAN,1.0,4,87.2600866162043,349.0403464648172
421505,MUMBAI SUBURBAN,1.0,13,36.3690935549717,472.7982162146321
421601,MUMBAI SUBURBAN,1.0,22,65.3642968250119,1438.0145301502619
421302,MUMBAI SUBURBAN,1.0,79,41.9442769348306,3313.5978778516173
421312,MUMBAI SUBURBAN,1.0,3,65.0220108068807,195.0660324206421
401301,SOUTH,1.0,9,1405.28798303136,12647.59184728224
401501,MUMBAI SUBURBAN,1.0,23,112.004899430374,2576.112686898602
401503,MUMBAI SUBURBAN,1.0,1,86.9484974305289,86.9484974305289
401602,MUMBAI SUBURBAN,1.0,8,90.0000543115728,720.0004344925824
401603,MUMBAI SUBURBAN,1.0,1,102.415690517033,102.415690517033
401107,MUMBAI SUBURBAN,1.0,439,18.3546920504152,8057.709810132273
401207,MUMBAI SUBURBAN,1.0,14,24.9113062813716,348.75828793920243
401606,MUMBAI SUBURBAN,1.0,6,110.382828981279,662.2969738876741
401502,MUMBAI SUBURBAN,1.0,0,83.2097221107302,0.0
401102,MUMBAI SUBURBAN,1.0,1,53.5208070666448,53.5208070666448
401103,MUMBAI SUBURBAN,1.0,10,84.4776107978328,844.7761079783279
401208,MUMBAI SUBURBAN,1.0,81,29.2643486858385,2370.4122435529184
401605,MUMBAI SUBURBAN,1.0,1,73.0381210150532,73.0381210150532
401303,MUMBAI SUBURBAN,1.0,111,37.9361461760769,4210.912225544536
421303,MUMBAI SUBURBAN,1.0,9,69.7485145302314,627.7366307720827
444101,HYDERABAD,1.0,7,426.407915790488,2984.855410533416
444507,HYDERABAD,1.0,1,306.306515742497,306.306515742497
444102,HYDERABAD,1.0,1,383.817053811982,383.817053811982
444110,HYDERABAD,1.0,1,368.693313758073,368.693313758073
444105,HYDERABAD,1.0,6,353.297985639192,2119.787913835152
444104,HYDERABAD,1.0,1,391.290410855799,391.290410855799
444503,HYDERABAD,1.0,2,360.656432096415,721.31286419283
444403,HYDERABAD,1.0,3,327.304221206251,981.912663618753
444107,HYDERABAD,1.0,1,395.57544622147,395.57544622147
444506,HYDERABAD,1.0,2,336.301246717314,672.602493434628
444003,HYDERABAD,1.0,1,400.075325512063,400.075325512063
444108,HYDERABAD,1.0,3,437.480476133817,1312.441428401451
444109,HYDERABAD,1.0,3,413.200267762557,1239.6008032876712
444505,HYDERABAD,1.0,8,334.440965425304,2675.527723402432
444602,HYDERABAD,1.0,10,391.205070855487,3912.05070855487
444904,HYDERABAD,1.0,3,368.338281455038,1105.014844365114
444709,HYDERABAD,1.0,2,390.85697994528,781.71395989056
444908,HYDERABAD,1.0,1,447.852421709892,447.852421709892
444901,HYDERABAD,1.0,1,412.628323174425,412.628323174425
444707,HYDERABAD,1.0,3,424.710409813995,1274.131229441985
444801,HYDERABAD,1.0,1,419.151688585956,419.151688585956
444906,HYDERABAD,1.0,4,441.082081023675,1764.3283240947
444806,HYDERABAD,1.0,1,430.483977868104,430.483977868104
444705,HYDERABAD,1.0,2,425.556150809894,851.112301619788
444702,HYDERABAD,1.0,1,482.927639366563,482.927639366563
444808,HYDERABAD,1.0,1,423.659713276587,423.659713276587
444803,HYDERABAD,1.0,4,416.110980836711,1664.443923346844
443201,MUMBAI SUBURBAN,1.0,3,370.507768860203,1111.523306580609
443204,MUMBAI SUBURBAN,1.0,5,387.386801319891,1936.934006599455
443112,MUMBAI SUBURBAN,1.0,1,399.186123052944,399.186123052944
443101,MUMBAI SUBURBAN,1.0,2,396.599478872684,793.198957745368
443404,MUMBAI SUBURBAN,1.0,1,419.534861620259,419.534861620259
444303,MUMBAI SUBURBAN,1.0,7,365.038891555646,2555.272240889522
443301,HYDERABAD,1.0,4,363.270940515293,1453.083762061172
442705,SOUTH,1.0,2,377.557298850775,755.11459770155
442703,HYDERABAD,1.0,1,394.548736170146,394.548736170146
441208,HYDERABAD,1.0,3,370.227268347382,1110.681805042146
442403,HYDERABAD,1.0,4,289.718228635819,1158.872914543276
442701,HYDERABAD,1.0,4,385.973026026418,1543.892104105672
442902,HYDERABAD,1.0,2,293.759624005853,587.519248011706
442710,HYDERABAD,1.0,1,374.764109603699,374.764109603699
173022,MUMBAI SUBURBAN,1.0,0,1377.47530577829,0.0
173030,SOUTH,1.0,1,221.866019496784,221.866019496784
173021,SOUTH,1.0,1,219.358496325549,219.358496325549
173025,SOUTH,1.0,19,258.646588572492,4914.285182877348
173101,SOUTH,1.0,1,244.150665259843,244.150665259843
173212,SOUTH,1.0,24,264.85372873142,6356.48948955408
173205,SOUTH,1.0,10,264.85372873142,2648.5372873142
174103,SOUTH,1.0,2,264.85372873142,529.70745746284
171102,SOUTH,1.0,5,264.85372873142,1324.2686436571
173209,SOUTH,1.0,2,264.85372873142,529.70745746284
173221,SOUTH,1.0,1,264.85372873142,264.85372873142
173229,SOUTH,1.0,1,264.85372873142,264.85372873142
174101,SOUTH,1.0,6,265.654886491578,1593.9293189494679
173223,SOUTH,1.0,2,227.899226456497,455.798452912994
173220,SOUTH,1.0,3,264.85372873142,794.56118619426
173211,SOUTH,1.0,3,263.390684240072,790.172052720216
173206,24 PARAGANAS NORTH,1.0,0,1439.88271473571,0.0
173234,SOUTH,1.0,2,272.120242233506,544.240484467012
174303,SOUTH,1.0,7,346.039999758146,2422.2799983070217
177203,MUMBAI SUBURBAN,1.0,0,1431.72986508004,0.0
177109,SOUTH,1.0,1,373.908178046191,373.908178046191
177204,SOUTH,1.0,3,383.312571473418,1149.937714420254
174306,SOUTH,1.0,1,336.936644958386,336.936644958386
174308,SOUTH,1.0,2,351.631532324908,703.263064649816
174315,SOUTH,1.0,1,332.388324059484,332.388324059484
177209,SOUTH,1.0,1,340.761150213484,340.761150213484
174507,BENGALURU URBAN,1.0,0,2051.87852181226,0.0
174301,SOUTH,1.0,5,327.855581095837,1639.277905479185
193101,SOUTH,1.0,4,694.254336572411,2777.017346289644
193201,SOUTH,1.0,1,691.310211748048,691.310211748048
193302,SOUTH,1.0,1,696.211617740986,696.211617740986
181131,SOUTH,1.0,1,502.09416143176,502.09416143176
181133,SOUTH,1.0,2,528.623243276239,1057.246486552478
181132,SOUTH,1.0,8,505.791882417927,4046.335059343416
181102,SOUTH,1.0,4,512.589649356273,2050.358597425092
181141,SOUTH,1.0,1,492.508894383891,492.508894383891
184121,SOUTH,1.0,6,462.55395258804,2775.32371552824
184120,SOUTH,1.0,10,496.763627293744,4967.63627293744
181201,SOUTH,1.0,6,515.909391035408,3095.456346212448
181122,SOUTH,1.0,2,537.271420262342,1074.542840524684
181206,SOUTH,1.0,2,528.048069904013,1056.096139808026
181221,SOUTH,1.0,6,518.950525194939,3113.703151169634
181121,SOUTH,1.0,4,521.839007602085,2087.35603040834
180002,SOUTH,1.0,25,521.352454538393,13033.811363459825
184102,SOUTH,1.0,2,456.768782092465,913.53756418493
184152,SOUTH,1.0,3,460.498497861669,1381.4954935850071
184104,SOUTH,1.0,4,491.218990618694,1964.875962474776
184151,SOUTH,1.0,1,490.018841919245,490.018841919245
194101,SOUTH,1.0,58,5922.37077640991,343497.50503177475
185211,MUMBAI SUBURBAN,1.0,1,8069.23253237714,8069.23253237714
185234,MUMBAI SUBURBAN,1.0,1,8069.23253237714,8069.23253237714
185152,MUMBAI SUBURBAN,1.0,2,8069.23253237714,16138.46506475428
192122,MUMBAI SUBURBAN,1.0,1,4833.17573958522,4833.17573958522
192124,SOUTH,1.0,2,4904.6260895756,9809.2521791512
192231,SOUTH,1.0,10,670.255637795718,6702.55637795718
192301,SOUTH,1.0,2,1687.33335370035,3374.6667074007
192303,SOUTH,1.0,3,4800.95590032007,14402.86770096021
192123,MUMBAI SUBURBAN,1.0,0,11826.5617493808,0.0
191111,SOUTH,1.0,6,10573.1733870663,63439.04032239779
191201,SOUTH,1.0,2,679.658890804672,1359.317781609344
190006,SOUTH,1.0,8,668.545896546516,5348.367172372128
193401,SOUTH,1.0,3,670.255637795718,2010.766913387154
192121,SOUTH,1.0,2,668.041543172788,1336.083086345576
191101,SOUTH,1.0,1,668.041543172788,668.041543172788
182101,MUMBAI SUBURBAN,1.0,18,8069.23253237714,145246.18558278852
182222,MUMBAI SUBURBAN,1.0,3,8069.23253237714,24207.69759713142
182141,MUMBAI SUBURBAN,1.0,1,8069.23253237714,8069.23253237714
182202,MUMBAI SUBURBAN,1.0,2,8069.23253237714,16138.46506475428
182121,MUMBAI SUBURBAN,1.0,8,8069.23253237714,64553.86025901712
182301,MUMBAI SUBURBAN,1.0,15,8069.23253237714,121038.4879856571
185153,MUMBAI SUBURBAN,1.0,2,8069.23253237714,16138.46506475428
182311,MUMBAI SUBURBAN,1.0,2,8069.23253237714,16138.46506475428
827010,24 PARAGANAS NORTH,1.0,1,253.509552094467,253.509552094467
827013,24 PARAGANAS NORTH,1.0,24,255.788283806468,6138.918811355232
829301,24 PARAGANAS NORTH,1.0,1,264.258144170005,264.258144170005
827302,HYDERABAD,1.0,0,1051.33064921098,0.0
828306,24 PARAGANAS NORTH,1.0,3,248.705608769351,746.116826308053
828125,24 PARAGANAS NORTH,1.0,1,231.932602000729,231.932602000729
828201,24 PARAGANAS NORTH,1.0,1,231.933385655482,231.933385655482
828301,24 PARAGANAS NORTH,1.0,4,231.933242623102,927.732970492408
828202,24 PARAGANAS NORTH,1.0,4,231.934095398519,927.736381594076
828401,24 PARAGANAS NORTH,1.0,1,231.934037743356,231.934037743356
828109,24 PARAGANAS NORTH,1.0,5,223.700731764156,1118.50365882078
828110,24 PARAGANAS NORTH,1.0,1,232.164624724757,232.164624724757
828113,24 PARAGANAS NORTH,1.0,3,243.628023949582,730.884071848746
828116,24 PARAGANAS NORTH,1.0,2,244.072236887483,488.144473774966
828204,24 PARAGANAS NORTH,1.0,2,207.38862743907,414.77725487814
828121,24 PARAGANAS NORTH,1.0,1,240.944432010879,240.944432010879
825322,24 PARAGANAS NORTH,1.0,1,364.333709018997,364.333709018997
829111,24 PARAGANAS NORTH,1.0,1,307.529235137216,307.529235137216
829144,24 PARAGANAS NORTH,1.0,5,306.251524144932,1531.2576207246598
825412,24 PARAGANAS NORTH,1.0,2,369.698581346914,739.397162693828
829127,24 PARAGANAS NORTH,1.0,5,280.137196859319,1400.6859842965948
825320,SOUTH,1.0,0,965.890327625937,0.0
825311,24 PARAGANAS NORTH,1.0,2,347.37745014344,694.75490028688
825312,24 PARAGANAS NORTH,1.0,1,299.837507846404,299.837507846404
825401,24 PARAGANAS NORTH,1.0,2,394.310067941773,788.620135883546
825302,24 PARAGANAS NORTH,1.0,3,336.414689217866,1009.244067653598
825402,24 PARAGANAS NORTH,1.0,0,365.94121469963,0.0
825408,24 PARAGANAS NORTH,1.0,1,371.880073013505,371.880073013505
825409,24 PARAGANAS NORTH,1.0,10,351.325322323681,3513.2532232368103
825303,24 PARAGANAS NORTH,1.0,1,337.452960506869,337.452960506869
825318,24 PARAGANAS NORTH,1.0,1,299.876561200117,299.876561200117
829106,24 PARAGANAS NORTH,1.0,1,310.749289217407,310.749289217407
829119,24 PARAGANAS NORTH,1.0,6,332.25059748738,1993.50358492428
829201,24 PARAGANAS NORTH,1.0,1,356.560073283706,356.560073283706
829202,24 PARAGANAS NORTH,1.0,1,388.774762053498,388.774762053498
822102,24 PARAGANAS NORTH,1.0,4,352.101086328612,1408.404345314448
822114,24 PARAGANAS NORTH,1.0,2,493.828344474432,987.656688948864
829205,24 PARAGANAS NORTH,1.0,2,349.497429874714,698.994859749428
822121,24 PARAGANAS NORTH,1.0,0,521.305706841745,0.0
822110,24 PARAGANAS NORTH,1.0,1,337.620321785359,337.620321785359
829209,24 PARAGANAS NORTH,1.0,1,358.087667090514,358.087667090514
835204,24 PARAGANAS NORTH,1.0,1,333.58404798245,333.58404798245
835101,24 PARAGANAS NORTH,1.0,2,278.200344545884,556.400689091768
834004,24 PARAGANAS NORTH,1.0,22,332.38374049548,7312.442290900561
835234,24 PARAGANAS NORTH,1.0,1,345.872230219752,345.872230219752
834003,24 PARAGANAS NORTH,1.0,40,320.700916291645,12828.0366516658
835210,24 PARAGANAS NORTH,1.0,8,329.767233940551,2638.137871524408
834010,24 PARAGANAS NORTH,1.0,13,323.200530244336,4201.6068931763675
835103,24 PARAGANAS NORTH,1.0,4,307.038170413898,1228.152681655592
835221,24 PARAGANAS NORTH,1.0,2,323.200530244336,646.401060488672
835229,24 PARAGANAS NORTH,1.0,2,397.340263648733,794.680527297466
835206,24 PARAGANAS NORTH,1.0,1,397.340263648733,397.340263648733
835302,24 PARAGANAS NORTH,1.0,3,382.441526644654,1147.324579933962
585228,HYDERABAD,1.0,2,167.596564405073,335.193128810146
585211,HYDERABAD,1.0,4,168.284806591836,673.139226367344
585214,24 PARAGANAS NORTH,1.0,0,1403.97601850758,0.0
585215,HYDERABAD,1.0,2,235.931556909894,471.863113819788
585318,HYDERABAD,1.0,0,212.818274603565,0.0
585222,HYDERABAD,1.0,13,143.955918040842,1871.4269345309458
585223,HYDERABAD,1.0,2,181.48655430536,362.97310861072
585202,HYDERABAD,1.0,3,176.241939397181,528.725818191543
581110,BENGALURU URBAN,1.0,7,308.276574903493,2157.936024324451
581106,BENGALURU URBAN,1.0,2,292.795828788211,585.591657576422
581111,BENGALURU URBAN,1.0,6,294.943551429254,1769.661308575524
581115,BENGALURU URBAN,1.0,16,290.197372561564,4643.157960985024
581116,BENGALURU URBAN,1.0,1,282.746808634751,282.746808634751
581314,BENGALURU URBAN,1.0,3,403.31724355611,1209.95173066833
581316,BENGALURU URBAN,1.0,3,406.57619352748,1219.72858058244
581324,BENGALURU URBAN,1.0,1,417.773733829194,417.773733829194
581400,BENGALURU URBAN,1.0,5,418.719307536496,2093.5965376824797
581352,BENGALURU URBAN,1.0,1,428.831819261483,428.831819261483
581319,BENGALURU URBAN,1.0,1,398.341118011614,398.341118011614
581320,BENGALURU URBAN,1.0,11,343.904679751664,3782.9514772683037
581351,BENGALURU URBAN,1.0,1,384.533380844042,384.533380844042
581361,BENGALURU URBAN,1.0,3,363.343631792702,1090.030895378106
581330,MUMBAI SUBURBAN,1.0,2,6211.30204005503,12422.60408011006
581332,BENGALURU URBAN,1.0,1,378.955872779259,378.955872779259
581334,BENGALURU URBAN,1.0,5,368.56691232761,1842.83456163805
581341,BENGALURU URBAN,1.0,1,374.407931690442,374.407931690442
581342,BENGALURU URBAN,1.0,1,370.850377201336,370.850377201336
581343,BENGALURU URBAN,1.0,8,380.672887219153,3045.383097753224
584115,HYDERABAD,1.0,2,231.393881755878,462.787763511756
584122,HYDERABAD,1.0,1,254.909736094005,254.909736094005
584124,HYDERABAD,1.0,1,261.027273604034,261.027273604034
584103,HYDERABAD,1.0,4,187.460758139724,749.843032558896
584102,HYDERABAD,1.0,4,174.887607273978,699.550429095912
584170,HYDERABAD,1.0,2,168.942830660446,337.885661320892
584128,HYDERABAD,1.0,7,255.904489052791,1791.331423369537
581403,HYDERABAD,1.0,0,525.959830023518,0.0
581402,BENGALURU URBAN,1.0,8,354.055607337077,2832.444858696616
577101,BENGALURU URBAN,1.0,33,203.340815178125,6710.246900878125
577547,BENGALURU URBAN,1.0,2,181.287511960343,362.575023920686
577113,BENGALURU URBAN,1.0,2,219.981589150502,439.963178301004
577116,BENGALURU URBAN,1.0,2,196.862747023982,393.725494047964
577145,BENGALURU URBAN,1.0,1,195.902371807116,195.902371807116
577175,BENGALURU URBAN,1.0,1,173.744354589345,173.744354589345
577548,BENGALURU URBAN,1.0,11,177.732927298391,1955.0622002823009
577130,BENGALURU URBAN,1.0,1,221.813812563675,221.813812563675
577132,BENGALURU URBAN,1.0,6,203.196491010698,1219.178946064188
577126,BENGALURU URBAN,1.0,2,248.664651104372,497.329302208744
577123,BENGALURU URBAN,1.0,2,242.484185670366,484.968371340732
577124,BENGALURU URBAN,1.0,1,245.167045096989,245.167045096989
577139,BENGALURU URBAN,1.0,5,248.608276050806,1243.0413802540302
577228,BENGALURU URBAN,1.0,9,207.555028848956,1867.995259640604
577511,BENGALURU URBAN,1.0,1,147.030571201822,147.030571201822
577519,BENGALURU URBAN,1.0,1,279.166436102475,279.166436102475
577522,BENGALURU URBAN,1.0,2,185.800649966795,371.60129993359
577598,BENGALURU URBAN,1.0,8,155.041913596353,1240.335308770824
577526,BENGALURU URBAN,1.0,3,199.471195010452,598.413585031356
577527,BENGALURU URBAN,1.0,6,173.378610786949,1040.271664721694
577529,BENGALURU URBAN,1.0,1,217.946811330143,217.946811330143
577502,BENGALURU URBAN,1.0,1,207.165187609042,207.165187609042
577005,BENGALURU URBAN,1.0,12,17.3843302460485,208.611962952582
577601,BENGALURU URBAN,1.0,6,257.803750495784,1546.822502974704
577528,24 PARAGANAS NORTH,1.0,2,6146.55081428779,12293.10162857558
577002,BENGALURU URBAN,1.0,13,249.840421685341,3247.925481909433
573103,BENGALURU URBAN,1.0,9,148.658623871184,1337.9276148406561
573115,BENGALURU URBAN,1.0,3,197.705395723928,593.1161871717841
573116,BENGALURU URBAN,1.0,2,129.384342329142,258.768684658284
573121,BENGALURU URBAN,1.0,1,169.757378308818,169.757378308818
573125,BENGALURU URBAN,1.0,1,165.234146989322,165.234146989322
573213,BENGALURU URBAN,1.0,2,169.257029666985,338.51405933397
573102,BENGALURU URBAN,1.0,1,159.414597645712,159.414597645712
573127,SOUTH,1.0,0,1732.8030022759,0.0
573211,BENGALURU URBAN,1.0,4,144.939145408328,579.756581633312
571213,BENGALURU URBAN,1.0,4,190.51669505486,762.06678021944
571201,BENGALURU URBAN,1.0,29,211.59383774741,6136.22129467489
571232,BENGALURU URBAN,1.0,1,184.868540037354,184.868540037354
571251,BENGALURU URBAN,1.0,1,196.592455833318,196.592455833318
571214,BENGALURU URBAN,1.0,2,220.566037549285,441.13207509857
571216,BENGALURU URBAN,1.0,4,194.271207314288,777.084829257152
571235,BENGALURU URBAN,1.0,3,185.386948208689,556.160844626067
571253,BENGALURU URBAN,1.0,2,198.800590060288,397.601180120576
571236,BENGALURU URBAN,1.0,3,187.108509082455,561.325527247365
571237,BENGALURU URBAN,1.0,3,194.517816034081,583.553448102243
571218,BENGALURU URBAN,1.0,11,207.935188140243,2287.287069542673
561207,BENGALURU URBAN,1.0,3,108.274153974179,324.822461922537
562101,BENGALURU URBAN,1.0,8,58.6743770527103,469.3950164216824
561208,BENGALURU URBAN,1.0,5,83.6603853914304,418.301926957152
561209,BENGALURU URBAN,1.0,3,84.8363813854472,254.5091441563416
562102,BENGALURU URBAN,1.0,3,54.553937839464,163.661813518392
562103,BENGALURU URBAN,1.0,1,55.4456769623003,55.4456769623003
562104,BENGALURU URBAN,1.0,2,81.0781794263833,162.1563588527666
562105,BENGALURU URBAN,1.0,3,63.1688065075587,189.50641952267608
561228,BENGALURU URBAN,1.0,1,88.6598601019267,88.6598601019267
563114,BENGALURU URBAN,1.0,5,64.1349466325516,320.674733162758
563123,BENGALURU URBAN,1.0,1,97.2665997970701,97.2665997970701
563116,BENGALURU URBAN,1.0,1,78.0154593107783,78.0154593107783
563125,BENGALURU URBAN,1.0,10,83.9017420842157,839.017420842157
563128,BENGALURU URBAN,1.0,1,60.6395361946225,60.6395361946225
563101,BENGALURU URBAN,1.0,24,56.9739131840555,1367.3739164173319
563130,BENGALURU URBAN,1.0,5,44.0858276270503,220.4291381352515
563131,BENGALURU URBAN,1.0,6,86.0434578506904,516.2607471041424
563146,24 PARAGANAS NORTH,1.0,0,1505.25857055545,0.0
563135,BENGALURU URBAN,1.0,4,90.6126389328368,362.4505557313472
563137,BENGALURU URBAN,1.0,1,57.0841014603545,57.0841014603545
571477,BENGALURU URBAN,1.0,1,117.468631410867,117.468631410867
575018,BENGALURU URBAN,1.0,20,290.337016619941,5806.74033239882
574143,BENGALURU URBAN,1.0,4,285.195567168736,1140.782268674944
574153,BENGALURU URBAN,1.0,1,282.371458943068,282.371458943068
575029,BENGALURU URBAN,1.0,3,287.900778747321,863.7023362419629
574142,BENGALURU URBAN,1.0,8,291.566153736608,2332.529229892864
574146,BENGALURU URBAN,1.0,3,302.623731951121,907.8711958533629
575030,BENGALURU URBAN,1.0,7,296.529904337954,2075.709330365678
575008,BENGALURU URBAN,1.0,26,294.266042790574,7650.917112554924
574154,BENGALURU URBAN,1.0,4,300.409840602696,1201.639362410784
570008,BENGALURU URBAN,1.0,36,244.748238194662,8810.936575007832
571101,24 PARAGANAS NORTH,1.0,0,1684.78471889943,0.0
574122,BENGALURU URBAN,1.0,5,273.880100212369,1369.4005010618448
576112,BENGALURU URBAN,1.0,2,289.867070107295,579.73414021459
574197,BENGALURU URBAN,1.0,1,274.951393610495,274.951393610495
576117,BENGALURU URBAN,1.0,5,278.900126169492,1394.5006308474601
574108,BENGALURU URBAN,1.0,2,286.298045009643,572.596090019286
574110,BENGALURU URBAN,1.0,4,291.917002660286,1167.668010641144
574236,BENGALURU URBAN,1.0,2,268.540663869425,537.08132773885
574260,BENGALURU URBAN,1.0,4,266.504717013512,1066.018868054048
574210,BENGALURU URBAN,1.0,2,257.622120947503,515.244241895006
574211,BENGALURU URBAN,1.0,10,268.24777520821,2682.4777520821
574212,BENGALURU URBAN,1.0,1,234.744311934892,234.744311934892
574214,BENGALURU URBAN,1.0,0,251.908648760451,0.0
574202,BENGALURU URBAN,1.0,7,243.927790853114,1707.494535971798
574216,BENGALURU URBAN,1.0,2,234.859564487189,469.719128974378
574217,BENGALURU URBAN,1.0,1,252.292248248023,252.292248248023
574220,BENGALURU URBAN,1.0,1,262.574214764911,262.574214764911
574221,BENGALURU URBAN,1.0,2,228.820894991925,457.64178998385
574224,BENGALURU URBAN,1.0,2,255.663183539239,511.326367078478
574323,BENGALURU URBAN,1.0,3,277.193996224666,831.581988673998
574259,BENGALURU URBAN,1.0,1,260.045143289897,260.045143289897
574231,BENGALURU URBAN,1.0,6,277.075459186881,1662.452755121286
574234,BENGALURU URBAN,1.0,2,230.869695656538,461.739391313076
574239,BENGALURU URBAN,1.0,10,241.640756581723,2416.40756581723
574240,BENGALURU URBAN,1.0,2,244.016739220917,488.033478441834
574241,BENGALURU URBAN,1.0,3,251.228344162835,753.6850324885049
574243,BENGALURU URBAN,1.0,2,269.763167072207,539.526334144414
574265,BENGALURU URBAN,1.0,2,264.717793866453,529.435587732906
577301,BENGALURU URBAN,1.0,14,225.632268668069,3158.851761352966
577213,BENGALURU URBAN,1.0,1,202.054099595017,202.054099595017
577227,BENGALURU URBAN,1.0,4,229.833670849508,919.334683398032
577233,BENGALURU URBAN,1.0,1,226.074288765314,226.074288765314
577221,BENGALURU URBAN,1.0,2,231.29230838632,462.58461677264
577552,BENGALURU URBAN,1.0,4,212.414781839373,849.659127357492
577401,BENGALURU URBAN,1.0,17,311.485715270774,5295.257159603158
577418,BENGALURU URBAN,1.0,2,322.058370140622,644.116740281244
577427,BENGALURU URBAN,1.0,2,279.145315624862,558.290631249724
577428,BENGALURU URBAN,1.0,3,303.432511611355,910.2975348340649
577414,BENGALURU URBAN,1.0,2,267.016064485734,534.032128971468
577214,BENGALURU URBAN,1.0,1,273.248126766835,273.248126766835
481661,24 PARAGANAS NORTH,1.0,11,475.114526435448,5226.259790789928
481880,24 PARAGANAS NORTH,1.0,3,295.285137394731,885.855412184193
481882,SOUTH,1.0,1,5100.91554914761,5100.91554914761
481665,HYDERABAD,1.0,1,599.154360072225,599.154360072225
462022,SOUTH,1.0,24,588.134274071202,14115.222577708846
462030,SOUTH,1.0,23,579.885574735163,13337.368218908749
462038,SOUTH,1.0,17,574.669318558015,9769.378415486255
464993,SOUTH,1.0,3,603.930719376861,1811.7921581305832
462010,SOUTH,1.0,10,576.066971575178,5760.669715751779
462044,SOUTH,1.0,5,592.195673786277,2960.978368931385
471001,SOUTH,1.0,15,464.773130875889,6971.596963138335
488220,SOUTH,1.0,1,502.18364367054,502.18364367054
471515,HYDERABAD,1.0,0,846.394720718336,0.0
471606,SOUTH,1.0,7,452.92014366302,3170.44100564114
471201,SOUTH,1.0,7,448.243885030119,3137.7071952108327
488001,SOUTH,1.0,2,523.676564673879,1047.353129347758
472001,HYDERABAD,1.0,2,621.452200869463,1242.904401738926
472442,SOUTH,1.0,2,558.312236410133,1116.624472820266
472336,SOUTH,1.0,4,403.618095005451,1614.472380021804
460001,MUMBAI SUBURBAN,1.0,8,191.555874073879,1532.446992591032
460551,HYDERABAD,1.0,3,504.21430521149,1512.64291563447
460004,HYDERABAD,1.0,3,488.359482047595,1465.078446142785
460663,HYDERABAD,1.0,1,480.173583129636,480.173583129636
460225,HYDERABAD,1.0,1,500.162888557284,500.162888557284
460661,SOUTH,1.0,2,374.744076920018,749.488153840036
460449,HYDERABAD,1.0,2,529.154012077374,1058.308024154748
480555,HYDERABAD,1.0,1,528.033709778618,528.033709778618
480449,HYDERABAD,1.0,6,529.385922718407,3176.3155363104415
480551,HYDERABAD,1.0,3,530.405375196681,1591.216125590043
480108,HYDERABAD,1.0,2,424.483976218915,848.96795243783
480334,HYDERABAD,1.0,4,527.514102283247,2110.056409132988
480441,HYDERABAD,1.0,1,593.114243673881,593.114243673881
480106,HYDERABAD,1.0,5,476.533758227546,2382.66879113773
480559,HYDERABAD,1.0,1,592.153953183447,592.153953183447
486006,SOUTH,1.0,1,601.371040259559,601.371040259559
486450,SOUTH,1.0,2,601.371040259559,1202.742080519118
486331,SOUTH,1.0,5,601.371040259559,3006.855201297795
486003,SOUTH,1.0,1,601.379353963846,601.379353963846
486448,SOUTH,1.0,1,601.371040259559,601.371040259559
485001,SOUTH,1.0,33,567.067629544119,18713.231774955926
485775,SOUTH,1.0,4,567.067629544119,2268.270518176476
485334,SOUTH,1.0,2,567.067629544119,1134.135259088238
485771,SOUTH,1.0,4,567.067629544119,2268.270518176476
485446,SOUTH,1.0,1,567.067629544119,567.067629544119
485881,24 PARAGANAS NORTH,1.0,0,797.037949040847,0.0
470661,SOUTH,1.0,17,567.038298347455,9639.651071906736
470775,SOUTH,1.0,3,530.454006198706,1591.362018596118
470675,SOUTH,1.0,1,550.320263470336,550.320263470336
470001,SOUTH,1.0,12,531.533077725106,6378.396932701271
470113,SOUTH,1.0,6,475.756512414104,2854.539074484624
470228,SOUTH,1.0,1,575.46237614502,575.46237614502
484001,24 PARAGANAS NORTH,1.0,9,691.593962300513,6224.345660704617
484224,24 PARAGANAS NORTH,1.0,3,691.668574800356,2075.005724401068
754204,24 PARAGANAS NORTH,1.0,2,330.002232566076,660.004465132152
754207,24 PARAGANAS NORTH,1.0,2,342.864156714111,685.728313428222
754202,24 PARAGANAS NORTH,1.0,3,344.102259459497,1032.3067783784911
754112,24 PARAGANAS NORTH,1.0,2,365.89514814117,731.79029628234
754100,24 PARAGANAS NORTH,1.0,2,360.84658995018,721.69317990036
753011,24 PARAGANAS NORTH,1.0,1,368.409647076109,368.409647076109
753008,24 PARAGANAS NORTH,1.0,13,366.287331880069,4761.735314440897
754130,24 PARAGANAS NORTH,1.0,1,357.758455660544,357.758455660544
755027,24 PARAGANAS NORTH,1.0,1,309.615485979756,309.615485979756
755026,24 PARAGANAS NORTH,1.0,3,317.923255651267,953.7697669538011
755007,24 PARAGANAS NORTH,1.0,2,303.774355456972,607.548710913944
755019,24 PARAGANAS NORTH,1.0,13,309.756815340216,4026.8385994228083
755028,24 PARAGANAS NORTH,1.0,2,337.891025226719,675.782050453438
755043,24 PARAGANAS NORTH,1.0,1,304.488386322022,304.488386322022
755016,24 PARAGANAS NORTH,1.0,1,294.349373415557,294.349373415557
754205,24 PARAGANAS NORTH,1.0,4,322.536219528244,1290.144878112976
754208,24 PARAGANAS NORTH,1.0,2,330.969794757397,661.939589514794
754214,24 PARAGANAS NORTH,1.0,1,316.790782123779,316.790782123779
754227,24 PARAGANAS NORTH,1.0,1,288.663449715733,288.663449715733
754215,24 PARAGANAS NORTH,1.0,7,311.95380944251,2183.67666609757
754212,24 PARAGANAS NORTH,1.0,4,321.59685141043,1286.38740564172
754200,24 PARAGANAS NORTH,1.0,1,275.099514199733,275.099514199733
754028,24 PARAGANAS NORTH,1.0,1,362.801697292137,362.801697292137
754037,24 PARAGANAS NORTH,1.0,1,428.499324188183,428.499324188183
754022,24 PARAGANAS NORTH,1.0,7,348.208881716685,2437.462172016795
754032,24 PARAGANAS NORTH,1.0,4,428.932952292526,1715.731809170104
754114,24 PARAGANAS NORTH,1.0,1,363.048771885346,363.048771885346
754294,24 PARAGANAS NORTH,1.0,1,369.574778146693,369.574778146693
754102,24 PARAGANAS NORTH,1.0,1,361.087169541414,361.087169541414
754106,24 PARAGANAS NORTH,1.0,1,362.075381285799,362.075381285799
754141,24 PARAGANAS NORTH,1.0,5,340.003590311228,1700.01795155614
754142,24 PARAGANAS NORTH,1.0,6,334.673003611011,2008.038021666066
754134,24 PARAGANAS NORTH,1.0,1,348.096508786874,348.096508786874
757055,24 PARAGANAS NORTH,1.0,1,166.505360943391,166.505360943391
757028,24 PARAGANAS NORTH,1.0,5,201.19400472523,1005.97002362615
757084,24 PARAGANAS NORTH,1.0,1,170.430395725338,170.430395725338
757107,24 PARAGANAS NORTH,1.0,2,187.210051775673,374.420103551346
757020,24 PARAGANAS NORTH,1.0,1,179.359671869811,179.359671869811
757003,24 PARAGANAS NORTH,1.0,1,196.165204989374,196.165204989374
757041,24 PARAGANAS NORTH,1.0,1,234.605624610057,234.605624610057
757037,24 PARAGANAS NORTH,1.0,5,279.201295809988,1396.00647904994
752031,24 PARAGANAS NORTH,1.0,1,472.020652575289,472.020652575289
752050,24 PARAGANAS NORTH,1.0,18,407.658646876509,7337.855643777162
752027,24 PARAGANAS NORTH,1.0,2,452.699203141685,905.39840628337
752057,24 PARAGANAS NORTH,1.0,1,405.989604785018,405.989604785018
752023,24 PARAGANAS NORTH,1.0,2,445.035334260557,890.070668521114
752077,24 PARAGANAS NORTH,1.0,1,436.342718862226,436.342718862226
752026,24 PARAGANAS NORTH,1.0,1,437.693888176962,437.693888176962
752065,24 PARAGANAS NORTH,1.0,1,428.222347365775,428.222347365775
752080,24 PARAGANAS NORTH,1.0,1,460.124475544229,460.124475544229
752002,24 PARAGANAS NORTH,1.0,7,422.425491822034,2956.978442754238
752014,24 PARAGANAS NORTH,1.0,3,417.752532355409,1253.257597066227
752104,24 PARAGANAS NORTH,1.0,6,401.512166349487,2409.072998096922
767039,HYDERABAD,1.0,1,573.17040732288,573.17040732288
767066,HYDERABAD,1.0,1,566.561700058524,566.561700058524
767025,24 PARAGANAS NORTH,1.0,2,594.750725407499,1189.501450814998
767002,24 PARAGANAS NORTH,1.0,1,546.335450691544,546.335450691544
767016,24 PARAGANAS NORTH,1.0,2,536.794606246237,1073.589212492474
767033,HYDERABAD,1.0,6,594.456890755092,3566.741344530552
759125,24 PARAGANAS NORTH,1.0,1,447.459397441824,447.459397441824
759143,24 PARAGANAS NORTH,1.0,2,406.904136656768,813.808273313536
759117,24 PARAGANAS NORTH,1.0,2,395.77449659832,791.54899319664
759123,24 PARAGANAS NORTH,1.0,1,398.098800182479,398.098800182479
759105,24 PARAGANAS NORTH,1.0,0,391.54210900283,0.0
759100,24 PARAGANAS NORTH,1.0,4,385.561906329085,1542.24762531634
759039,24 PARAGANAS NORTH,1.0,1,353.55550040003,353.55550040003
759015,24 PARAGANAS NORTH,1.0,1,387.750816180428,387.750816180428
759013,24 PARAGANAS NORTH,1.0,2,384.58055056695,769.1611011339
759025,24 PARAGANAS NORTH,1.0,11,375.84481163332,4134.2929279665195
759016,24 PARAGANAS NORTH,1.0,1,340.035657997524,340.035657997524
759018,24 PARAGANAS NORTH,1.0,1,361.76925034711,361.76925034711
759024,SOUTH,1.0,0,1202.33188214768,0.0
759121,24 PARAGANAS NORTH,1.0,2,384.353378134263,768.706756268526
759021,24 PARAGANAS NORTH,1.0,1,393.714820899593,393.714820899593
758021,24 PARAGANAS NORTH,1.0,1,285.687683160858,285.687683160858
758082,24 PARAGANAS NORTH,1.0,1,310.800825279794,310.800825279794
758041,24 PARAGANAS NORTH,1.0,1,309.356180453411,309.356180453411
758015,MUMBAI SUBURBAN,1.0,0,1396.22513607283,0.0
758027,BENGALURU URBAN,1.0,0,1295.28384640898,0.0
758023,24 PARAGANAS NORTH,1.0,1,273.811189849719,273.811189849719
758034,24 PARAGANAS NORTH,1.0,5,318.638455749564,1593.19227874782
758002,24 PARAGANAS NORTH,1.0,9,308.16273931799,2773.46465386191
758014,24 PARAGANAS NORTH,1.0,2,307.233511746211,614.467023492422
768027,24 PARAGANAS NORTH,1.0,2,500.884665388438,1001.769330776876
768038,24 PARAGANAS NORTH,1.0,2,508.930103735807,1017.860207471614
768029,24 PARAGANAS NORTH,1.0,1,482.962982293522,482.962982293522
768104,24 PARAGANAS NORTH,1.0,1,511.322884608243,511.322884608243
768052,24 PARAGANAS NORTH,1.0,1,518.235813991229,518.235813991229
768211,24 PARAGANAS NORTH,1.0,1,477.897476350501,477.897476350501
768217,24 PARAGANAS NORTH,1.0,1,480.134368490972,480.134368490972
768216,24 PARAGANAS NORTH,1.0,2,472.431961067676,944.863922135352
768204,24 PARAGANAS NORTH,1.0,4,462.600303670744,1850.401214682976
768212,24 PARAGANAS NORTH,1.0,1,471.719131653226,471.719131653226
768108,24 PARAGANAS NORTH,1.0,2,392.077072767279,784.154145534558
768005,24 PARAGANAS NORTH,1.0,4,472.28223842182,1889.12895368728
768119,24 PARAGANAS NORTH,1.0,1,402.280690927933,402.280690927933
768106,24 PARAGANAS NORTH,1.0,4,461.750107403292,1847.000429613168
768109,24 PARAGANAS NORTH,1.0,1,422.860319223209,422.860319223209
768200,24 PARAGANAS NORTH,1.0,1,472.794510051891,472.794510051891
769009,24 PARAGANAS NORTH,1.0,4,372.564434449733,1490.257737798932
770016,24 PARAGANAS NORTH,1.0,3,424.954251713087,1274.862755139261
770024,24 PARAGANAS NORTH,1.0,1,498.340487879902,498.340487879902
770019,24 PARAGANAS NORTH,1.0,1,460.612337322457,460.612337322457
770017,24 PARAGANAS NORTH,1.0,6,397.338847409355,2384.0330844561304
770002,24 PARAGANAS NORTH,1.0,3,447.426063953397,1342.2781918601909
770020,24 PARAGANAS NORTH,1.0,2,450.557339965187,901.114679930374
770014,24 PARAGANAS NORTH,1.0,1,448.869291798198,448.869291798198
770033,24 PARAGANAS NORTH,1.0,1,383.907641675401,383.907641675401
770038,24 PARAGANAS NORTH,1.0,2,369.626459027263,739.252918054526
770034,24 PARAGANAS NORTH,1.0,2,385.949543699386,771.899087398772
761108,24 PARAGANAS NORTH,1.0,1,529.408641642419,529.408641642419
761123,24 PARAGANAS NORTH,1.0,1,511.865609349444,511.865609349444
761121,24 PARAGANAS NORTH,1.0,1,492.309911524288,492.309911524288
761131,24 PARAGANAS NORTH,1.0,1,497.14869382173,497.14869382173
796009,24 PARAGANAS NORTH,1.0,9,451.137901189728,4060.241110707552
797103,24 PARAGANAS NORTH,1.0,7,630.869560622952,4416.086924360664
797106,24 PARAGANAS NORTH,1.0,1,634.086191132355,634.086191132355
797112,24 PARAGANAS NORTH,1.0,130,638.20852420921,82967.1081471973
798601,24 PARAGANAS NORTH,1.0,2,728.976792734368,1457.953585468736
798604,24 PARAGANAS NORTH,1.0,1,737.511859746607,737.511859746607
791001,24 PARAGANAS NORTH,1.0,12,867.884706709683,10414.616480516195
790001,24 PARAGANAS NORTH,1.0,1,661.01264754956,661.01264754956
791112,24 PARAGANAS NORTH,1.0,2,727.620016681708,1455.240033363416
792121,MUMBAI SUBURBAN,1.0,0,2496.87042224348,0.0
791125,24 PARAGANAS NORTH,1.0,1,839.611120365888,839.611120365888
792122,24 PARAGANAS NORTH,1.0,4,941.449760310437,3765.799041241748
791110,24 PARAGANAS NORTH,1.0,25,721.753746037337,18043.843650933424
792103,24 PARAGANAS NORTH,1.0,8,935.207289511141,7481.658316089128
791102,24 PARAGANAS NORTH,1.0,5,837.425120412154,4187.12560206077
791113,24 PARAGANAS NORTH,1.0,10,715.471813343773,7154.718133437729
791119,24 PARAGANAS NORTH,1.0,1,743.993097754286,743.993097754286
792110,24 PARAGANAS NORTH,1.0,3,941.463384175012,2824.3901525250362
792111,24 PARAGANAS NORTH,1.0,3,892.776822818936,2678.330468456808
792001,24 PARAGANAS NORTH,1.0,6,958.565377143265,5751.39226285959
791120,24 PARAGANAS NORTH,1.0,1,787.672418622643,787.672418622643
793106,24 PARAGANAS NORTH,1.0,1,387.334602283162,387.334602283162
793101,24 PARAGANAS NORTH,1.0,2,474.172487331886,948.344974663772
793150,24 PARAGANAS NORTH,1.0,9,519.454719185041,4675.092472665368
793200,24 PARAGANAS NORTH,1.0,1,485.248313425487,485.248313425487
794002,24 PARAGANAS NORTH,1.0,5,357.353381859464,1786.76690929732
794111,24 PARAGANAS NORTH,1.0,1,372.654265120167,372.654265120167
756046,24 PARAGANAS NORTH,1.0,1,241.83243702822,241.83243702822
756051,24 PARAGANAS NORTH,1.0,1,233.697962787499,233.697962787499
756025,24 PARAGANAS NORTH,1.0,1,205.674175787924,205.674175787924
756027,24 PARAGANAS NORTH,1.0,1,195.654835254752,195.654835254752
756056,24 PARAGANAS NORTH,1.0,3,214.656772889728,643.9703186691839
756019,24 PARAGANAS NORTH,1.0,5,214.578559745294,1072.8927987264701
756045,24 PARAGANAS NORTH,1.0,3,238.949301289966,716.847903869898
756002,24 PARAGANAS NORTH,1.0,5,201.670191875613,1008.350959378065
756026,24 PARAGANAS NORTH,1.0,1,165.848896538134,165.848896538134
756122,24 PARAGANAS NORTH,1.0,1,297.019688833618,297.019688833618
756116,24 PARAGANAS NORTH,1.0,1,276.333293821051,276.333293821051
756115,24 PARAGANAS NORTH,1.0,2,274.63388564686,549.26777129372
756125,24 PARAGANAS NORTH,1.0,3,251.086906905712,753.260720717136
756119,BENGALURU URBAN,1.0,0,1298.63876636,0.0
756181,24 PARAGANAS NORTH,1.0,5,273.459957839294,1367.29978919647
756121,24 PARAGANAS NORTH,1.0,1,288.179271453865,288.179271453865
756111,24 PARAGANAS NORTH,1.0,2,262.217677392924,524.435354785848
756126,24 PARAGANAS NORTH,1.0,1,251.751185335829,251.751185335829
756130,24 PARAGANAS NORTH,1.0,1,274.14511407039,274.14511407039
752109,24 PARAGANAS NORTH,1.0,1,381.742211645898,381.742211645898
752102,24 PARAGANAS NORTH,1.0,2,381.492419381664,762.984838763328
752103,24 PARAGANAS NORTH,1.0,5,381.211715444787,1906.058577223935
751003,24 PARAGANAS NORTH,1.0,74,384.814972853339,28476.307991147085
752106,24 PARAGANAS NORTH,1.0,1,386.618653337268,386.618653337268
751002,24 PARAGANAS NORTH,1.0,44,383.058829948484,16854.588517733297
754010,24 PARAGANAS NORTH,1.0,2,374.939758365084,749.879516730168
751024,24 PARAGANAS NORTH,1.0,79,381.693179668461,30153.761193808423
754001,24 PARAGANAS NORTH,1.0,5,374.645769398718,1873.2288469935902
754004,24 PARAGANAS NORTH,1.0,2,378.586664546325,757.17332909265
760002,24 PARAGANAS NORTH,1.0,19,537.347740997603,10209.607078954456
761010,24 PARAGANAS NORTH,1.0,1,559.704051707652,559.704051707652
761012,24 PARAGANAS NORTH,1.0,1,545.405544021841,545.405544021841
761008,24 PARAGANAS NORTH,1.0,1,545.034048734685,545.034048734685
760003,24 PARAGANAS NORTH,1.0,3,544.184773047321,1632.5543191419629
761209,24 PARAGANAS NORTH,1.0,1,576.979481745826,576.979481745826
761037,24 PARAGANAS NORTH,1.0,1,565.081179377113,565.081179377113
761003,24 PARAGANAS NORTH,1.0,1,522.733725522385,522.733725522385
761018,24 PARAGANAS NORTH,1.0,1,520.416918667658,520.416918667658
761206,HYDERABAD,1.0,1,591.458736648569,591.458736648569
761016,24 PARAGANAS NORTH,1.0,1,596.90741571714,596.90741571714
766002,HYDERABAD,1.0,1,573.555178483203,573.555178483203
766015,HYDERABAD,1.0,4,523.735776215851,2094.943104863404
766012,HYDERABAD,1.0,5,583.967253982373,2919.836269911865
766107,HYDERABAD,1.0,4,544.729537028026,2178.918148112104
766102,24 PARAGANAS NORTH,1.0,0,571.823608708508,0.0
766105,HYDERABAD,1.0,1,561.999378532598,561.999378532598
766029,HYDERABAD,1.0,1,538.377612675778,538.377612675778
764043,HYDERABAD,1.0,1,439.081470188893,439.081470188893
764002,HYDERABAD,1.0,2,457.256609796708,914.513219593416
764058,HYDERABAD,1.0,1,452.500382652781,452.500382652781
764044,HYDERABAD,1.0,2,385.110588328196,770.221176656392
764063,HYDERABAD,1.0,1,465.253809760581,465.253809760581
764059,HYDERABAD,1.0,3,480.244121038386,1440.732363115158
764003,HYDERABAD,1.0,1,456.858973822986,456.858973822986
764074,HYDERABAD,1.0,1,463.15957065276,463.15957065276
764073,HYDERABAD,1.0,3,463.785020313966,1391.355060941898
764037,HYDERABAD,1.0,1,373.515891198661,373.515891198661
764036,HYDERABAD,1.0,4,548.234347727127,2192.937390908508
764021,HYDERABAD,1.0,1,475.982669186256,475.982669186256
765022,HYDERABAD,1.0,6,593.936697961955,3563.6201877717303
765015,HYDERABAD,1.0,2,497.750192882005,995.50038576401
765025,HYDERABAD,1.0,1,596.408492346699,596.408492346699
765029,HYDERABAD,1.0,1,576.91724591194,576.91724591194
765002,HYDERABAD,1.0,4,542.289591845201,2169.158367380804
762014,24 PARAGANAS NORTH,1.0,3,476.614739525017,1429.844218575051
762029,24 PARAGANAS NORTH,1.0,1,505.755722601977,505.755722601977
140507,SOUTH,1.0,20,246.168785248867,4923.37570497734
140501,SOUTH,1.0,2,246.168785248867,492.337570497734
160102,MUMBAI SUBURBAN,1.0,0,1342.43537980626,0.0
140603,SOUTH,1.0,109,246.168785248867,26832.397592126505
140118,SOUTH,1.0,7,246.168785248867,1723.1814967420692
140126,SOUTH,1.0,4,283.557629097053,1134.230516388212
140413,SOUTH,1.0,2,283.557629097053,567.115258194106
140301,SOUTH,1.0,112,283.557629097053,31758.454458869935
140103,SOUTH,1.0,4,283.557629097053,1134.230516388212
140307,SOUTH,1.0,18,283.557629097053,5104.037323746954
140306,SOUTH,1.0,6,246.168785248867,1477.012711493202
140101,SOUTH,1.0,1,246.168785248867,246.168785248867
140124,SOUTH,1.0,3,246.168785248867,738.506355746601
140117,SOUTH,1.0,1,283.557629097053,283.557629097053
141007,SOUTH,1.0,7,300.812025443772,2105.684178106404
141008,SOUTH,1.0,11,303.778224398394,3341.560468382334
142032,SOUTH,1.0,1,286.888694032381,286.888694032381
142029,SOUTH,1.0,1,288.548522786004,288.548522786004
142022,SOUTH,1.0,16,294.859593645488,4717.753498327808
141109,SOUTH,1.0,2,280.459413765421,560.918827530842
141105,SOUTH,1.0,1,287.709066081224,287.709066081224
141421,HYDERABAD,1.0,4,639.828770689281,2559.315082757124
141116,SOUTH,1.0,2,291.581969326045,583.16393865209
141112,SOUTH,1.0,4,289.996689334778,1159.986757339112
141115,SOUTH,1.0,3,288.692052661143,866.0761579834291
141114,SOUTH,1.0,4,278.556132588626,1114.224530354504
147201,SOUTH,1.0,8,234.284972660535,1874.27978128428
147105,SOUTH,1.0,1,176.927500201274,176.927500201274
147101,SOUTH,1.0,2,198.638932897097,397.277865794194
147006,SOUTH,1.0,3,230.508362204955,691.525086614865
140412,SOUTH,1.0,2,251.185546894019,502.371093788038
147301,SOUTH,1.0,4,256.859106603623,1027.436426414492
140402,24 PARAGANAS NORTH,1.0,0,1463.01577468204,0.0
140406,SOUTH,1.0,3,249.41900621114,748.25701863342
148035,24 PARAGANAS NORTH,1.0,1,1249.75789957147,1249.75789957147
148031,SOUTH,1.0,1,202.342026546027,202.342026546027
148023,SOUTH,1.0,4,640.764175065254,2563.056700261016
148109,SOUTH,1.0,1,168.36940458544,168.36940458544
148028,HYDERABAD,1.0,5,523.707987041705,2618.539935208525
143102,SOUTH,1.0,4,442.715301578746,1770.861206314984
143202,SOUTH,1.0,1,393.276664611829,393.276664611829
143201,SOUTH,1.0,3,381.013900078849,1143.041700236547
143606,SOUTH,1.0,1,407.753763182681,407.753763182681
143105,SOUTH,1.0,6,416.746509816328,2500.479058897968
143109,SOUTH,1.0,1,431.137334183397,431.137334183397
143204,SOUTH,1.0,3,383.786873121803,1151.360619365409
143107,SOUTH,1.0,1,422.246479868848,422.246479868848
143022,HYDERABAD,1.0,0,1619.48461174803,0.0
143601,SOUTH,1.0,1,419.452380528141,419.452380528141
143112,SOUTH,1.0,2,383.666344150016,767.332688300032
143008,SOUTH,1.0,2,411.50222271572,823.00444543144
143116,SOUTH,1.0,2,396.613544481183,793.227088962366
143303,SOUTH,1.0,1,397.542731743229,397.542731743229
143411,SOUTH,1.0,1,384.518857551731,384.518857551731
143115,SOUTH,1.0,4,391.107396287166,1564.429585148664
143416,SOUTH,1.0,3,379.141810736632,1137.425432209896
151201,SOUTH,1.0,2,308.413735169598,616.827470339196
151505,SOUTH,1.0,1,240.854185226187,240.854185226187
151102,SOUTH,1.0,1,288.941545038892,288.941545038892
151301,SOUTH,1.0,5,277.388443344809,1386.942216724045
151103,SOUTH,1.0,5,271.554733480673,1357.773667403365
151302,SOUTH,1.0,2,288.519045350124,577.038090700248
151208,SOUTH,1.0,2,315.271767830523,630.543535661046
151202,SOUTH,1.0,1,311.417099487959,311.417099487959
151204,SOUTH,1.0,2,325.302440436904,650.604880873808
152113,SOUTH,1.0,1,304.867021232604,304.867021232604
152107,SOUTH,1.0,5,328.09439619114,1640.4719809557
152026,SOUTH,1.0,3,336.313388826328,1008.9401664789839
151212,SOUTH,1.0,1,348.121123200101,348.121123200101
142038,HYDERABAD,1.0,0,1523.04565830595,0.0
142053,SOUTH,1.0,2,312.225876925691,624.451753851382
152116,SOUTH,1.0,7,334.729823359778,2343.108763518446
152123,SOUTH,1.0,3,370.52298483614,1111.56895450842
152002,SOUTH,1.0,8,374.259885919352,2994.079087354816
152022,SOUTH,1.0,2,364.401575856576,728.803151713152
152024,SOUTH,1.0,1,366.429285257968,366.429285257968
142043,SOUTH,1.0,3,322.555962357398,967.667887072194
142044,SOUTH,1.0,1,361.289118429393,361.289118429393
152021,SOUTH,1.0,2,361.465002848832,722.930005697664
152004,SOUTH,1.0,1,302.647123749149,302.647123749149
142047,SOUTH,1.0,2,347.780366343249,695.560732686498
143602,SOUTH,1.0,1,436.871775404302,436.871775404302
143512,SOUTH,1.0,2,439.843744302942,879.687488605884
143516,SOUTH,1.0,10,407.141167997744,4071.41167997744
143532,SOUTH,1.0,1,341.005790489118,341.005790489118
143531,SOUTH,1.0,9,431.419077407005,3882.7716966630446
143533,SOUTH,1.0,1,429.926379397762,429.926379397762
145025,SOUTH,1.0,2,431.880926917066,863.761853834132
145101,SOUTH,1.0,2,432.669078142771,865.338156285542
145001,SOUTH,1.0,45,445.612383779278,20052.55727006751
145023,SOUTH,1.0,6,451.323749784931,2707.9424987095863
143534,SOUTH,1.0,1,442.838639101632,442.838639101632
143530,SOUTH,1.0,7,425.011466245222,2975.080263716554
146113,SOUTH,1.0,1,370.755917924139,370.755917924139
144207,SOUTH,1.0,1,391.712308864234,391.712308864234
144221,SOUTH,1.0,2,401.905951584377,803.811903168754
144305,SOUTH,1.0,1,439.446978133411,439.446978133411
144204,SOUTH,1.0,3,300.659279761186,901.977839283558
144521,SOUTH,1.0,4,309.704973533621,1238.819894134484
144523,SOUTH,1.0,1,393.811021895633,393.811021895633
144527,SOUTH,1.0,6,349.601711466497,2097.6102687989824
146107,SOUTH,1.0,1,391.712308864234,391.712308864234
146111,SOUTH,1.0,1,408.144323805907,408.144323805907
144529,SOUTH,1.0,1,250.680868847552,250.680868847552
144532,SOUTH,1.0,1,358.627254106267,358.627254106267
144524,SOUTH,1.0,1,358.481330415169,358.481330415169
144505,SOUTH,1.0,1,317.395712535972,317.395712535972
144418,SOUTH,1.0,2,317.982532088842,635.965064177684
144410,SOUTH,1.0,6,310.102135563904,1860.612813383424
144517,SOUTH,1.0,1,300.647010681359,300.647010681359
144102,SOUTH,1.0,9,370.723128465582,3336.508156190238
144002,SOUTH,1.0,6,356.979537473391,2141.877224840346
144302,SOUTH,1.0,2,339.055594838117,678.111189676234
144201,SOUTH,1.0,1,349.381430322669,349.381430322669
144008,SOUTH,1.0,13,348.266443637994,4527.463767293922
144026,SOUTH,1.0,4,350.332290492504,1401.329161970016
144621,SOUTH,1.0,7,379.965982172089,2659.7618752046233
144630,SOUTH,1.0,2,338.896081951307,677.792163902614
144701,SOUTH,1.0,1,346.72979668891,346.72979668891
144040,SOUTH,1.0,12,334.647791491858,4015.773497902296
144039,SOUTH,1.0,1,334.647935679016,334.647935679016
144702,SOUTH,1.0,2,362.857777218727,725.715554437454
144628,SOUTH,1.0,1,360.196716677722,360.196716677722
144407,SOUTH,1.0,7,341.982794858911,2393.879564012377
144405,SOUTH,1.0,11,330.439961293645,3634.839574230095
144032,SOUTH,1.0,2,330.439961293645,660.87992258729
144402,SOUTH,1.0,2,334.321406582569,668.642813165138
144411,SOUTH,1.0,1,335.037867237292,335.037867237292
305005,SOUTH,1.0,1,348.18924881775,348.18924881775
305003,SOUTH,1.0,2,348.058271340856,696.116542681712
305002,SOUTH,1.0,3,342.050545941857,1026.151637825571
305022,SOUTH,1.0,3,347.350959425406,1042.052878276218
305205,SOUTH,1.0,1,357.742774267242,357.742774267242
305801,SOUTH,1.0,15,304.973061433207,4574.595921498105
305802,SOUTH,1.0,1,367.224220052663,367.224220052663
305814,SOUTH,1.0,1,292.336978542216,292.336978542216
305901,SOUTH,1.0,21,391.912469857704,8230.161867011784
305624,SOUTH,1.0,3,383.941318035512,1151.823954106536
305623,SOUTH,1.0,1,386.244074965394,386.244074965394
305601,SOUTH,1.0,3,386.667570434281,1160.002711302843
305404,SOUTH,1.0,2,350.961956169322,701.923912338644
305403,SOUTH,1.0,1,350.378478497589,350.378478497589
311301,SOUTH,1.0,2,422.138192648605,844.27638529721
311021,SOUTH,1.0,1,393.457389194342,393.457389194342
311802,SOUTH,1.0,1,439.338921011584,439.338921011584
312615,MUMBAI SUBURBAN,1.0,1,553.374623514203,553.374623514203
312022,BENGALURU URBAN,1.0,0,1382.85905096113,0.0
323307,SOUTH,1.0,11,432.414771036476,4756.562481401236
312604,SOUTH,1.0,2,539.398664404426,1078.797328808852
312620,SOUTH,1.0,4,491.105261982927,1964.421047931708
312601,SOUTH,1.0,2,501.459128651005,1002.91825730201
312605,SOUTH,1.0,2,553.661589363634,1107.323178727268
327001,MUMBAI SUBURBAN,1.0,13,501.402724412035,6518.235417356455
327023,MUMBAI SUBURBAN,1.0,1,545.98975689363,545.98975689363
327027,MUMBAI SUBURBAN,1.0,1,548.41680197199,548.41680197199
314001,MUMBAI SUBURBAN,1.0,9,540.181943310594,4861.637489795346
314021,MUMBAI SUBURBAN,1.0,1,550.185636053619,550.185636053619
314031,MUMBAI SUBURBAN,1.0,6,518.260121094248,3109.560726565488
314036,MUMBAI SUBURBAN,1.0,0,537.14252679105,0.0
314027,MUMBAI SUBURBAN,1.0,1,510.98566169706,510.98566169706
314406,MUMBAI SUBURBAN,1.0,1,501.207142284588,501.207142284588
314038,MUMBAI SUBURBAN,1.0,1,543.520026194485,543.520026194485
314025,MUMBAI SUBURBAN,1.0,4,516.671727630188,2066.686910520752
326001,SOUTH,1.0,8,530.061203093998,4240.489624751984
326022,SOUTH,1.0,1,485.916289827298,485.916289827298
326502,SOUTH,1.0,1,467.107065224104,467.107065224104
326023,SOUTH,1.0,2,457.886361786876,915.772723573752
326512,SOUTH,1.0,1,472.473683667432,472.473683667432
326034,SOUTH,1.0,1,503.907093794804,503.907093794804
326036,SOUTH,1.0,1,465.406477360899,465.406477360899
326513,SOUTH,1.0,1,504.426873796427,504.426873796427
325209,SOUTH,1.0,11,387.445653705165,4261.902190756815
325202,SOUTH,1.0,3,394.851754714468,1184.555264143404
325218,SOUTH,1.0,1,403.341432244084,403.341432244084
325205,SOUTH,1.0,8,388.408511932327,3107.268095458616
325220,SOUTH,1.0,2,435.820981092564,871.641962185128
325221,SOUTH,1.0,1,445.876980042676,445.876980042676
326519,SOUTH,1.0,3,453.241084627802,1359.723253883406
325219,SOUTH,1.0,1,415.487898432626,415.487898432626
323301,SOUTH,1.0,1,365.686990771557,365.686990771557
323603,SOUTH,1.0,1,370.40838738755,370.40838738755
323022,SOUTH,1.0,1,423.168500610305,423.168500610305
304001,SOUTH,1.0,13,166.21144253454,2160.74875294902
304022,SOUTH,1.0,2,269.688564122798,539.377128245596
304804,SOUTH,1.0,3,338.4661115425,1015.3983346275
304021,SOUTH,1.0,3,260.574262966284,781.722788898852
304801,SOUTH,1.0,1,172.689101055966,172.689101055966
304505,SOUTH,1.0,1,313.143133995688,313.143133995688
313324,SOUTH,1.0,8,516.71917783006,4133.75342264048
305921,SOUTH,1.0,1,430.506882046689,430.506882046689
313301,SOUTH,1.0,5,498.847585065851,2494.2379253292547
313329,SOUTH,1.0,1,492.87593368668,492.87593368668
313011,SOUTH,1.0,2,540.926797071178,1081.853594142356
313603,SOUTH,1.0,2,528.77096318561,1057.54192637122
313205,SOUTH,1.0,2,520.25227691024,1040.50455382048
313705,SOUTH,1.0,1,557.26912239146,557.26912239146
313201,SOUTH,1.0,1,537.880622181427,537.880622181427
313803,MUMBAI SUBURBAN,1.0,1,552.214822897362,552.214822897362
313701,MUMBAI SUBURBAN,1.0,1,556.19021115158,556.19021115158
313001,SOUTH,1.0,151,567.22710666434,85651.29310631534
313024,SOUTH,1.0,2,552.261286209628,1104.522572419256
301001,SOUTH,1.0,68,116.210912150059,7902.342026204012
301019,SOUTH,1.0,45,48.34028631616,2175.3128842272
321605,SOUTH,1.0,2,136.646100527601,273.292201055202
301406,SOUTH,1.0,1,139.342040372798,139.342040372798
301025,SOUTH,1.0,1,98.7751167895215,98.7751167895215
301408,SOUTH,1.0,1,151.423727703081,151.423727703081
301707,SOUTH,1.0,2,65.9256904492549,131.8513808985098
301410,SOUTH,1.0,1,173.962888749851,173.962888749851
301701,SOUTH,1.0,4,101.384018097645,405.53607239058
301404,SOUTH,1.0,3,105.644235725347,316.932707176041
301706,SOUTH,1.0,1,9.49050471526557,9.49050471526557
321001,SOUTH,1.0,19,155.343948843659,2951.535028029521
321026,SOUTH,1.0,1,153.725999756546,153.725999756546
321302,SOUTH,1.0,1,166.492457677255,166.492457677255
321203,SOUTH,1.0,2,110.847515375886,221.695030751772
321022,SOUTH,1.0,1,89.6094998014534,89.6094998014534
321201,SOUTH,1.0,1,137.923838162933,137.923838162933
321602,SOUTH,1.0,10,138.437057848837,1384.3705784883698
328001,SOUTH,1.0,6,205.218492168164,1231.3109530089841
321411,SOUTH,1.0,1,183.231879041271,183.231879041271
328024,SOUTH,1.0,1,195.743806314123,195.743806314123
321404,SOUTH,1.0,0,172.609485980752,0.0
328027,SOUTH,1.0,1,193.76657837653,193.76657837653
302031,SOUTH,1.0,3,225.681946370407,677.045839111221
302027,SOUTH,1.0,6,325.925255632396,1955.551533794376
302012,SOUTH,1.0,86,227.28699779023,19546.68180995978
302022,SOUTH,1.0,7,241.498423593572,1690.488965155004
303303,SOUTH,1.0,5,204.646520475307,1023.2326023765349
303313,SOUTH,1.0,1,180.901198608585,180.901198608585
321609,SOUTH,1.0,0,158.78272148756,0.0
303509,SOUTH,1.0,1,6137.07805022099,6137.07805022099
303604,SOUTH,1.0,2,348.954210186067,697.908420372134
303007,SOUTH,1.0,6,348.954210186067,2093.7252611164017
303706,SOUTH,1.0,1,231.648313597201,231.648313597201
303338,SOUTH,1.0,2,267.135202637767,534.270405275534
303603,SOUTH,1.0,1,231.523448410445,231.523448410445
303002,SOUTH,1.0,3,173.926691073697,521.780073221091
303704,SOUTH,1.0,2,62.4194065301446,124.8388130602892
303108,SOUTH,1.0,3,290.130605297329,870.391815891987
322201,SOUTH,1.0,3,186.027249374116,558.081748122348
322230,SOUTH,1.0,5,194.10420174062,970.5210087031
322241,SOUTH,1.0,2,222.470950254101,444.941900508202
322234,SOUTH,1.0,1,205.658826181788,205.658826181788
321611,SOUTH,1.0,1,184.874462873309,184.874462873309
322001,SOUTH,1.0,12,288.180865868382,3458.170390420584
344001,SOUTH,1.0,6,651.659551836017,3909.9573110161023
344022,SOUTH,1.0,4,576.366709703788,2305.466838815152
334001,SOUTH,1.0,43,397.209067638365,17079.989908449694
331803,SOUTH,1.0,2,383.928865614815,767.85773122963
334302,SOUTH,1.0,1,442.833716450273,442.833716450273
334022,SOUTH,1.0,1,375.705585324082,375.705585324082
331001,SOUTH,1.0,12,223.727035940289,2684.724431283468
331301,24 PARAGANAS NORTH,1.0,0,1435.57115530316,0.0
331023,SOUTH,1.0,2,186.17265256383,372.34530512766
331403,SOUTH,1.0,8,257.095380445745,2056.76304356596
331701,SOUTH,1.0,4,201.640127425402,806.560509701608
331304,SOUTH,1.0,4,208.86291030395,835.4516412158
331022,SOUTH,1.0,3,271.734171490835,815.2025144725051
333026,SOUTH,1.0,10,154.510914294367,1545.1091429436701
333023,SOUTH,1.0,4,176.703663078631,706.814652314524
333502,SOUTH,1.0,1,130.670317918211,130.670317918211
333503,SOUTH,1.0,1,143.19199863063,143.19199863063
333031,SOUTH,1.0,17,155.461698971398,2642.848882513766
333029,SOUTH,1.0,5,146.583832444914,732.9191622245701
333001,SOUTH,1.0,9,186.749929233495,1680.7493631014552
333701,SOUTH,1.0,2,206.552649032331,413.105298064662
333304,SOUTH,1.0,1,201.766293276528,201.766293276528
333041,SOUTH,1.0,1,198.021855980187,198.021855980187
345001,SOUTH,1.0,7,646.344163327612,4524.409143293284
345024,SOUTH,1.0,2,646.344102257333,1292.688204514666
345021,SOUTH,1.0,3,646.34367476612,1939.03102429836
342027,SOUTH,1.0,2,469.933277636137,939.866555272274
342037,SOUTH,1.0,3,441.363433777372,1324.090301332116
342303,SOUTH,1.0,1,469.246038385037,469.246038385037
342015,SOUTH,1.0,2,462.605899523532,925.211799047064
342025,SOUTH,1.0,1,533.013228291463,533.013228291463
341303,SOUTH,1.0,3,289.461340117034,868.384020351102
341503,SOUTH,1.0,1,396.360471566109,396.360471566109
341304,SOUTH,1.0,1,239.217781972208,239.217781972208
341305,SOUTH,1.0,1,309.196984928283,309.196984928283
341001,SOUTH,1.0,16,378.905954215626,6062.495267450016
341502,SOUTH,1.0,1,300.102438811007,300.102438811007
342902,SOUTH,1.0,1,489.067646429431,489.067646429431
341505,SOUTH,1.0,3,284.306651315707,852.9199539471209
341511,SOUTH,1.0,0,381.213324540121,0.0
341510,SOUTH,1.0,1,377.693733696849,377.693733696849
306021,SOUTH,1.0,1,357.246852076773,357.246852076773
306705,SOUTH,1.0,0,530.00770780958,0.0
306401,SOUTH,1.0,13,514.586620906673,6689.62607178675
627109,BENGALURU URBAN,1.0,2,509.602001006118,1019.204002012236
627111,BENGALURU URBAN,1.0,2,522.279241885905,1044.55848377181
627114,BENGALURU URBAN,1.0,3,530.318559737135,1590.9556792114051
627657,BENGALURU URBAN,1.0,3,510.094741867243,1530.2842256017288
627116,BENGALURU URBAN,1.0,3,523.232671137269,1569.698013411807
627117,BENGALURU URBAN,1.0,6,502.527856823424,3015.167140940544
627010,BENGALURU URBAN,1.0,1,471.092880715888,471.092880715888
627011,BENGALURU URBAN,1.0,24,470.908370889914,11301.800901357936
627007,BENGALURU URBAN,1.0,10,477.464049586273,4774.64049586273
627006,BENGALURU URBAN,1.0,4,470.418297064757,1881.673188259028
628617,BENGALURU URBAN,1.0,1,488.997496668985,488.997496668985
628704,BENGALURU URBAN,1.0,1,502.706137763808,502.706137763808
628802,BENGALURU URBAN,1.0,1,481.648114510079,481.648114510079
628205,BENGALURU URBAN,1.0,2,492.540099231012,985.080198462024
628206,BENGALURU URBAN,1.0,1,494.290877173653,494.290877173653
628203,BENGALURU URBAN,1.0,1,505.026961802264,505.026961802264
628008,BENGALURU URBAN,1.0,12,464.59406024013,5575.12872288156
628002,BENGALURU URBAN,1.0,13,456.811157897366,5938.545052665758
628103,BENGALURU URBAN,1.0,7,471.853328868374,3302.973302078618
628251,BENGALURU URBAN,1.0,1,472.786392174841,472.786392174841
628001,BENGALURU URBAN,1.0,8,461.278120385538,3690.224963084304
626106,BENGALURU URBAN,1.0,2,368.125852176329,736.251704352658
626113,BENGALURU URBAN,1.0,1,388.610949293484,388.610949293484
626129,BENGALURU URBAN,1.0,2,379.721033521889,759.442067043778
626102,BENGALURU URBAN,1.0,2,394.285553915124,788.571107830248
626111,BENGALURU URBAN,1.0,1,397.742504516288,397.742504516288
626142,BENGALURU URBAN,1.0,1,393.246622014593,393.246622014593
626138,BENGALURU URBAN,1.0,1,373.375991486953,373.375991486953
626189,BENGALURU URBAN,1.0,1,391.957575522794,391.957575522794
626130,BENGALURU URBAN,1.0,4,386.33429754536,1545.33719018144
626203,BENGALURU URBAN,1.0,6,394.602926768826,2367.6175606129564
626003,BENGALURU URBAN,1.0,3,382.824842795578,1148.474528386734
608601,BENGALURU URBAN,1.0,2,271.740015176996,543.480030353992
608002,BENGALURU URBAN,1.0,9,284.913834866691,2564.224513800219
608301,BENGALURU URBAN,1.0,2,284.569880277451,569.139760554902
607802,BENGALURU URBAN,1.0,3,291.271535280905,873.8146058427151
608704,MUMBAI SUBURBAN,1.0,0,1119.65487327896,0.0
608702,BENGALURU URBAN,1.0,0,268.403032725272,0.0
608401,BENGALURU URBAN,1.0,1,288.124856573714,288.124856573714
607003,BENGALURU URBAN,1.0,3,271.60771703063,814.8231510918899
607302,BENGALURU URBAN,1.0,0,271.341530328812,0.0
607104,BENGALURU URBAN,1.0,1,253.924611111193,253.924611111193
607105,BENGALURU URBAN,1.0,2,260.306108102978,520.612216205956
607106,BENGALURU URBAN,1.0,3,256.643454763115,769.9303642893451
639136,BENGALURU URBAN,1.0,3,215.65992174581,646.97976523743
639004,BENGALURU URBAN,1.0,4,223.953303226801,895.813212907204
639113,BENGALURU URBAN,1.0,2,213.373612790307,426.747225580614
639114,BENGALURU URBAN,1.0,2,226.58012799568,453.16025599136
639003,BENGALURU URBAN,1.0,1,231.799322830085,231.799322830085
621305,BENGALURU URBAN,1.0,2,289.323174993925,578.64634998785
621306,BENGALURU URBAN,1.0,2,278.792128260232,557.584256520464
639107,BENGALURU URBAN,1.0,1,247.962384181475,247.962384181475
639110,BENGALURU URBAN,1.0,1,257.917870065019,257.917870065019
612601,BENGALURU URBAN,1.0,4,309.726910755993,1238.907643023972
612001,BENGALURU URBAN,1.0,22,293.440955341224,6455.701017506928
612602,BENGALURU URBAN,1.0,1,299.948278057318,299.948278057318
612603,BENGALURU URBAN,1.0,1,318.875026114612,318.875026114612
612204,BENGALURU URBAN,1.0,3,298.542996465428,895.628989396284
612103,BENGALURU URBAN,1.0,1,294.60849410648,294.60849410648
610107,BENGALURU URBAN,1.0,2,313.15776277528,626.31552555056
612501,BENGALURU URBAN,1.0,2,284.372371964681,568.744743929362
609807,BENGALURU URBAN,1.0,2,291.925040264476,583.850080528952
609403,BENGALURU URBAN,1.0,3,319.951307210107,959.8539216303211
609202,BENGALURU URBAN,1.0,6,292.251671986836,1753.510031921016
609003,BENGALURU URBAN,1.0,5,303.694129684409,1518.470648422045
609405,BENGALURU URBAN,1.0,1,316.798219682904,316.798219682904
609307,BENGALURU URBAN,1.0,3,325.132911898016,975.398735694048
609602,BENGALURU URBAN,1.0,18,250.924382831183,4516.638890961294
611104,BENGALURU URBAN,1.0,1,333.967832264475,333.967832264475
611105,BENGALURU URBAN,1.0,2,338.033196965247,676.066393930494
611002,BENGALURU URBAN,1.0,1,335.508812328552,335.508812328552
611108,BENGALURU URBAN,1.0,1,340.972002054714,340.972002054714
609605,BENGALURU URBAN,1.0,3,331.055819216742,993.167457650226
611110,BENGALURU URBAN,1.0,5,354.625259260174,1773.12629630087
611111,SOUTH,1.0,0,2000.75651131153,0.0
610104,BENGALURU URBAN,1.0,1,326.579069400999,326.579069400999
610105,BENGALURU URBAN,1.0,5,318.52626414161,1592.63132070805
614901,BENGALURU URBAN,1.0,1,328.032495157225,328.032495157225
614903,BENGALURU URBAN,1.0,1,333.677758040981,333.677758040981
614904,BENGALURU URBAN,1.0,2,301.593275949791,603.186551899582
614602,BENGALURU URBAN,1.0,1,338.998333395415,338.998333395415
614625,BENGALURU URBAN,1.0,1,314.272314877183,314.272314877183
614803,BENGALURU URBAN,1.0,1,339.754666984139,339.754666984139
614703,BENGALURU URBAN,1.0,1,355.736723749848,355.736723749848
614704,BENGALURU URBAN,1.0,1,350.422928839659,350.422928839659
614706,BENGALURU URBAN,1.0,1,353.285371974828,353.285371974828
614810,BENGALURU URBAN,1.0,1,375.098164061079,375.098164061079
614616,BENGALURU URBAN,1.0,1,344.167454828399,344.167454828399
622002,BENGALURU URBAN,1.0,2,310.144720754938,620.289441509876
621316,BENGALURU URBAN,1.0,5,284.924737069276,1424.62368534638
621103,SOUTH,1.0,0,1916.74654834044,0.0
621113,BENGALURU URBAN,1.0,1,245.937082183842,245.937082183842
621220,BENGALURU URBAN,1.0,1,235.537604284391,235.537604284391
621105,BENGALURU URBAN,1.0,1,251.823142562988,251.823142562988
621208,BENGALURU URBAN,1.0,1,231.701523827985,231.701523827985
621211,BENGALURU URBAN,1.0,7,232.901207370086,1630.308451590602
621111,BENGALURU URBAN,1.0,1,259.845488581678,259.845488581678
621215,BENGALURU URBAN,1.0,5,225.195898127414,1125.97949063707
620005,BENGALURU URBAN,1.0,6,263.9571888653,1583.7431331918
621002,BENGALURU URBAN,1.0,1,222.094878620422,222.094878620422
621014,BENGALURU URBAN,1.0,2,234.64600996748,469.29201993496
621008,BENGALURU URBAN,1.0,3,225.272670319302,675.8180109579059
614001,BENGALURU URBAN,1.0,11,323.077790421332,3553.855694634652
614101,BENGALURU URBAN,1.0,2,327.594652297244,655.189304594488
614014,BENGALURU URBAN,1.0,1,320.370669763304,320.370669763304
614015,BENGALURU URBAN,1.0,1,333.188907890947,333.188907890947
614103,BENGALURU URBAN,1.0,6,321.233249664684,1927.399497988104
614018,BENGALURU URBAN,1.0,1,323.224840361963,323.224840361963
614401,BENGALURU URBAN,1.0,1,303.604580893946,303.604580893946
614204,BENGALURU URBAN,1.0,1,289.463578909253,289.463578909253
613001,BENGALURU URBAN,1.0,9,293.344920253028,2640.1042822772524
613402,BENGALURU URBAN,1.0,1,292.665176040981,292.665176040981
613006,BENGALURU URBAN,1.0,8,299.430102822529,2395.440822580232
621704,BENGALURU URBAN,1.0,2,260.13329951698,520.26659903396
621802,BENGALURU URBAN,1.0,1,274.739127926118,274.739127926118
621651,BENGALURU URBAN,1.0,1,260.168534265246,260.168534265246
621712,BENGALURU URBAN,1.0,1,262.638768233719,262.638768233719
621715,BENGALURU URBAN,1.0,1,275.50770629257,275.50770629257
621804,BENGALURU URBAN,1.0,1,263.387139344031,263.387139344031
621218,BENGALURU URBAN,1.0,4,267.135256283289,1068.541025133156
620101,BENGALURU URBAN,1.0,8,255.968654839201,2047.749238713608
620015,BENGALURU URBAN,1.0,1,274.981457670583,274.981457670583
620016,HYDERABAD,1.0,0,744.887082932474,0.0
620009,BENGALURU URBAN,1.0,2,267.112454022805,534.22490804561
620102,BENGALURU URBAN,1.0,8,262.941047741141,2103.528381929128
620013,BENGALURU URBAN,1.0,5,271.037732320542,1355.18866160271
620007,BENGALURU URBAN,1.0,7,276.232114345061,1933.624800415427
607202,BENGALURU URBAN,1.0,4,219.539897471763,878.159589887052
607201,BENGALURU URBAN,1.0,1,217.963195520281,217.963195520281
606203,BENGALURU URBAN,1.0,1,207.997411712751,207.997411712751
606207,BENGALURU URBAN,1.0,1,191.594210150409,191.594210150409
605752,BENGALURU URBAN,1.0,1,212.078329652274,212.078329652274
605754,BENGALURU URBAN,1.0,1,193.417448337887,193.417448337887
605766,BENGALURU URBAN,1.0,2,212.236398462132,424.472796924264
605759,BENGALURU URBAN,1.0,1,215.64200847598,215.64200847598
606003,BENGALURU URBAN,1.0,1,250.93794031701,250.93794031701
606106,BENGALURU URBAN,1.0,1,232.921128179036,232.921128179036
283202,SOUTH,1.0,2,170.297160608015,340.59432121603
272153,SOUTH,1.0,1,574.343614177346,574.343614177346
282007,SOUTH,1.0,53,163.744325854163,8678.44927027064
282006,SOUTH,1.0,8,167.253815169382,1338.030521355056
283101,SOUTH,1.0,1,155.423670139305,155.423670139305
283105,SOUTH,1.0,2,166.768700497317,333.537400994634
282009,SOUTH,1.0,2,172.856418193964,345.712836387928
283119,SOUTH,1.0,1,181.047333698821,181.047333698821
283121,SOUTH,1.0,1,184.144817119359,184.144817119359
283125,SOUTH,1.0,1,188.766745733705,188.766745733705
202001,SOUTH,1.0,85,108.202468381698,9197.20981244433
202122,SOUTH,1.0,1,105.568206563842,105.568206563842
202002,SOUTH,1.0,22,108.202468381698,2380.454304397356
246761,SOUTH,1.0,9,110.084346751925,990.7591207673249
202123,SOUTH,1.0,2,95.9970672423974,191.9941344847948
285001,SOUTH,1.0,29,99.8007188082597,2894.2208454395313
204102,SOUTH,1.0,3,131.133038561873,393.399115685619
204101,SOUTH,1.0,9,538.890782829181,4850.0170454626295
202124,SOUTH,1.0,1,115.285775787559,115.285775787559
202281,SOUTH,1.0,1,118.72906554918,118.72906554918
202137,SOUTH,1.0,7,70.3266708449834,492.2866959148838
202138,SOUTH,1.0,1,92.9417328310097,92.9417328310097
203131,SOUTH,1.0,12,89.4215546586342,1073.0586559036103
204213,SOUTH,1.0,1,130.371565369291,130.371565369291
204214,SOUTH,1.0,1,613.444937358501,613.444937358501
204216,SOUTH,1.0,1,124.309037913138,124.309037913138
204215,SOUTH,1.0,3,139.694401547598,419.08320464279404
202165,SOUTH,1.0,1,76.9375515322531,76.9375515322531
203001,SOUTH,1.0,19,64.1278239936415,1218.4286558791885
203408,SOUTH,1.0,1,58.0645569049928,58.0645569049928
203394,SOUTH,1.0,3,83.8739738897354,251.6219216692062
262122,SOUTH,1.0,1,275.184361218658,275.184361218658
203411,SOUTH,1.0,2,65.5377399200566,131.0754798401132
203150,SOUTH,1.0,1,78.7053043010939,78.7053043010939
203205,SOUTH,1.0,1,46.8152629971595,46.8152629971595
203412,SOUTH,1.0,1,79.6339142807082,79.6339142807082
203201,SOUTH,1.0,4,42.5060590082996,170.0242360331984
203392,SOUTH,1.0,3,105.578355689491,316.73506706847303
203393,SOUTH,1.0,1,107.376538918577,107.376538918577
203202,SOUTH,1.0,2,42.2287846141403,84.4575692282806
203135,SOUTH,1.0,2,47.1524157680229,94.3048315360458
306306,SOUTH,1.0,1,455.025686882489,455.025686882489
306104,SOUTH,1.0,2,453.712575993544,907.425151987088
306902,SOUTH,1.0,1,554.085014885352,554.085014885352
332001,SOUTH,1.0,26,227.01910284366,5902.49667393516
307001,SOUTH,1.0,16,608.88531386298,9742.16502180768
332316,SOUTH,1.0,2,210.063229613627,420.126459227254
332301,SOUTH,1.0,4,204.032064768111,816.128259072444
332023,SOUTH,1.0,1,232.987600996899,232.987600996899
332311,SOUTH,1.0,4,223.87030821612,895.48123286448
332027,SOUTH,1.0,1,212.176052777423,212.176052777423
331024,SOUTH,1.0,1,217.748026901157,217.748026901157
332317,SOUTH,1.0,0,238.090436047059,0.0
332030,SOUTH,1.0,1,262.842144944581,262.842144944581
332715,SOUTH,1.0,6,197.171161018767,1183.0269661126022
332713,SOUTH,1.0,3,169.313166392137,507.939499176411
332714,SOUTH,1.0,1,176.171661269662,176.171661269662
343001,SOUTH,1.0,5,584.995329305555,2924.976646527775
307029,SOUTH,1.0,3,567.220664199766,1701.6619925992982
343029,SOUTH,1.0,2,617.097114892123,1234.194229784246
343041,MUMBAI SUBURBAN,1.0,3,630.044495154904,1890.133485464712
307501,MUMBAI SUBURBAN,1.0,1,610.08740464854,610.08740464854
307026,MUMBAI SUBURBAN,1.0,12,596.062030031293,7152.744360375516
307802,SOUTH,1.0,1,620.412032124764,620.412032124764
307023,SOUTH,1.0,1,606.349443560508,606.349443560508
307510,MUMBAI SUBURBAN,1.0,2,598.430446314793,1196.860892629586
335511,SOUTH,1.0,1,208.776785353379,208.776785353379
335523,SOUTH,1.0,4,264.748133879404,1058.992535517616
335001,SOUTH,1.0,23,357.56667809071,8224.03359608633
335041,SOUTH,1.0,1,372.917671436435,372.917671436435
335051,SOUTH,1.0,1,383.271917977776,383.271917977776
335062,SOUTH,1.0,1,346.166477171575,346.166477171575
335073,SOUTH,1.0,1,391.346801759645,391.346801759645
335805,SOUTH,1.0,4,306.985100534689,1227.940402138756
335804,SOUTH,1.0,1,328.545969715586,328.545969715586
631003,BENGALURU URBAN,1.0,6,225.604015303488,1353.624091820928
632514,BENGALURU URBAN,1.0,1,182.360616010409,182.360616010409
631102,BENGALURU URBAN,1.0,3,226.910833199369,680.732499598107
631151,MUMBAI SUBURBAN,1.0,0,988.692686303158,0.0
632503,BENGALURU URBAN,1.0,4,192.341333210291,769.365332841164
632404,BENGALURU URBAN,1.0,4,191.979933417516,767.919733670064
632512,BENGALURU URBAN,1.0,1,189.252946666634,189.252946666634
632521,BENGALURU URBAN,1.0,1,188.324562119848,188.324562119848
632513,BENGALURU URBAN,1.0,5,139.702128224222,698.51064112111
603301,BENGALURU URBAN,1.0,1,302.926122552676,302.926122552676
603102,BENGALURU URBAN,1.0,11,277.283689146394,3050.120580610334
603203,BENGALURU URBAN,1.0,18,261.891669769954,4714.050055859172
603305,SOUTH,1.0,0,1802.07063606654,0.0
603306,BENGALURU URBAN,1.0,3,283.339760405864,850.019281217592
603105,BENGALURU URBAN,1.0,1,259.093951229425,259.093951229425
603308,BENGALURU URBAN,1.0,1,261.891429357342,261.891429357342
603108,BENGALURU URBAN,1.0,1,261.891068738706,261.891068738706
603204,BENGALURU URBAN,1.0,13,261.996882708157,3405.9594752060407
603109,BENGALURU URBAN,1.0,4,270.906434786125,1083.6257391445
631502,BENGALURU URBAN,1.0,17,234.702839054154,3989.948263920618
631552,BENGALURU URBAN,1.0,3,230.271528271605,690.814584814815
602108,BENGALURU URBAN,1.0,1,255.767822593437,255.767822593437
602105,BENGALURU URBAN,1.0,26,255.137623001473,6633.578198038298
631604,BENGALURU URBAN,1.0,1,248.701867472215,248.701867472215
631204,BENGALURU URBAN,1.0,4,251.450257565921,1005.801030263684
602002,BENGALURU URBAN,1.0,6,254.829501201978,1528.9770072118679
631402,BENGALURU URBAN,1.0,2,243.398862057252,486.797724114504
601102,BENGALURU URBAN,1.0,2,274.642641665863,549.285283331726
602024,BENGALURU URBAN,1.0,29,278.815373220301,8085.64582338873
602026,BENGALURU URBAN,1.0,3,260.406798933406,781.2203968002179
605007,BENGALURU URBAN,1.0,21,263.991741510443,5543.826571719303
605101,BENGALURU URBAN,1.0,4,266.49919849184,1065.99679396736
607402,BENGALURU URBAN,1.0,13,266.581295671867,3465.556843734271
605004,BENGALURU URBAN,1.0,21,267.600797500474,5619.616747509955
605009,BENGALURU URBAN,1.0,21,262.137435158327,5504.886138324867
605110,BENGALURU URBAN,1.0,9,264.555447792032,2380.999030128288
607403,HYDERABAD,1.0,0,612.840106060906,0.0
604303,BENGALURU URBAN,1.0,5,265.249614373327,1326.248071866635
604306,BENGALURU URBAN,1.0,1,225.299593691296,225.299593691296
605103,BENGALURU URBAN,1.0,4,239.674626196173,958.698504784692
605108,BENGALURU URBAN,1.0,1,246.548373118674,246.548373118674
605652,24 PARAGANAS NORTH,1.0,0,1514.58366838283,0.0
600058,BENGALURU URBAN,1.0,25,277.866144865108,6946.653621627701
601101,BENGALURU URBAN,1.0,5,270.288242968891,1351.4412148444549
601201,BENGALURU URBAN,1.0,8,290.379907872262,2323.039262978096
601206,BENGALURU URBAN,1.0,1,267.921627656429,267.921627656429
600099,MUMBAI SUBURBAN,1.0,100,727.472791302914,72747.2791302914
600103,BENGALURU URBAN,1.0,6,289.091903353124,1734.5514201187439
601203,BENGALURU URBAN,1.0,6,291.065787042414,1746.394722254484
600120,BENGALURU URBAN,1.0,2,291.221107493479,582.442214986958
601204,BENGALURU URBAN,1.0,7,283.372201501513,1983.6054105105911
600049,BENGALURU URBAN,1.0,41,281.685402517765,11549.101503228365
600055,BENGALURU URBAN,1.0,9,230.84038149869,2077.5634334882097
600124,BENGALURU URBAN,1.0,4,260.183338192173,1040.733352768692
600077,BENGALURU URBAN,1.0,83,273.642404551423,22712.31957776811
600062,BENGALURU URBAN,1.0,62,271.195630069841,16814.129064330144
600044,BENGALURU URBAN,1.0,129,275.829579171725,35582.01571315253
603112,BENGALURU URBAN,1.0,15,274.819613534053,4122.294203010795
600059,BENGALURU URBAN,1.0,44,271.965540118383,11966.483765208852
600130,BENGALURU URBAN,1.0,55,267.807262205947,14729.399421327083
606801,BENGALURU URBAN,1.0,2,207.86891290135,415.7378258027
606903,BENGALURU URBAN,1.0,1,224.856828324195,224.856828324195
632311,BENGALURU URBAN,1.0,1,222.313886117277,222.313886117277
632317,BENGALURU URBAN,1.0,5,182.269104829536,911.34552414768
604407,BENGALURU URBAN,1.0,6,214.859300583375,1289.15580350025
604408,BENGALURU URBAN,1.0,1,241.639787500535,241.639787500535
606901,BENGALURU URBAN,1.0,1,214.963965213042,214.963965213042
606755,BENGALURU URBAN,1.0,1,190.831060888594,190.831060888594
606701,BENGALURU URBAN,1.0,3,148.614253803845,445.842761411535
606751,BENGALURU URBAN,1.0,1,173.673992022549,173.673992022549
606803,BENGALURU URBAN,1.0,4,269.871453409442,1079.485813637768
606905,BENGALURU URBAN,1.0,1,217.129782563496,217.129782563496
606753,BENGALURU URBAN,1.0,1,283.899378933047,283.899378933047
606604,BENGALURU URBAN,1.0,10,180.179906084752,1801.79906084752
632007,BENGALURU URBAN,1.0,15,171.616119430135,2574.241791452025
632202,24 PARAGANAS NORTH,1.0,0,1471.12058298942,0.0
632011,BENGALURU URBAN,1.0,1,168.620794789255,168.620794789255
632059,SOUTH,1.0,0,1736.73733685421,0.0
632002,BENGALURU URBAN,1.0,24,220.05780750396,5281.38738009504
632204,BENGALURU URBAN,1.0,1,155.285945098384,155.285945098384
641021,BENGALURU URBAN,1.0,7,233.111297833441,1631.779084834087
641006,BENGALURU URBAN,1.0,60,220.360328743694,13221.61972462164
641048,BENGALURU URBAN,1.0,20,211.911930463217,4238.23860926434
641105,BENGALURU URBAN,1.0,16,235.461024726897,3767.376395630352
641032,BENGALURU URBAN,1.0,10,241.458312977755,2414.5831297775503
641107,BENGALURU URBAN,1.0,8,210.065856331834,1680.526850654672
641062,BENGALURU URBAN,1.0,21,216.539397221955,4547.327341661055
641101,BENGALURU URBAN,1.0,3,238.176670559301,714.530011677903
641047,BENGALURU URBAN,1.0,3,209.164959187095,627.494877561285
641114,BENGALURU URBAN,1.0,16,236.435175323049,3782.962805168784
641026,BENGALURU URBAN,1.0,15,227.294506088276,3409.4175913241397
641010,BENGALURU URBAN,1.0,6,233.767603445341,1402.605620672046
641007,BENGALURU URBAN,1.0,10,227.857327512178,2278.5732751217797
641020,BENGALURU URBAN,1.0,7,212.403546668004,1486.824826676028
641108,BENGALURU URBAN,1.0,8,219.653934396387,1757.231475171096
636704,BENGALURU URBAN,1.0,1,107.844192402125,107.844192402125
635201,BENGALURU URBAN,1.0,1,108.286053813566,108.286053813566
636813,BENGALURU URBAN,1.0,3,95.592372866305,286.77711859891497
636705,BENGALURU URBAN,1.0,9,109.697833871821,987.280504846389
636701,BENGALURU URBAN,1.0,9,106.6811556856,960.1304011704001
636903,BENGALURU URBAN,1.0,3,139.404062525475,418.21218757642504
636807,BENGALURU URBAN,1.0,3,111.896118646041,335.688355938123
636808,BENGALURU URBAN,1.0,1,87.8905849583661,87.8905849583661
636905,BENGALURU URBAN,1.0,2,142.010177691261,284.020355382522
636810,BENGALURU URBAN,1.0,1,89.1821363450961,89.1821363450961
638501,BENGALURU URBAN,1.0,2,146.015224569945,292.03044913989
638301,BENGALURU URBAN,1.0,8,164.546350953375,1316.370807627
638312,BENGALURU URBAN,1.0,1,163.192795040191,163.192795040191
638314,BENGALURU URBAN,1.0,1,156.951326664665,156.951326664665
638052,BENGALURU URBAN,1.0,2,180.977261220089,361.954522440178
638315,BENGALURU URBAN,1.0,1,154.707252687856,154.707252687856
638057,BENGALURU URBAN,1.0,3,183.212454610313,549.637363830939
638051,BENGALURU URBAN,1.0,3,204.286821386797,612.860464160391
638002,BENGALURU URBAN,1.0,10,179.722346187744,1797.22346187744
638003,BENGALURU URBAN,1.0,5,175.775267925365,878.876339626825
638104,BENGALURU URBAN,1.0,1,186.759181957155,186.759181957155
638004,BENGALURU URBAN,1.0,6,175.984622572713,1055.907735436278
638503,BENGALURU URBAN,1.0,1,145.213056820888,145.213056820888
638476,BENGALURU URBAN,1.0,6,166.186894843626,997.121369061756
638505,BENGALURU URBAN,1.0,1,152.293115079813,152.293115079813
638456,MUMBAI SUBURBAN,1.0,0,988.218176167874,0.0
638458,SOUTH,1.0,0,1907.2941826701,0.0
638506,BENGALURU URBAN,1.0,1,156.365827771442,156.365827771442
635104,BENGALURU URBAN,1.0,2,81.0700517442762,162.1401034885524
635110,BENGALURU URBAN,1.0,13,36.5530621664861,475.1898081643193
635112,BENGALURU URBAN,1.0,6,82.764549610536,496.58729766321596
635113,BENGALURU URBAN,1.0,2,46.8482515934787,93.6965031869574
635002,BENGALURU URBAN,1.0,1,82.7643711714343,82.7643711714343
635204,BENGALURU URBAN,1.0,2,81.0665507497311,162.1331014994622
203389,SOUTH,1.0,4,120.167818910261,480.671275641044
203155,SOUTH,1.0,1,66.3374814141237,66.3374814141237
207123,SOUTH,1.0,5,166.865620638594,834.32810319297
207247,SOUTH,1.0,5,230.491917285593,1152.459586427965
207242,SOUTH,1.0,5,188.832849207156,944.1642460357799
207243,SOUTH,1.0,2,204.139319498446,408.278638996892
207245,SOUTH,1.0,1,181.329026449635,181.329026449635
207246,SOUTH,1.0,1,183.673117959643,183.673117959643
206122,SOUTH,1.0,6,314.564125164145,1887.3847509848702
206121,SOUTH,1.0,3,295.260824101855,885.7824723055651
206243,SOUTH,1.0,1,301.893038109255,301.893038109255
206244,SOUTH,1.0,19,316.372880790431,6011.084735018189
206129,SOUTH,1.0,1,311.038638013184,311.038638013184
206253,24 PARAGANAS NORTH,1.0,0,1049.34345433219,0.0
206242,SOUTH,1.0,5,281.723195623218,1408.61597811609
206002,SOUTH,1.0,3,253.560265797013,760.6807973910389
206127,SOUTH,1.0,1,278.812815448692,278.812815448692
206128,SOUTH,1.0,1,289.646639474339,289.646639474339
284121,SOUTH,1.0,1,383.072890254038,383.072890254038
284301,SOUTH,1.0,2,358.860348280409,717.720696560818
245101,SOUTH,1.0,11,62.9875742904222,692.8633171946442
284003,SOUTH,1.0,37,361.806726152239,13386.848867632842
284204,SOUTH,1.0,2,411.222129432594,822.444258865188
284205,SOUTH,1.0,1,407.278652530757,407.278652530757
284405,SOUTH,1.0,2,467.168672473866,934.337344947732
285123,SOUTH,1.0,1,325.515127577854,325.515127577854
285205,SOUTH,1.0,1,339.570033466496,339.570033466496
285130,SOUTH,1.0,1,322.201958370684,322.201958370684
283203,SOUTH,1.0,8,503.166313427098,4025.330507416784
205121,SOUTH,1.0,2,499.690085412673,999.380170825346
283141,SOUTH,1.0,2,506.971498542349,1013.942997084698
283135,SOUTH,1.0,3,498.786971291234,1496.360913873702
283151,SOUTH,1.0,1,491.486558314275,491.486558314275
283204,SOUTH,1.0,10,437.065372523975,4370.65372523975
205262,SOUTH,1.0,2,233.681227868466,467.362455736932
205001,SOUTH,1.0,16,443.963911389854,7103.422582237664
205301,SOUTH,1.0,1,461.656702825808,461.656702825808
205264,SOUTH,1.0,1,505.708988269677,505.708988269677
205265,SOUTH,1.0,3,415.462800791627,1246.388402374881
281201,MUMBAI SUBURBAN,1.0,0,1090.32207317744,0.0
281401,SOUTH,1.0,2,126.08899932458,252.17799864916
281403,SOUTH,1.0,5,126.08899932458,630.4449966229
281204,SOUTH,1.0,3,126.08899932458,378.26699797374
281306,SOUTH,1.0,2,131.245236272775,262.49047254555
281123,SOUTH,1.0,1,126.08899932458,126.08899932458
211012,SOUTH,1.0,14,563.490860335821,7888.872044701495
212104,SOUTH,1.0,1,628.912735500994,628.912735500994
212201,SOUTH,1.0,2,536.722510717776,1073.445021435552
212107,SOUTH,1.0,3,579.321536145228,1737.964608435684
212301,SOUTH,1.0,1,572.325518930101,572.325518930101
212306,SOUTH,1.0,1,599.188827971724,599.188827971724
212207,SOUTH,1.0,1,579.321536145228,579.321536145228
229412,MUMBAI SUBURBAN,1.0,0,1149.79900727995,0.0
221505,SOUTH,1.0,2,570.139087542523,1140.278175085046
211013,SOUTH,1.0,10,567.963737624584,5679.637376245841
212402,SOUTH,1.0,2,264.69722161505,529.3944432301
221507,SOUTH,1.0,1,578.310976997865,578.310976997865
221508,SOUTH,1.0,1,575.707979002251,575.707979002251
212109,SOUTH,1.0,1,570.139087542523,570.139087542523
222125,SOUTH,1.0,1,412.294532053365,412.294532053365
222144,MUMBAI SUBURBAN,1.0,1,4911.5013786342,4911.5013786342
222132,HYDERABAD,1.0,0,970.600000015254,0.0
222136,SOUTH,1.0,1,646.054226519835,646.054226519835
222002,SOUTH,1.0,6,600.292375887511,3601.754255325066
222138,SOUTH,1.0,2,614.531757436638,1229.063514873276
222146,SOUTH,1.0,1,549.546791319379,549.546791319379
223101,SOUTH,1.0,2,587.487660775176,1174.975321550352
231225,24 PARAGANAS NORTH,1.0,13,595.213125165276,7737.770627148588
231223,24 PARAGANAS NORTH,1.0,5,589.543405940203,2947.7170297010152
231205,24 PARAGANAS NORTH,1.0,2,595.906470036158,1191.812940072316
231304,24 PARAGANAS NORTH,1.0,3,617.677775259364,1853.0333257780921
231207,24 PARAGANAS NORTH,1.0,1,562.060170822106,562.060170822106
231208,24 PARAGANAS NORTH,1.0,1,551.745196992355,551.745196992355
231210,24 PARAGANAS NORTH,1.0,2,593.090400126305,1186.18080025261
231313,SOUTH,1.0,1,624.272095642663,624.272095642663
231501,24 PARAGANAS NORTH,1.0,1,641.93473043974,641.93473043974
212601,SOUTH,1.0,17,457.456429526817,7776.759301955889
231309,24 PARAGANAS NORTH,1.0,1,639.161206636032,639.161206636032
231305,24 PARAGANAS NORTH,1.0,2,561.775434218643,1123.550868437286
231219,24 PARAGANAS NORTH,1.0,10,581.542214051967,5815.4221405196695
231217,24 PARAGANAS NORTH,1.0,9,572.430954243554,5151.878588191986
231218,SOUTH,1.0,2,5982.57395699457,11965.14791398914
231216,24 PARAGANAS NORTH,1.0,14,557.008230341012,7798.115224774168
230125,HYDERABAD,1.0,1,543.785451476091,543.785451476091
262001,SOUTH,1.0,19,252.58456069766,4799.106653255541
230301,HYDERABAD,1.0,1,550.979780808097,550.979780808097
230302,HYDERABAD,1.0,1,575.496940044263,575.496940044263
230129,MUMBAI SUBURBAN,1.0,0,934.981895127229,0.0
230503,HYDERABAD,1.0,1,561.354932974214,561.354932974214
230204,HYDERABAD,1.0,1,547.508026319025,547.508026319025
230132,HYDERABAD,1.0,3,536.779934112217,1610.339802336651
230403,BENGALURU URBAN,1.0,0,1009.5441884205,0.0
277001,24 PARAGANAS NORTH,1.0,22,548.275050189718,12062.051104173795
230402,HYDERABAD,1.0,2,537.064659602549,1074.129319205098
230304,HYDERABAD,1.0,2,538.392406870611,1076.784813741222
230141,HYDERABAD,1.0,2,519.522311800855,1039.04462360171
232103,24 PARAGANAS NORTH,1.0,4,605.26332576845,2421.0533030738
232104,24 PARAGANAS NORTH,1.0,4,592.808906039453,2371.235624157812
221104,24 PARAGANAS NORTH,1.0,2,605.26332576845,1210.5266515369
221112,24 PARAGANAS NORTH,1.0,1,625.554044593525,625.554044593525
221101,MUMBAI SUBURBAN,1.0,0,1259.67227326102,0.0
221011,24 PARAGANAS NORTH,1.0,14,617.905271506418,8650.673801089852
221005,24 PARAGANAS NORTH,1.0,76,610.648287736938,46409.269868007286
232106,24 PARAGANAS NORTH,1.0,1,587.772483161995,587.772483161995
232101,24 PARAGANAS NORTH,1.0,11,605.26332576845,6657.896583452951
232118,24 PARAGANAS NORTH,1.0,2,605.26332576845,1210.5266515369
232110,24 PARAGANAS NORTH,1.0,1,605.26332576845,605.26332576845
232108,24 PARAGANAS NORTH,1.0,1,616.690019135014,616.690019135014
221007,24 PARAGANAS NORTH,1.0,24,620.136059281111,14883.265422746663
221201,SOUTH,1.0,2,644.136297637396,1288.272595274792
221204,24 PARAGANAS NORTH,1.0,1,639.947995979352,639.947995979352
221303,SOUTH,1.0,1,625.087380193372,625.087380193372
221304,SOUTH,1.0,2,627.541760315143,1255.083520630286
221405,24 PARAGANAS NORTH,1.0,5,635.633610638185,3178.168053190925
221106,24 PARAGANAS NORTH,1.0,17,621.449694560225,10564.644807523826
221314,SOUTH,1.0,3,646.337124696012,1939.011374088036
221406,SOUTH,1.0,1,625.213452675203,625.213452675203
221409,SOUTH,1.0,3,635.878788629847,1907.6363658895411
221403,24 PARAGANAS NORTH,1.0,1,641.979809532328,641.979809532328
221404,SOUTH,1.0,1,609.462226772097,609.462226772097
221003,24 PARAGANAS NORTH,1.0,32,624.225170858714,19975.20546747885
243301,SOUTH,1.0,2,212.547695237206,425.095390474412
243201,SOUTH,1.0,6,257.647211890774,1545.8832713446438
243003,SOUTH,1.0,3,207.80766026058,623.4229807817401
243202,SOUTH,1.0,6,226.756467473772,1360.538804842632
635307,BENGALURU URBAN,1.0,1,137.183944776425,137.183944776425
637013,BENGALURU URBAN,1.0,0,214.603898345389,0.0
637015,BENGALURU URBAN,1.0,1,219.295563929537,219.295563929537
637003,BENGALURU URBAN,1.0,2,194.290934619948,388.581869239896
637018,BENGALURU URBAN,1.0,2,178.651746092653,357.303492185306
637201,BENGALURU URBAN,1.0,1,184.361034934175,184.361034934175
637101,BENGALURU URBAN,1.0,1,145.697998850528,145.697998850528
638183,BENGALURU URBAN,1.0,21,169.814304857514,3566.100402007794
637205,BENGALURU URBAN,1.0,1,179.137895720709,179.137895720709
638008,BENGALURU URBAN,1.0,3,175.89133313175,527.67399939525
638181,BENGALURU URBAN,1.0,1,205.416266747891,205.416266747891
637303,BENGALURU URBAN,1.0,2,161.522501572743,323.045003145486
637301,BENGALURU URBAN,1.0,3,163.008502949302,489.025508847906
643102,BENGALURU URBAN,1.0,2,200.048738275532,400.097476551064
643217,BENGALURU URBAN,1.0,3,185.729786922534,557.189360767602
643231,BENGALURU URBAN,1.0,6,192.606208264283,1155.637249585698
643206,BENGALURU URBAN,1.0,1,186.385755942403,186.385755942403
643004,BENGALURU URBAN,1.0,2,196.999432155199,393.998864310398
643212,BENGALURU URBAN,1.0,12,206.880385003515,2482.5646200421797
643003,BENGALURU URBAN,1.0,1,197.850514687384,197.850514687384
643224,HYDERABAD,1.0,0,703.348639027358,0.0
642004,BENGALURU URBAN,1.0,2,263.448576713211,526.897153426422
636105,BENGALURU URBAN,1.0,2,201.10433451187,402.20866902374
636108,BENGALURU URBAN,1.0,3,181.744069728904,545.232209186712
636112,BENGALURU URBAN,1.0,1,191.966786495795,191.966786495795
636121,BENGALURU URBAN,1.0,1,193.131585081321,193.131585081321
636115,BENGALURU URBAN,1.0,1,171.117693531362,171.117693531362
636003,BENGALURU URBAN,1.0,14,155.338505085743,2174.739071200402
636201,BENGALURU URBAN,1.0,1,160.357331612142,160.357331612142
636008,BENGALURU URBAN,1.0,12,153.573218550505,1842.8786226060602
636010,BENGALURU URBAN,1.0,2,157.287395257394,314.574790514788
636203,BENGALURU URBAN,1.0,3,167.047200140889,501.141600422667
636204,BENGALURU URBAN,1.0,1,164.549425884524,164.549425884524
636111,BENGALURU URBAN,1.0,1,160.959206980621,160.959206980621
636308,BENGALURU URBAN,1.0,9,158.291125608056,1424.6201304725041
637401,BENGALURU URBAN,1.0,1,176.519376638183,176.519376638183
636451,BENGALURU URBAN,1.0,1,127.898972543604,127.898972543604
637502,BENGALURU URBAN,1.0,2,153.89819366304,307.79638732608
636011,BENGALURU URBAN,1.0,1,145.087768342813,145.087768342813
637403,BENGALURU URBAN,1.0,2,181.470747674458,362.941495348916
636302,BENGALURU URBAN,1.0,4,149.174529382247,596.698117528988
636012,BENGALURU URBAN,1.0,1,141.67743674076,141.67743674076
636303,BENGALURU URBAN,1.0,1,124.533014080382,124.533014080382
636452,BENGALURU URBAN,1.0,2,134.878383085837,269.756766171674
636453,BENGALURU URBAN,1.0,1,128.317967614428,128.317967614428
636030,BENGALURU URBAN,1.0,2,150.561511665654,301.123023331308
636304,BENGALURU URBAN,1.0,1,147.257576250016,147.257576250016
637406,BENGALURU URBAN,1.0,3,179.660776419253,538.982329257759
636455,BENGALURU URBAN,1.0,1,141.930705883196,141.930705883196
637408,BENGALURU URBAN,1.0,10,176.370096914352,1763.7009691435198
636502,BENGALURU URBAN,1.0,2,141.805651315129,283.611302630258
636503,BENGALURU URBAN,1.0,2,139.687704761252,279.375409522504
637504,BENGALURU URBAN,1.0,1,157.984066949832,157.984066949832
637505,BENGALURU URBAN,1.0,2,171.374066931408,342.748133862816
635802,BENGALURU URBAN,1.0,15,132.897206466539,1993.4580969980848
632601,BENGALURU URBAN,1.0,2,138.409089071824,276.818178143648
635803,BENGALURU URBAN,1.0,2,146.7986787354,293.5973574708
635804,BENGALURU URBAN,1.0,1,142.967892255685,142.967892255685
635809,BENGALURU URBAN,1.0,3,146.142899767428,438.428699302284
635813,BENGALURU URBAN,1.0,1,136.117326789426,136.117326789426
635701,BENGALURU URBAN,1.0,2,140.08506953409,280.17013906818
635751,BENGALURU URBAN,1.0,4,116.424551578286,465.698206313144
635752,BENGALURU URBAN,1.0,2,124.540444542987,249.080889085974
635602,BENGALURU URBAN,1.0,4,117.657551357018,470.630205428072
635653,BENGALURU URBAN,1.0,0,123.056337801112,0.0
638701,BENGALURU URBAN,1.0,1,217.34083611233,217.34083611233
638702,BENGALURU URBAN,1.0,1,230.81758488428,230.81758488428
638108,BENGALURU URBAN,1.0,1,207.830804348574,207.830804348574
638111,BENGALURU URBAN,1.0,7,222.311252349757,1556.178766448299
641653,BENGALURU URBAN,1.0,6,196.920148242408,1181.520889454448
638451,BENGALURU URBAN,1.0,3,168.641843824216,505.925531472648
641103,BENGALURU URBAN,1.0,7,221.313447213294,1549.194130493058
641659,BENGALURU URBAN,1.0,5,209.666553849183,1048.332769245915
641305,BENGALURU URBAN,1.0,3,190.755579818165,572.266739454495
638459,BENGALURU URBAN,1.0,5,185.010716286458,925.05358143229
638402,BENGALURU URBAN,1.0,4,177.096518443117,708.386073772468
638401,BENGALURU URBAN,1.0,7,165.257676512457,1156.803735587199
641668,BENGALURU URBAN,1.0,5,213.081401668108,1065.40700834054
641402,BENGALURU URBAN,1.0,7,222.903341931103,1560.323393517721
641652,BENGALURU URBAN,1.0,7,201.530473899118,1410.7133172938259
641654,BENGALURU URBAN,1.0,19,191.78717162006,3643.9562607811404
641663,BENGALURU URBAN,1.0,6,209.395863504496,1256.375181026976
641664,BENGALURU URBAN,1.0,2,226.253775934791,452.507551869582
641607,BENGALURU URBAN,1.0,3,203.321200959668,609.963602879004
624005,BENGALURU URBAN,1.0,6,290.549880641694,1743.299283850164
624002,BENGALURU URBAN,1.0,1,288.920203496442,288.920203496442
624703,BENGALURU URBAN,1.0,1,252.762340540853,252.762340540853
624003,BENGALURU URBAN,1.0,2,293.147204402622,586.294408805244
624401,BENGALURU URBAN,1.0,1,308.182050641066,308.182050641066
624802,BENGALURU URBAN,1.0,1,298.77889742642,298.77889742642
624710,BENGALURU URBAN,1.0,1,265.700142328738,265.700142328738
624202,BENGALURU URBAN,1.0,4,305.810448702015,1223.24179480806
624101,BENGALURU URBAN,1.0,6,296.597630041697,1779.585780250182
624215,BENGALURU URBAN,1.0,1,313.915924916581,313.915924916581
624614,BENGALURU URBAN,1.0,1,265.468089761504,265.468089761504
624616,BENGALURU URBAN,1.0,3,246.672455133486,740.0173654004581
624618,BENGALURU URBAN,1.0,1,263.734520627287,263.734520627287
624619,BENGALURU URBAN,1.0,4,270.985762032675,1083.9430481307
629701,BENGALURU URBAN,1.0,2,534.501991151442,1069.003982302884
629301,BENGALURU URBAN,1.0,2,522.251090621408,1044.502181242816
629851,BENGALURU URBAN,1.0,3,515.749815336995,1547.249446010985
629251,BENGALURU URBAN,1.0,16,530.143928315854,8482.302853053665
629501,BENGALURU URBAN,1.0,6,533.5673321541,3201.4039929246
629502,BENGALURU URBAN,1.0,4,534.887284981896,2139.549139927584
629252,BENGALURU URBAN,1.0,1,531.76281842469,531.76281842469
629403,BENGALURU URBAN,1.0,1,532.256847699588,532.256847699588
629802,BENGALURU URBAN,1.0,3,524.171964217862,1572.515892653586
629180,BENGALURU URBAN,1.0,1,528.088334388498,528.088334388498
629151,BENGALURU URBAN,1.0,1,508.127087627433,508.127087627433
629152,BENGALURU URBAN,1.0,1,506.085243123799,506.085243123799
629157,BENGALURU URBAN,1.0,8,522.540424637618,4180.323397100944
629158,BENGALURU URBAN,1.0,5,517.790179929574,2588.9508996478703
629160,BENGALURU URBAN,1.0,4,520.267184175322,2081.068736701288
629163,BENGALURU URBAN,1.0,4,512.734845062026,2050.939380248104
629164,BENGALURU URBAN,1.0,2,516.104859293078,1032.209718586156
629165,BENGALURU URBAN,1.0,12,515.887823814011,6190.653885768132
629177,BENGALURU URBAN,1.0,2,515.498008413634,1030.996016827268
630307,BENGALURU URBAN,1.0,6,344.799737798016,2068.798426788096
630108,BENGALURU URBAN,1.0,6,346.695462838955,2080.17277703373
630502,BENGALURU URBAN,1.0,2,314.145886551556,628.291773103112
628902,BENGALURU URBAN,1.0,2,423.869827278041,847.739654556082
628952,BENGALURU URBAN,1.0,1,445.353171806721,445.353171806721
628502,BENGALURU URBAN,1.0,4,418.368066122346,1673.472264489384
628904,BENGALURU URBAN,1.0,1,415.759045973911,415.759045973911
628552,BENGALURU URBAN,1.0,1,431.364164944296,431.364164944296
627753,BENGALURU URBAN,1.0,2,413.991347639259,827.982695278518
627851,BENGALURU URBAN,1.0,5,456.707264842154,2283.53632421077
627751,BENGALURU URBAN,1.0,1,430.21941603287,430.21941603287
627814,BENGALURU URBAN,1.0,13,447.307162768015,5814.993115984195
627853,BENGALURU URBAN,1.0,1,451.40351035259,451.40351035259
627807,BENGALURU URBAN,1.0,1,437.543113325723,437.543113325723
627808,BENGALURU URBAN,1.0,2,454.683263438221,909.366526876442
627859,BENGALURU URBAN,1.0,1,443.614894362464,443.614894362464
627861,BENGALURU URBAN,1.0,1,450.416405877528,450.416405877528
625501,BENGALURU URBAN,1.0,1,325.66784462437,325.66784462437
625514,BENGALURU URBAN,1.0,3,331.171148214058,993.513444642174
625016,BENGALURU URBAN,1.0,21,339.283638158621,7124.956401331041
625214,BENGALURU URBAN,1.0,3,367.11028353994,1101.33085061982
625019,BENGALURU URBAN,1.0,8,339.673489103589,2717.387912828712
625402,BENGALURU URBAN,1.0,3,334.587018627506,1003.7610558825179
625218,BENGALURU URBAN,1.0,3,318.140328720587,954.420986161761
625008,BENGALURU URBAN,1.0,2,348.20362739898,696.40725479796
625703,BENGALURU URBAN,1.0,2,360.194447769558,720.388895539116
625022,BENGALURU URBAN,1.0,8,355.158618083141,2841.268944665128
625702,BENGALURU URBAN,1.0,5,364.519442719696,1822.5972135984798
625005,BENGALURU URBAN,1.0,5,343.361400792537,1716.807003962685
625706,BENGALURU URBAN,1.0,8,350.864811932128,2806.918495457024
625006,BENGALURU URBAN,1.0,5,342.9480498845,1714.7402494225
625017,BENGALURU URBAN,1.0,14,467.243488563073,6541.408839883023
625020,BENGALURU URBAN,1.0,38,348.121627359972,13228.621839678937
625014,BENGALURU URBAN,1.0,24,329.770687699908,7914.496504797793
625106,BENGALURU URBAN,1.0,6,332.635701583325,1995.8142094999498
625107,BENGALURU URBAN,1.0,8,342.139972271839,2737.119778174712
625201,BENGALURU URBAN,1.0,1,366.201855070657,366.201855070657
623517,BENGALURU URBAN,1.0,1,430.13721740969,430.13721740969
630702,BENGALURU URBAN,1.0,3,386.992565564376,1160.9776966931279
630551,BENGALURU URBAN,1.0,1,363.419853435102,363.419853435102
630611,BENGALURU URBAN,1.0,1,348.804186387347,348.804186387347
630562,BENGALURU URBAN,1.0,5,362.17365819773,1810.86829098865
630211,BENGALURU URBAN,1.0,4,316.872675661808,1267.490702647232
625520,BENGALURU URBAN,1.0,1,341.649083535419,341.649083535419
625512,BENGALURU URBAN,1.0,5,331.751264021121,1658.756320105605
625517,BENGALURU URBAN,1.0,1,331.349600725024,331.349600725024
625579,BENGALURU URBAN,1.0,8,298.896558026801,2391.172464214408
625527,BENGALURU URBAN,1.0,1,338.193573584321,338.193573584321
625531,BENGALURU URBAN,1.0,17,325.514127664224,5533.740170291809
625603,BENGALURU URBAN,1.0,1,314.689019625674,314.689019625674
627425,BENGALURU URBAN,1.0,1,469.582373546947,469.582373546947
627414,BENGALURU URBAN,1.0,1,480.94832092224,480.94832092224
410516,MUMBAI SUBURBAN,1.0,1,95.2204843462855,95.2204843462855
415015,MUMBAI SUBURBAN,1.0,1,190.409783508211,190.409783508211
415003,MUMBAI SUBURBAN,1.0,5,200.560273967061,1002.801369835305
415107,MUMBAI SUBURBAN,1.0,1,223.861566145919,223.861566145919
415116,MUMBAI SUBURBAN,1.0,2,225.424357362689,450.848714725378
413005,HYDERABAD,1.0,6,276.43191090817,1658.5914654490198
413004,HYDERABAD,1.0,16,278.542739337286,4456.683829396576
413006,HYDERABAD,1.0,8,274.461288786236,2195.690310289888
413008,HYDERABAD,1.0,2,278.141689150641,556.283378301282
431136,MUMBAI SUBURBAN,1.0,15,260.353902344452,3905.3085351667805
431004,MUMBAI SUBURBAN,1.0,2,269.724453495794,539.448906991588
431102,MUMBAI SUBURBAN,1.0,2,259.599146097433,519.198292194866
431009,MUMBAI SUBURBAN,1.0,6,272.221992844614,1633.331957067684
424001,MUMBAI SUBURBAN,1.0,11,280.501270584317,3085.5139764274873
425410,MUMBAI SUBURBAN,1.0,2,309.053246785473,618.106493570946
424101,MUMBAI SUBURBAN,1.0,5,267.274605310882,1336.37302655441
425001,MUMBAI SUBURBAN,1.0,38,350.000517230636,13300.019654764168
423203,MUMBAI SUBURBAN,1.0,5,233.984406010708,1169.92203005354
431601,HYDERABAD,1.0,12,229.343273477405,2752.11928172886
422009,MUMBAI SUBURBAN,1.0,50,130.566237797771,6528.3118898885505
422004,MUMBAI SUBURBAN,1.0,18,130.566237797771,2350.192280359878
422101,MUMBAI SUBURBAN,1.0,47,139.851630312919,6573.026624707194
422214,MUMBAI SUBURBAN,1.0,4,76.222909879594,304.891639518376
413512,HYDERABAD,1.0,35,186.729059577901,6535.5170852265355
431401,HYDERABAD,1.0,13,273.647428674322,3557.4165727661857
799046,24 PARAGANAS NORTH,1.0,1,329.916822642862,329.916822642862
799004,24 PARAGANAS NORTH,1.0,6,317.393623502973,1904.361741017838
799014,24 PARAGANAS NORTH,1.0,3,314.006141130452,942.018423391356
799003,24 PARAGANAS NORTH,1.0,11,314.559993312104,3460.159926433144
791109,24 PARAGANAS NORTH,1.0,10,724.237396714408,7242.37396714408
799285,24 PARAGANAS NORTH,1.0,2,387.331168750792,774.662337501584
799260,24 PARAGANAS NORTH,1.0,1,479.411241998386,479.411241998386
793018,24 PARAGANAS NORTH,1.0,12,471.141096988977,5653.693163867723
756001,24 PARAGANAS NORTH,1.0,13,207.589082203724,2698.6580686484117
756162,24 PARAGANAS NORTH,1.0,1,262.656304349465,262.656304349465
751020,24 PARAGANAS NORTH,1.0,24,388.991786420712,9335.802874097088
751014,24 PARAGANAS NORTH,1.0,16,385.374861726634,6165.997787626144
751018,24 PARAGANAS NORTH,1.0,13,312.523700338847,4062.808104405011
752100,24 PARAGANAS NORTH,1.0,3,375.49865354528,1126.49596063584
751009,24 PARAGANAS NORTH,1.0,10,385.243537257943,3852.43537257943
752108,MUMBAI SUBURBAN,1.0,0,1398.28690898595,0.0
751030,24 PARAGANAS NORTH,1.0,24,388.811395696122,9331.473496706929
751022,24 PARAGANAS NORTH,1.0,9,383.10891061022,3447.98019549198
751012,24 PARAGANAS NORTH,1.0,51,385.018987406607,19635.968357736958
751001,24 PARAGANAS NORTH,1.0,25,384.396765349636,9609.9191337409
751013,24 PARAGANAS NORTH,1.0,14,382.298678237496,5352.181495324944
751007,24 PARAGANAS NORTH,1.0,16,381.76332378415,6108.2131805464
751031,24 PARAGANAS NORTH,1.0,5,384.166468185239,1920.832340926195
754005,24 PARAGANAS NORTH,1.0,1,373.480560092156,373.480560092156
754006,24 PARAGANAS NORTH,1.0,4,376.774636685125,1507.0985467405
753002,24 PARAGANAS NORTH,1.0,6,367.226557359013,2203.359344154078
753004,24 PARAGANAS NORTH,1.0,16,364.057800551904,5824.924808830464
753003,24 PARAGANAS NORTH,1.0,8,365.065426629075,2920.5234130326
753001,24 PARAGANAS NORTH,1.0,32,366.46174709335,11726.7759069872
753010,24 PARAGANAS NORTH,1.0,7,365.788911558953,2560.522380912671
753007,24 PARAGANAS NORTH,1.0,2,367.076187110098,734.152374220196
754021,24 PARAGANAS NORTH,1.0,3,360.118095542413,1080.3542866272392
755020,24 PARAGANAS NORTH,1.0,1,302.072096668948,302.072096668948
754211,24 PARAGANAS NORTH,1.0,13,325.635302085181,4233.258927107353
754025,24 PARAGANAS NORTH,1.0,2,356.942165221445,713.88433044289
754035,24 PARAGANAS NORTH,1.0,1,398.175303223174,398.175303223174
754113,24 PARAGANAS NORTH,1.0,3,363.064716597313,1089.194149791939
757001,24 PARAGANAS NORTH,1.0,17,195.093358615486,3316.5870964632622
757002,24 PARAGANAS NORTH,1.0,4,196.472731538879,785.890926155516
752030,24 PARAGANAS NORTH,1.0,1,471.929121655117,471.929121655117
752001,24 PARAGANAS NORTH,1.0,10,422.270323215798,4222.70323215798
767017,24 PARAGANAS NORTH,1.0,7,514.41169848791,3600.88188941537
759116,24 PARAGANAS NORTH,1.0,4,393.151730580701,1572.606922322804
759148,24 PARAGANAS NORTH,1.0,2,403.1796789445,806.359357889
759122,24 PARAGANAS NORTH,1.0,10,403.446129782587,4034.4612978258697
759001,24 PARAGANAS NORTH,1.0,15,374.516719300563,5617.750789508445
758001,24 PARAGANAS NORTH,1.0,11,314.104537616743,3455.1499137841733
768017,24 PARAGANAS NORTH,1.0,5,477.644053018776,2388.22026509388
768001,24 PARAGANAS NORTH,1.0,11,478.193331009597,5260.126641105567
769042,24 PARAGANAS NORTH,1.0,15,364.817924111816,5472.26886167724
770032,24 PARAGANAS NORTH,1.0,2,364.373562558197,728.747125116394
770025,24 PARAGANAS NORTH,1.0,2,470.390403440714,940.780806881428
769012,24 PARAGANAS NORTH,1.0,7,371.006492746687,2597.045449226809
761126,24 PARAGANAS NORTH,1.0,4,505.371223699617,2021.484894798468
760001,24 PARAGANAS NORTH,1.0,33,536.893785084327,17717.49490778279
760007,24 PARAGANAS NORTH,1.0,3,531.597119835053,1594.791359505159
760004,24 PARAGANAS NORTH,1.0,9,535.944556929278,4823.501012363502
761001,24 PARAGANAS NORTH,1.0,2,537.792058570402,1075.584117140804
761020,24 PARAGANAS NORTH,1.0,4,519.622391174302,2078.489564697208
764051,HYDERABAD,1.0,1,385.160918131049,385.160918131049
763008,HYDERABAD,1.0,3,488.934861153184,1466.8045834595518
764020,HYDERABAD,1.0,13,469.121580602329,6098.580547830277
763004,HYDERABAD,1.0,1,476.231566624757,476.231566624757
765001,HYDERABAD,1.0,13,548.234347727127,7127.046520452651
762001,24 PARAGANAS NORTH,1.0,6,500.629708142205,3003.7782488532303
160004,SOUTH,1.0,1,239.62828609606,239.62828609606
140604,SOUTH,1.0,10,241.47013051571,2414.7013051571
160055,SOUTH,1.0,31,250.151880913295,7754.708308312145
160059,SOUTH,1.0,18,447.765563569373,8059.780144248714
160014,SOUTH,1.0,9,252.219063379971,2269.9715704197392
160001,SOUTH,1.0,2,251.403856932137,502.807713864274
160019,SOUTH,1.0,11,249.323056651994,2742.553623171934
160018,SOUTH,1.0,4,249.311498131402,997.245992525608
160047,SOUTH,1.0,72,245.329688500749,17663.737572053928
160043,SOUTH,1.0,4,248.396805796702,993.587223186808
140001,SOUTH,1.0,15,276.888336590034,4153.32504885051
141001,SOUTH,1.0,63,295.766517478095,18633.290601119985
141003,SOUTH,1.0,29,293.02358888431,8497.68407764499
142027,SOUTH,1.0,1,298.583116359906,298.583116359906
142026,SOUTH,1.0,8,304.697102590249,2437.576820721992
141104,SOUTH,1.0,1,292.085004863218,292.085004863218
141401,SOUTH,1.0,11,253.420686676827,2787.627553445097
141419,SOUTH,1.0,1,272.36090423585,272.36090423585
141415,SOUTH,1.0,1,257.399161486886,257.399161486886
147001,SOUTH,1.0,70,321.334773293803,22493.43413056621
147004,SOUTH,1.0,1,218.218336647288,218.218336647288
140601,SOUTH,1.0,1,230.79040518281,230.79040518281
148001,SOUTH,1.0,14,233.585065783883,3270.190920974362
143001,SOUTH,1.0,125,412.640739931796,51580.092491474505
143006,SOUTH,1.0,2,412.153914520762,824.307829041524
151502,SOUTH,1.0,1,224.42411492671,224.42411492671
152001,SOUTH,1.0,6,367.151429622552,2202.908577735312
143505,SOUTH,1.0,9,414.727027275409,3732.543245478681
143519,SOUTH,1.0,3,423.263294382591,1269.789883147773
143521,SOUTH,1.0,16,428.460972201219,6855.375555219504
145024,SOUTH,1.0,2,452.985254784656,905.970509569312
145026,SOUTH,1.0,1,446.221085963698,446.221085963698
146001,SOUTH,1.0,18,348.918051475312,6280.524926555616
144006,SOUTH,1.0,1,346.427446435667,346.427446435667
144507,SOUTH,1.0,1,314.186631176466,314.186631176466
144005,SOUTH,1.0,18,345.448272690158,6218.068908422843
144003,SOUTH,1.0,20,348.567675896151,6971.35351792302
144101,SOUTH,1.0,1,346.978807077913,346.978807077913
144806,HYDERABAD,1.0,0,1581.67807546973,0.0
144602,SOUTH,1.0,3,358.694859404484,1076.084578213452
144035,MUMBAI SUBURBAN,1.0,0,1375.66279686354,0.0
144031,SOUTH,1.0,1,395.433735422366,395.433735422366
305001,SOUTH,1.0,55,344.907164100117,18969.894025506434
305007,SOUTH,1.0,1,342.118886163892,342.118886163892
305817,SOUTH,1.0,1,312.775408953587,312.775408953587
311001,SOUTH,1.0,34,436.453702924704,14839.425899439935
314026,MUMBAI SUBURBAN,1.0,2,502.789392498846,1005.578784997692
324001,SOUTH,1.0,25,394.810470662923,9870.261766573076
324007,SOUTH,1.0,2,396.642946898661,793.285893797322
301028,SOUTH,1.0,1,238.268656125208,238.268656125208
301709,SOUTH,1.0,2,108.896314560463,217.792629120926
302002,SOUTH,1.0,15,222.739686177892,3341.09529266838
302001,SOUTH,1.0,28,225.969292081775,6327.1401782897
302003,SOUTH,1.0,15,224.209627013774,3363.14440520661
302005,SOUTH,1.0,1,229.258193191194,229.258193191194
302006,SOUTH,1.0,17,226.485074300114,3850.246263101938
302004,SOUTH,1.0,69,229.724819331671,15851.0125338853
302029,SOUTH,1.0,37,239.65927771084,8867.39327530108
302020,SOUTH,1.0,111,232.870190891034,25848.591188904775
302033,SOUTH,1.0,31,239.926267578147,7437.714294922556
302021,SOUTH,1.0,75,231.033195054034,17327.48962905255
303901,SOUTH,1.0,4,247.89194341985,991.5677736794
322236,SOUTH,1.0,2,344.652098728387,689.304197456774
322021,SOUTH,1.0,2,293.227164447668,586.454328895336
334004,SOUTH,1.0,4,386.659504862386,1546.638019449544
333028,SOUTH,1.0,1,163.256617132211,163.256617132211
342001,SOUTH,1.0,53,483.594279909412,25630.496835198835
342301,SOUTH,1.0,4,500.970436055973,2003.881744223892
341306,SOUTH,1.0,4,293.21653247201,1172.86612988804
306709,SOUTH,1.0,1,518.257324176513,518.257324176513
335512,SOUTH,1.0,4,308.525073111751,1234.100292447004
335513,SOUTH,1.0,2,308.842347621598,617.684695243196
600002,BENGALURU URBAN,1.0,29,291.631690670851,8457.31902945468
600008,BENGALURU URBAN,1.0,26,290.82215895037,7561.37613270962
631004,BENGALURU URBAN,1.0,1,230.191693347674,230.191693347674
632406,BENGALURU URBAN,1.0,6,168.023226360404,1008.1393581624241
632508,BENGALURU URBAN,1.0,1,193.457266412065,193.457266412065
632403,BENGALURU URBAN,1.0,6,191.297789121348,1147.786734728088
603001,BENGALURU URBAN,1.0,16,261.88998688484,4190.23979015744
603310,BENGALURU URBAN,1.0,2,254.248714462271,508.497428924542
600028,BENGALURU URBAN,1.0,96,310.920973462385,29848.41345238896
600017,BENGALURU URBAN,1.0,86,288.167997087111,24782.447749491548
600107,BENGALURU URBAN,1.0,32,283.126446996741,9060.046303895711
600093,BENGALURU URBAN,1.0,50,284.618384374396,14230.919218719799
600082,BENGALURU URBAN,1.0,64,286.793693454654,18354.796381097854
600011,BENGALURU URBAN,1.0,58,286.311309245348,16606.055936230186
600012,BENGALURU URBAN,1.0,39,289.817187894294,11302.870327877466
600003,BENGALURU URBAN,1.0,15,291.771337960214,4376.57006940321
600016,BENGALURU URBAN,1.0,44,279.648746644289,12304.544852348718
600032,BENGALURU URBAN,1.0,36,285.218799407697,10267.876778677093
600036,BENGALURU URBAN,1.0,24,287.453690185631,6898.888564455144
600089,BENGALURU URBAN,1.0,41,282.663151397414,11589.189207293975
600061,BENGALURU URBAN,1.0,85,306.14237499635,26022.10187468975
600041,BENGALURU URBAN,1.0,139,289.868088170771,40291.66425573717
600096,BENGALURU URBAN,1.0,84,288.613577538274,24243.540513215015
600115,BENGALURU URBAN,1.0,26,288.882425125904,7510.943053273503
600113,BENGALURU URBAN,1.0,12,288.447297318407,3461.367567820884
600009,BENGALURU URBAN,1.0,1,293.363044359004,293.363044359004
600001,BENGALURU URBAN,1.0,58,292.654382317306,16973.95417440375
600013,BENGALURU URBAN,1.0,29,294.291100149517,8534.441904335992
600081,BENGALURU URBAN,1.0,31,294.967424305213,9143.990153461604
631501,BENGALURU URBAN,1.0,31,230.270386471753,7138.381980624343
631209,BENGALURU URBAN,1.0,6,236.671400048821,1420.028400292926
500067,HYDERABAD,1.0,26,8.26176087474994,214.80578274349847
515721,BENGALURU URBAN,1.0,1,184.51950800921,184.51950800921
515003,BENGALURU URBAN,1.0,1,189.066896619789,189.066896619789
515801,BENGALURU URBAN,1.0,18,250.301490060313,4505.426821085634
517001,BENGALURU URBAN,1.0,38,166.31529229538,6319.98110722444
517325,BENGALURU URBAN,1.0,34,121.026488639572,4114.900613745448
516227,BENGALURU URBAN,1.0,12,256.325600359403,3075.907204312836
516001,BENGALURU URBAN,1.0,30,209.150223375559,6274.50670126677
516504,BENGALURU URBAN,1.0,1,190.121151378884,190.121151378884
515134,BENGALURU URBAN,1.0,7,139.248202788878,974.737419522146
515301,BENGALURU URBAN,1.0,3,116.829137038658,350.487411115974
515122,BENGALURU URBAN,1.0,2,119.31084116484,238.62168232968
518302,HYDERABAD,1.0,2,240.042683831978,480.085367663956
518301,HYDERABAD,1.0,13,240.956262073658,3132.431406957554
518380,HYDERABAD,1.0,2,252.304007868331,504.608015736662
518006,HYDERABAD,1.0,6,191.067440831086,1146.404644986516
518002,HYDERABAD,1.0,45,188.630006076972,8488.35027346374
518401,HYDERABAD,1.0,5,188.308435983812,941.5421799190599
518123,MUMBAI SUBURBAN,1.0,0,715.172175118983,0.0
516360,BENGALURU URBAN,1.0,52,226.704537133315,11788.63593093238
516390,HYDERABAD,1.0,12,227.058583542882,2724.703002514584
517192,BENGALURU URBAN,1.0,1,178.211827023848,178.211827023848
517588,BENGALURU URBAN,1.0,5,263.022503748117,1315.112518740585
517584,SOUTH,1.0,0,1699.73995794465,0.0
517526,BENGALURU URBAN,1.0,2,226.060987056264,452.121974112528
517505,BENGALURU URBAN,1.0,2,146.273479454515,292.54695890903
517502,BENGALURU URBAN,1.0,44,214.062305968688,9418.741462622273
517507,BENGALURU URBAN,1.0,35,213.243088732403,7463.508105634105
517501,BENGALURU URBAN,1.0,122,212.783941359596,25959.640845870712
534201,HYDERABAD,1.0,13,334.754317648727,4351.806129433451
534202,HYDERABAD,1.0,27,334.760633297993,9038.537099045812
534260,HYDERABAD,1.0,13,356.763170525987,4637.921216837831
534211,HYDERABAD,1.0,17,345.639673058344,5875.874441991848
534216,HYDERABAD,1.0,2,296.460528122923,592.921056245846
534467,HYDERABAD,1.0,1,273.734706492362,273.734706492362
522004,HYDERABAD,1.0,26,256.059734892041,6657.553107193065
522001,HYDERABAD,1.0,48,262.435805945311,12596.918685374929
522007,HYDERABAD,1.0,51,239.455684880578,12212.239928909477
522003,HYDERABAD,1.0,10,260.043125395881,2600.43125395881
522509,HYDERABAD,1.0,1,243.540360406201,243.540360406201
521328,HYDERABAD,1.0,1,312.495158346079,312.495158346079
521130,HYDERABAD,1.0,1,303.872061790037,303.872061790037
521002,HYDERABAD,1.0,11,311.845766604413,3430.3034326485426
521001,HYDERABAD,1.0,13,310.841688534331,4040.941950946303
521356,HYDERABAD,1.0,1,296.354641103585,296.354641103585
522415,HYDERABAD,1.0,7,154.612625436375,1082.288378054625
524002,BENGALURU URBAN,1.0,51,310.334427292127,15827.055791898476
524005,BENGALURU URBAN,1.0,4,311.774287281676,1247.097149126704
524303,BENGALURU URBAN,1.0,1,277.645551438208,277.645551438208
523155,HYDERABAD,1.0,3,266.097507929721,798.292523789163
523187,HYDERABAD,1.0,4,266.109038263356,1064.436153053424
523105,HYDERABAD,1.0,5,288.831773193759,1444.158865968795
523113,HYDERABAD,1.0,2,287.691403027794,575.382806055588
523002,HYDERABAD,1.0,24,268.683332788065,6448.3999869135605
523301,HYDERABAD,1.0,5,478.139359684069,2390.696798420345
523001,HYDERABAD,1.0,43,271.944425048393,11693.610277080898
534316,HYDERABAD,1.0,1,323.801128433876,323.801128433876
534101,HYDERABAD,1.0,10,327.895813326676,3278.95813326676
534350,HYDERABAD,1.0,5,344.815523603045,1724.077618015225
522311,HYDERABAD,1.0,2,274.722267964885,549.44453592977
522212,HYDERABAD,1.0,2,213.42219005959,426.84438011918
522259,HYDERABAD,1.0,8,215.2369408467,1721.8955267736
522308,HYDERABAD,1.0,2,259.533596663662,519.067193327324
522265,HYDERABAD,1.0,4,292.955199416162,1171.820797664648
522202,HYDERABAD,1.0,6,266.548920692261,1599.293524153566
520008,HYDERABAD,1.0,47,251.345521983426,11813.239533221022
521137,HYDERABAD,1.0,16,256.812737759077,4109.003804145232
520001,HYDERABAD,1.0,22,244.906238369755,5387.9372441346095
533222,HYDERABAD,1.0,3,506.524164605524,1519.572493816572
533220,HYDERABAD,1.0,1,400.379075529643,400.379075529643
533201,HYDERABAD,1.0,14,382.294104426619,5352.117461972666
533211,HYDERABAD,1.0,1,224.711257016217,224.711257016217
533252,HYDERABAD,1.0,1,366.083252805782,366.083252805782
533240,HYDERABAD,1.0,1,371.18319447437,371.18319447437
531031,HYDERABAD,1.0,2,472.411467016308,944.822934032616
531020,HYDERABAD,1.0,6,485.635443722625,2913.81266233575
533003,HYDERABAD,1.0,48,399.568242921829,19179.27566024779
533006,HYDERABAD,1.0,11,397.314898423314,4370.463882656454
533002,HYDERABAD,1.0,17,398.91680620383,6781.58570546511
533004,HYDERABAD,1.0,23,397.923257361147,9152.234919306382
533001,HYDERABAD,1.0,14,398.432200591764,5578.050808284696
533432,HYDERABAD,1.0,2,391.254203332214,782.508406664428
535501,HYDERABAD,1.0,6,539.905757590479,3239.434545542874
533101,HYDERABAD,1.0,42,350.907715557442,14738.124053412563
533125,HYDERABAD,1.0,6,351.450482195219,2108.702893171314
533105,HYDERABAD,1.0,13,350.396130954313,4555.149702406069
533106,HYDERABAD,1.0,6,353.009420506661,2118.056523039966
533307,HYDERABAD,1.0,2,370.842365863019,741.684731726038
532455,HYDERABAD,1.0,1,586.270686038286,586.270686038286
532001,HYDERABAD,1.0,27,577.992555265427,15605.798992166528
530003,HYDERABAD,1.0,24,512.038698225989,12288.928757423737
530002,HYDERABAD,1.0,52,508.22766426486,26427.83854177272
530009,HYDERABAD,1.0,14,500.139828426475,7001.95759797065
530041,HYDERABAD,1.0,32,513.895880500598,16444.668176019135
530012,HYDERABAD,1.0,22,496.31969612063,10919.03331465386
530026,HYDERABAD,1.0,33,497.859129967982,16429.351288943406
530004,HYDERABAD,1.0,11,506.572122286972,5572.293345156691
530011,HYDERABAD,1.0,27,501.928832247004,13552.078470669108
530007,HYDERABAD,1.0,31,504.387901660099,15636.024951463069
530032,HYDERABAD,1.0,23,491.949447529281,11314.837293173463
786184,24 PARAGANAS NORTH,1.0,1,859.237211739873,859.237211739873
786004,24 PARAGANAS NORTH,1.0,4,834.919653658078,3339.678614632312
786001,24 PARAGANAS NORTH,1.0,45,837.726457219934,37697.69057489703
782001,24 PARAGANAS NORTH,1.0,11,589.245406683404,6481.699473517444
785010,24 PARAGANAS NORTH,1.0,2,708.79271817178,1417.58543634356
785634,24 PARAGANAS NORTH,1.0,5,734.975106744033,3674.875533720165
785001,24 PARAGANAS NORTH,1.0,33,708.426272870542,23378.067004727887
785640,24 PARAGANAS NORTH,1.0,23,738.252487987872,16979.807223721054
785686,24 PARAGANAS NORTH,1.0,6,789.695518365193,4738.173110191158
783126,24 PARAGANAS NORTH,1.0,2,420.059388921087,840.118777842174
781016,24 PARAGANAS NORTH,1.0,12,506.88356200939,6082.60274411268
781007,24 PARAGANAS NORTH,1.0,35,509.097014806478,17818.39551822673
781026,24 PARAGANAS NORTH,1.0,17,513.614888523808,8731.453104904735
781020,SOUTH,1.0,16,6939.78536064139,111036.56577026224
781171,24 PARAGANAS NORTH,1.0,13,512.815278934746,6666.598626151697
781040,24 PARAGANAS NORTH,1.0,8,503.661737291644,4029.293898333152
781031,24 PARAGANAS NORTH,1.0,10,505.16323514346,5051.6323514345995
781017,24 PARAGANAS NORTH,1.0,18,493.909775781944,8890.375964074992
781101,24 PARAGANAS NORTH,1.0,4,511.747740139556,2046.990960558224
781011,24 PARAGANAS NORTH,1.0,25,508.911894497643,12722.797362441075
781128,24 PARAGANAS NORTH,1.0,1,472.220790164805,472.220790164805
781012,24 PARAGANAS NORTH,1.0,20,503.147896457869,10062.957929157381
781353,24 PARAGANAS NORTH,1.0,2,481.151802039936,962.303604079872
788710,24 PARAGANAS NORTH,1.0,8,465.169490754033,3721.355926032264
788004,24 PARAGANAS NORTH,1.0,11,502.323128920883,5525.554418129713
788013,24 PARAGANAS NORTH,1.0,1,502.323128920883,502.323128920883
788003,24 PARAGANAS NORTH,1.0,6,502.323128920883,3013.938773525298
784001,24 PARAGANAS NORTH,1.0,32,617.286988289418,19753.183625261376
851116,24 PARAGANAS NORTH,1.0,2,374.433934391505,748.86786878301
846004,24 PARAGANAS NORTH,1.0,17,545.615529799344,9275.464006588849
846001,24 PARAGANAS NORTH,1.0,12,451.715051469038,5420.580617628456
845412,24 PARAGANAS NORTH,1.0,1,528.34152418217,528.34152418217
847239,24 PARAGANAS NORTH,1.0,1,462.814221165996,462.814221165996
842001,24 PARAGANAS NORTH,1.0,39,481.817046415246,18790.864810194595
843130,MUMBAI SUBURBAN,1.0,0,1481.66903851351,0.0
854105,24 PARAGANAS NORTH,1.0,18,319.348431017434,5748.271758313812
854301,24 PARAGANAS NORTH,1.0,24,347.197295813748,8332.735099529951
854327,24 PARAGANAS NORTH,1.0,1,366.590608306578,366.590608306578
854330,24 PARAGANAS NORTH,1.0,2,358.962469976827,717.924939953654
852107,24 PARAGANAS NORTH,1.0,2,391.863866264694,783.727732529388
848205,24 PARAGANAS NORTH,1.0,1,435.016496895609,435.016496895609
841441,24 PARAGANAS NORTH,1.0,1,574.801765771257,574.801765771257
841437,24 PARAGANAS NORTH,1.0,2,607.59366838472,1215.18733676944
824127,MUMBAI SUBURBAN,1.0,2,271.708661980266,543.417323960532
812001,24 PARAGANAS NORTH,1.0,24,311.696900914258,7480.7256219421915
812004,24 PARAGANAS NORTH,1.0,2,310.599702100801,621.199404201602
813214,24 PARAGANAS NORTH,1.0,6,311.433309615913,1868.599857695478
802136,24 PARAGANAS NORTH,1.0,3,532.980997232318,1598.942991696954
823002,24 PARAGANAS NORTH,1.0,2,425.202548065671,850.405096131342
823001,MUMBAI SUBURBAN,1.0,52,4973.91850763575,258643.762397059
824234,SOUTH,1.0,0,880.156700579507,0.0
804408,24 PARAGANAS NORTH,1.0,7,441.367494024047,3089.572458168329
811202,24 PARAGANAS NORTH,1.0,1,350.749870090659,350.749870090659
811201,24 PARAGANAS NORTH,1.0,15,350.425706289662,5256.38559434493
803101,24 PARAGANAS NORTH,1.0,11,396.757766615949,4364.335432775439
803212,24 PARAGANAS NORTH,1.0,2,417.425682365814,834.851364731628
803215,24 PARAGANAS NORTH,1.0,3,406.494171956666,1219.482515869998
803109,24 PARAGANAS NORTH,1.0,3,476.57016156554,1429.71048469662
800020,24 PARAGANAS NORTH,1.0,94,725.67887497617,68213.81424775999
800026,24 PARAGANAS NORTH,1.0,18,454.621052286072,8183.1789411492955
800006,24 PARAGANAS NORTH,1.0,28,442.346795940614,12385.710286337193
800001,24 PARAGANAS NORTH,1.0,123,459.757126849048,56550.1266024329
800023,24 PARAGANAS NORTH,1.0,41,455.673752851207,18682.623866899485
800011,24 PARAGANAS NORTH,1.0,6,306.34540302486,1838.07241814916
800010,24 PARAGANAS NORTH,1.0,6,461.535384823462,2769.212308940772
800014,24 PARAGANAS NORTH,1.0,63,460.729672960919,29025.969396537897
801103,24 PARAGANAS NORTH,1.0,9,474.689734711664,4272.207612404976
495001,HYDERABAD,1.0,58,641.407608648981,37201.6413016409
495220,HYDERABAD,1.0,1,631.965768816082,631.965768816082
495004,HYDERABAD,1.0,14,640.887621060869,8972.426694852167
495555,24 PARAGANAS NORTH,1.0,2,629.478280678272,1258.956561356544
495677,24 PARAGANAS NORTH,1.0,20,644.528478310893,12890.569566217859
490011,HYDERABAD,1.0,8,518.701401158232,4149.611209265856
490023,HYDERABAD,1.0,11,514.231748268674,5656.549230955414
490006,HYDERABAD,1.0,37,494.908351098341,18311.608990638615
490020,HYDERABAD,1.0,29,496.788130660721,14406.855789160909
496242,24 PARAGANAS NORTH,1.0,2,478.714439966943,957.428879933886
492101,HYDERABAD,1.0,3,522.68297388417,1568.04892165251
492001,HYDERABAD,1.0,121,535.898134158867,64843.67423322291
110095,SOUTH,1.0,80,19.2780710477181,1542.245683817448
110032,SOUTH,1.0,115,19.261612814316,2215.08547364634
110053,SOUTH,1.0,70,20.3549719789809,1424.848038528663
110092,SOUTH,1.0,326,20.3581047144975,6636.742136926185
110054,SOUTH,1.0,27,15.3602741508631,414.7274020733037
110033,SOUTH,1.0,49,21.7247755531754,1064.5140021055947
110082,SOUTH,1.0,4,29.171065231837,116.684260927348
110083,SOUTH,1.0,4,24.6905013139123,98.7620052556492
110009,SOUTH,1.0,92,20.5244103583492,1888.2457529681265
110089,SOUTH,1.0,65,24.8163769630525,1613.0645025984127
110086,SOUTH,1.0,54,23.5108190203536,1269.5842270990945
110001,SOUTH,1.0,44,10.2972688975472,453.0798314920768
110006,SOUTH,1.0,39,13.8989531861982,542.0591742617298
110002,SOUTH,1.0,37,11.6395973130134,430.66510058149584
110055,SOUTH,1.0,25,10.8300322846208,270.75080711552005
110005,SOUTH,1.0,64,15.6984434152143,1004.7003785737152
110012,SOUTH,1.0,22,13.8227728254763,304.1010021604786
110008,SOUTH,1.0,77,14.4225982863269,1110.5400680471714
110060,SOUTH,1.0,46,12.9136308625995,594.027019679577
110020,SOUTH,1.0,14,6.22992945198662,87.21901232781268
110019,SOUTH,1.0,182,3.35387927113865,610.4060273472343
110025,SOUTH,1.0,117,7.16063067121101,837.7937885316882
110062,SOUTH,1.0,57,1.37049528819885,78.11823142733445
110024,SOUTH,1.0,79,5.1405178923052,406.1009134921108
110049,SOUTH,1.0,72,4.58684291117748,330.25268960477854
110017,SOUTH,1.0,193,2.31794901630311,447.36416014650024
110065,SOUTH,1.0,57,4.35518682344859,248.24564893656964
110010,SOUTH,1.0,53,11.1442674701529,590.6461759181037
110029,SOUTH,1.0,49,4.60135307563533,225.46630070613114
110021,SOUTH,1.0,54,7.12206789665221,384.59166641921934
110023,SOUTH,1.0,40,5.22505497032033,209.0021988128132
110037,SOUTH,1.0,23,13.0898604982013,301.0667914586299
110022,SOUTH,1.0,28,6.96432653063537,195.00114285779037
110070,SOUTH,1.0,162,5.37802541446048,871.2401171425978
110071,SOUTH,1.0,10,21.5964987959146,215.964987959146
110028,SOUTH,1.0,14,14.3273558480339,200.5829818724746
110018,SOUTH,1.0,197,17.8770699330023,3521.782776801453
110058,SOUTH,1.0,122,17.1996749341061,2098.360341960944
110087,SOUTH,1.0,70,20.2655544899662,1418.588814297634
110015,SOUTH,1.0,100,16.5514702211607,1655.1470221160698
380054,MUMBAI SUBURBAN,1.0,63,437.383284056176,27555.14689553909
380061,MUMBAI SUBURBAN,1.0,50,439.913593445746,21995.6796722873
380015,MUMBAI SUBURBAN,1.0,211,436.157111938122,92029.15061894374
380063,MUMBAI SUBURBAN,1.0,1,435.605516845859,435.605516845859
380024,MUMBAI SUBURBAN,1.0,8,435.005089547111,3480.040716376888
380004,MUMBAI SUBURBAN,1.0,24,436.418776115186,10474.050626764463
382330,MUMBAI SUBURBAN,1.0,24,439.806607276186,10555.358574628464
382345,MUMBAI SUBURBAN,1.0,12,438.215683998849,5258.588207986188
382475,MUMBAI SUBURBAN,1.0,6,441.243892149472,2647.463352896832
380001,MUMBAI SUBURBAN,1.0,15,435.834703100607,6537.520546509105
380008,MUMBAI SUBURBAN,1.0,47,431.952379503034,20301.7618366426
380028,MUMBAI SUBURBAN,1.0,4,431.740889992576,1726.963559970304
382445,MUMBAI SUBURBAN,1.0,12,427.15926480444,5125.91117765328
382016,MUMBAI SUBURBAN,1.0,6,456.862404688876,2741.174428133256
382041,MUMBAI SUBURBAN,1.0,2,459.338465656263,918.676931312526
382481,MUMBAI SUBURBAN,1.0,75,446.100614414841,33457.546081113076
384265,MUMBAI SUBURBAN,1.0,7,531.323457133424,3719.2641999339676
365455,MUMBAI SUBURBAN,1.0,1,334.67589818617,334.67589818617
364001,MUMBAI SUBURBAN,1.0,23,317.364686679861,7299.387793636803
364006,MUMBAI SUBURBAN,1.0,1,305.226570481905,305.226570481905
571250,BENGALURU URBAN,1.0,1,198.527671745775,198.527671745775
571217,BENGALURU URBAN,1.0,1,200.683312671148,200.683312671148
563115,BENGALURU URBAN,1.0,7,71.8648069678342,503.0536487748394
563118,BENGALURU URBAN,1.0,2,73.496984937215,146.99396987443
563126,MUMBAI SUBURBAN,1.0,0,923.733291491322,0.0
563160,BENGALURU URBAN,1.0,1,39.7958193091573,39.7958193091573
563121,BENGALURU URBAN,1.0,1,81.1151088390286,81.1151088390286
571430,BENGALURU URBAN,1.0,2,83.7425561806944,167.4851123613888
571401,BENGALURU URBAN,1.0,26,87.55952787653,2276.5477247897797
571402,BENGALURU URBAN,1.0,1,86.3429493115984,86.3429493115984
571432,BENGALURU URBAN,1.0,1,90.0092631505945,90.0092631505945
571434,BENGALURU URBAN,1.0,1,110.137137707759,110.137137707759
574144,BENGALURU URBAN,1.0,4,285.312797413177,1141.251189652708
575017,BENGALURU URBAN,1.0,5,294.592407145566,1472.9620357278302
574141,BENGALURU URBAN,1.0,7,295.247286139397,2066.7310029757787
575004,BENGALURU URBAN,1.0,23,297.075591884543,6832.738613344489
575025,BENGALURU URBAN,1.0,3,302.264734808558,906.794204425674
570019,BENGALURU URBAN,1.0,29,121.89318962442,3534.90249910818
570006,BENGALURU URBAN,1.0,4,125.852910057942,503.411640231768
570017,BENGALURU URBAN,1.0,42,124.541501299465,5230.74305457753
570018,BENGALURU URBAN,1.0,10,127.145681670582,1271.4568167058198
571187,BENGALURU URBAN,1.0,1,174.074171560425,174.074171560425
571110,BENGALURU URBAN,1.0,1,107.644807902171,107.644807902171
571111,BENGALURU URBAN,1.0,8,158.037703711681,1264.301629693448
571316,BENGALURU URBAN,1.0,1,100.159420238215,100.159420238215
571301,BENGALURU URBAN,1.0,5,134.156173807958,670.78086903979
574102,BENGALURU URBAN,1.0,2,290.802692155467,581.605384310934
574201,BENGALURU URBAN,1.0,9,258.950949013245,2330.558541119205
574203,BENGALURU URBAN,1.0,6,260.730802503171,1564.384815019026
577544,BENGALURU URBAN,1.0,1,234.407728949214,234.407728949214
577201,BENGALURU URBAN,1.0,43,243.271728049004,10460.684306107172
572214,BENGALURU URBAN,1.0,2,24.1401176707747,48.2802353415494
572107,BENGALURU URBAN,1.0,6,69.1474041453439,414.8844248720634
572105,BENGALURU URBAN,1.0,3,66.4861227621645,199.4583682864935
688001,BENGALURU URBAN,1.0,2,406.554456975656,813.108913951312
688007,BENGALURU URBAN,1.0,2,404.459903568636,808.919807137272
688538,BENGALURU URBAN,1.0,2,397.826041436781,795.652082873562
688002,BENGALURU URBAN,1.0,2,407.376517888985,814.75303577797
688008,BENGALURU URBAN,1.0,1,403.241643824313,403.241643824313
688534,BENGALURU URBAN,1.0,8,405.458628641813,3243.669029134504
688524,BENGALURU URBAN,1.0,16,385.622534379049,6169.960550064784
683101,BENGALURU URBAN,1.0,23,341.613793898814,7857.117259672722
683502,BENGALURU URBAN,1.0,4,345.849341230966,1383.397364923864
683112,BENGALURU URBAN,1.0,7,342.554925889918,2397.884481229426
683574,BENGALURU URBAN,1.0,7,332.178791797888,2325.2515425852157
683517,BENGALURU URBAN,1.0,8,349.000564311093,2792.004514488744
686663,BENGALURU URBAN,1.0,3,353.259136044947,1059.7774081348412
683547,BENGALURU URBAN,1.0,4,337.051163734963,1348.204654939852
683543,BENGALURU URBAN,1.0,1,334.716241966657,334.716241966657
686692,BENGALURU URBAN,1.0,6,334.326791229374,2005.960747376244
682027,BENGALURU URBAN,1.0,6,352.666368690898,2115.998212145388
682018,BENGALURU URBAN,1.0,31,356.752339893269,11059.32253669134
682017,BENGALURU URBAN,1.0,42,355.85320626147,14945.83466298174
682025,BENGALURU URBAN,1.0,25,354.664823180753,8866.620579518825
682036,BENGALURU URBAN,1.0,27,358.990041861526,9692.731130261202
682015,BENGALURU URBAN,1.0,4,360.565716183255,1442.26286473302
682038,BENGALURU URBAN,1.0,12,358.72130753023,4304.65569036276
682031,BENGALURU URBAN,1.0,6,358.28883101195,2149.7329860717
682301,BENGALURU URBAN,1.0,49,358.585425453972,17570.68584724463
682310,BENGALURU URBAN,1.0,4,351.315958438527,1405.263833754108
682023,BENGALURU URBAN,1.0,14,353.87772481084,4954.28814735176
682002,BENGALURU URBAN,1.0,21,360.138456765197,7562.9075920691375
682505,BENGALURU URBAN,1.0,2,353.917642604873,707.835285209746
682005,BENGALURU URBAN,1.0,31,363.470700828849,11267.591725694318
685583,BENGALURU URBAN,1.0,3,354.575488652695,1063.726465958085
680307,BENGALURU URBAN,1.0,15,322.8068929584,4842.103394376
680689,BENGALURU URBAN,1.0,1,319.967130238706,319.967130238706
680122,BENGALURU URBAN,1.0,1,326.953342817532,326.953342817532
680703,BENGALURU URBAN,1.0,3,324.3713272833,973.1139818499
680667,BENGALURU URBAN,1.0,1,340.270331843192,340.270331843192
680685,BENGALURU URBAN,1.0,1,331.498659102266,331.498659102266
680661,BENGALURU URBAN,1.0,1,325.741907711589,325.741907711589
680562,BENGALURU URBAN,1.0,3,317.418000518041,952.2540015541231
686015,BENGALURU URBAN,1.0,4,388.010716511627,1552.042866046508
686002,BENGALURU URBAN,1.0,6,388.817345954273,2332.904075725638
686003,BENGALURU URBAN,1.0,1,390.665851623498,390.665851623498
686561,BENGALURU URBAN,1.0,3,383.26200507489,1149.7860152246699
686013,BENGALURU URBAN,1.0,8,392.840361153751,3142.722889230008
686005,BENGALURU URBAN,1.0,3,389.832537223734,1169.4976116712019
686653,BENGALURU URBAN,1.0,1,364.066668067933,364.066668067933
686572,BENGALURU URBAN,1.0,4,376.696172192872,1506.784688771488
686611,BENGALURU URBAN,1.0,5,377.26058277369,1886.3029138684499
686606,BENGALURU URBAN,1.0,2,381.917624338317,763.835248676634
686143,BENGALURU URBAN,1.0,1,374.150667822349,374.150667822349
690513,BENGALURU URBAN,1.0,1,426.856306136248,426.856306136248
690501,BENGALURU URBAN,1.0,2,437.705573454349,875.411146908698
689624,BENGALURU URBAN,1.0,1,420.531849288791,420.531849288791
690558,BENGALURU URBAN,1.0,2,425.759772635189,851.519545270378
689520,BENGALURU URBAN,1.0,3,419.510951830361,1258.532855491083
689509,BENGALURU URBAN,1.0,3,423.335724959554,1270.007174878662
680506,BENGALURU URBAN,1.0,4,311.936551938242,1247.746207752968
680516,BENGALURU URBAN,1.0,1,311.683791183406,311.683791183406
680555,BENGALURU URBAN,1.0,5,305.467386190245,1527.336930951225
680003,BENGALURU URBAN,1.0,9,308.042177770615,2772.379599935535
680010,BENGALURU URBAN,1.0,5,304.448751993251,1522.2437599662549
679531,BENGALURU URBAN,1.0,7,281.949291463943,1973.645040247601
679532,BENGALURU URBAN,1.0,3,283.594666255721,850.783998767163
680594,BENGALURU URBAN,1.0,1,275.603523867805,275.603523867805
679106,BENGALURU URBAN,1.0,2,277.384872877485,554.76974575497
680604,BENGALURU URBAN,1.0,2,299.207909074058,598.415818148116
680588,BENGALURU URBAN,1.0,3,275.477008234709,826.4310247041269
691551,BENGALURU URBAN,1.0,1,360.364496619576,360.364496619576
689663,BENGALURU URBAN,1.0,1,386.219633314813,386.219633314813
689678,BENGALURU URBAN,1.0,2,414.482339003093,828.964678006186
689698,BENGALURU URBAN,1.0,3,374.302212459843,1122.906637379529
689695,BENGALURU URBAN,1.0,5,376.052350744262,1880.26175372131
690542,BENGALURU URBAN,1.0,1,444.706756605065,444.706756605065
691002,BENGALURU URBAN,1.0,5,462.721873357755,2313.609366788775
691572,BENGALURU URBAN,1.0,5,463.098490640643,2315.492453203215
691011,BENGALURU URBAN,1.0,6,465.216925052435,2791.30155031461
691008,BENGALURU URBAN,1.0,2,462.467688001857,924.935376003714
691579,BENGALURU URBAN,1.0,1,463.744348915754,463.744348915754
691001,BENGALURU URBAN,1.0,17,463.549827553974,7880.347068417558
691013,BENGALURU URBAN,1.0,4,462.978492848419,1851.913971393676
691303,BENGALURU URBAN,1.0,2,466.659629160866,933.319258321732
691304,BENGALURU URBAN,1.0,5,465.336841280704,2326.68420640352
691521,24 PARAGANAS NORTH,1.0,0,1964.64212242295,0.0
689611,BENGALURU URBAN,1.0,2,408.091522032664,816.183044065328
689614,BENGALURU URBAN,1.0,1,235.645525858146,235.645525858146
689506,BENGALURU URBAN,1.0,2,415.973560957248,831.947121914496
689581,BENGALURU URBAN,1.0,19,403.614811863609,7668.681425408571
689571,BENGALURU URBAN,1.0,1,374.400320168057,374.400320168057
689621,BENGALURU URBAN,1.0,4,415.964376336364,1663.857505345456
689111,BENGALURU URBAN,1.0,3,409.434342004597,1228.303026013791
695142,BENGALURU URBAN,1.0,1,476.765326441645,476.765326441645
695302,BENGALURU URBAN,1.0,1,487.821797988101,487.821797988101
695317,24 PARAGANAS NORTH,1.0,0,1998.11351634236,0.0
695023,BENGALURU URBAN,1.0,4,528.65227625823,2114.60910503292
695587,BENGALURU URBAN,1.0,13,491.176453419096,6385.293894448248
695015,BENGALURU URBAN,1.0,13,491.752277846942,6392.779612010246
695007,BENGALURU URBAN,1.0,1,500.106762091378,500.106762091378
695016,BENGALURU URBAN,1.0,3,493.657548996529,1480.972646989587
695033,BENGALURU URBAN,1.0,5,497.228518620036,2486.14259310018
695512,BENGALURU URBAN,1.0,2,499.790130065113,999.580260130226
695125,BENGALURU URBAN,1.0,2,498.267835947501,996.535671895002
695032,BENGALURU URBAN,1.0,7,498.550734360797,3489.855140525579
695042,BENGALURU URBAN,1.0,4,506.176419289127,2024.705677156508
695002,BENGALURU URBAN,1.0,37,499.620985082912,18485.976448067744
695527,BENGALURU URBAN,1.0,4,508.747097276672,2034.988389106688
695043,BENGALURU URBAN,1.0,19,492.29431982212,9353.59207662028
695026,BENGALURU URBAN,1.0,5,504.438239447395,2522.191197236975
695038,BENGALURU URBAN,1.0,1,489.876454791028,489.876454791028
695010,BENGALURU URBAN,1.0,18,496.18007379753,8931.24132835554
673580,BENGALURU URBAN,1.0,5,239.757557339155,1198.787786695775
673012,BENGALURU URBAN,1.0,12,264.132470447692,3169.5896453723044
673613,BENGALURU URBAN,1.0,3,254.131895930428,762.395687791284
673582,BENGALURU URBAN,1.0,1,247.9110792578,247.9110792578
673032,BENGALURU URBAN,1.0,6,271.431113620417,1628.5866817225021
673632,BENGALURU URBAN,1.0,3,269.182714445998,807.5481433379939
673011,BENGALURU URBAN,1.0,7,269.839201156684,1888.874408096788
673021,BENGALURU URBAN,1.0,3,268.453814589503,805.3614437685089
673002,BENGALURU URBAN,1.0,3,270.767671246758,812.3030137402741
670612,BENGALURU URBAN,1.0,10,267.602323590329,2676.02323590329
670009,BENGALURU URBAN,1.0,9,267.602323590329,2408.420912312961
670601,BENGALURU URBAN,1.0,5,267.602323590329,1338.011617951645
670325,BENGALURU URBAN,1.0,2,267.602323590329,535.204647180658
670561,BENGALURU URBAN,1.0,4,267.602323590329,1070.409294361316
670018,BENGALURU URBAN,1.0,1,267.602323590329,267.602323590329
670007,BENGALURU URBAN,1.0,18,267.602323590329,4816.841824625922
670594,BENGALURU URBAN,1.0,10,267.602323590329,2676.02323590329
670521,BENGALURU URBAN,1.0,13,261.205184070547,3395.6673929171106
670563,BENGALURU URBAN,1.0,1,261.205184070547,261.205184070547
670503,BENGALURU URBAN,1.0,5,266.392187219468,1331.96093609734
671326,BENGALURU URBAN,1.0,1,250.758256092568,250.758256092568
671533,BENGALURU URBAN,1.0,1,261.351865645546,261.351865645546
671319,BENGALURU URBAN,1.0,8,282.64804771898,2261.18438175184
679323,BENGALURU URBAN,1.0,3,265.0587429029,795.1762287087
673647,BENGALURU URBAN,1.0,1,258.422474492011,258.422474492011
673634,BENGALURU URBAN,1.0,3,272.196214312981,816.5886429389429
673637,BENGALURU URBAN,1.0,2,266.30378021939,532.60756043878
679505,BENGALURU URBAN,1.0,1,270.849994969137,270.849994969137
679515,BENGALURU URBAN,1.0,1,264.594289137927,264.594289137927
678597,BENGALURU URBAN,1.0,3,252.096533925424,756.2896017762721
679521,BENGALURU URBAN,1.0,5,275.513583410548,1377.56791705274
678598,BENGALURU URBAN,1.0,2,244.751531191671,489.503062383342
679122,BENGALURU URBAN,1.0,4,278.538730264599,1114.154921058396
679522,BENGALURU URBAN,1.0,4,275.724994331462,1102.899977325848
678505,BENGALURU URBAN,1.0,1,278.901949782465,278.901949782465
678573,BENGALURU URBAN,1.0,5,278.901949782465,1394.509748912325
678706,BENGALURU URBAN,1.0,2,278.901949782465,557.80389956493
678005,BENGALURU URBAN,1.0,4,258.60638725792,1034.42554903168
678611,BENGALURU URBAN,1.0,1,258.60638725792,258.60638725792
678594,BENGALURU URBAN,1.0,1,258.60638725792,258.60638725792
678622,BENGALURU URBAN,1.0,3,258.60638725792,775.81916177376
678001,BENGALURU URBAN,1.0,27,260.589669438096,7035.921074828592
678503,BENGALURU URBAN,1.0,1,258.60638725792,258.60638725792
678103,BENGALURU URBAN,1.0,3,258.60638725792,775.81916177376
670694,BENGALURU URBAN,1.0,1,262.432044291956,262.432044291956
670662,BENGALURU URBAN,1.0,4,262.432044291956,1049.728177167824
670671,BENGALURU URBAN,1.0,1,262.432044291956,262.432044291956
676320,BENGALURU URBAN,1.0,1,285.882338852098,285.882338852098
673308,BENGALURU URBAN,1.0,3,261.07032297887,783.21096893661
673102,BENGALURU URBAN,1.0,2,261.541451087069,523.082902174138
673103,BENGALURU URBAN,1.0,1,263.872240442998,263.872240442998
480886,HYDERABAD,1.0,1,614.9405898109,614.9405898109
462008,SOUTH,1.0,3,586.234462202529,1758.7033866075872
462001,SOUTH,1.0,29,585.161273030386,16969.676917881196
462043,SOUTH,1.0,29,593.59748567273,17214.327084509172
462016,SOUTH,1.0,41,590.597685163601,24214.50509170764
462003,SOUTH,1.0,31,589.520957085419,18275.149669647988
462026,SOUTH,1.0,37,591.410388508907,21882.184374829558
460553,HYDERABAD,1.0,2,500.889758464543,1001.779516929086
480003,HYDERABAD,1.0,1,514.372014151912,514.372014151912
461001,HYDERABAD,1.0,9,596.952124786643,5372.5691230797875
461115,HYDERABAD,1.0,2,578.415441685916,1156.830883371832
461881,HYDERABAD,1.0,1,557.743397988853,557.743397988853
487118,HYDERABAD,1.0,1,633.012181708719,633.012181708719
486001,SOUTH,1.0,43,603.42635624081,25947.33331835483
485005,HYDERABAD,1.0,1,522.875954206955,522.875954206955
484886,HYDERABAD,1.0,1,673.415756788866,673.415756788866
484114,SOUTH,1.0,10,684.216839986116,6842.168399861161
486887,24 PARAGANAS NORTH,1.0,1,622.891512289003,622.891512289003
486890,24 PARAGANAS NORTH,1.0,6,607.940104702275,3647.64062821365
452001,MUMBAI SUBURBAN,1.0,120,424.882735451428,50985.92825417136
453111,MUMBAI SUBURBAN,1.0,1,504.7351494633,504.7351494633
453556,MUMBAI SUBURBAN,1.0,1,505.923094975636,505.923094975636
453555,MUMBAI SUBURBAN,1.0,9,505.923094975636,4553.307854780724
452005,MUMBAI SUBURBAN,1.0,5,503.887578848925,2519.437894244625
452015,MUMBAI SUBURBAN,1.0,4,459.150897767372,1836.603591069488
454774,MUMBAI SUBURBAN,1.0,2,482.365242822993,964.730485645986
482020,HYDERABAD,1.0,3,650.371960289037,1951.1158808671112
482011,SOUTH,1.0,2,654.426711823781,1308.853423647562
482009,SOUTH,1.0,5,653.03486098036,3265.1743049018
483504,SOUTH,1.0,2,613.139279083586,1226.278558167172
457990,MUMBAI SUBURBAN,1.0,1,399.985634006458,399.985634006458
466445,HYDERABAD,1.0,1,599.110064983583,599.110064983583
456010,MUMBAI SUBURBAN,1.0,39,542.66353836693,21163.877996310268
473226,SOUTH,1.0,5,429.410905978212,2147.05452989106
474010,SOUTH,1.0,1,276.453970999823,276.453970999823
474009,SOUTH,1.0,10,276.453970999823,2764.53970999823
474011,SOUTH,1.0,24,277.361211597232,6656.669078333568
474003,SOUTH,1.0,5,271.764126071739,1358.8206303586949
403802,MUMBAI SUBURBAN,1.0,48,426.783556920136,20485.610732166526
403712,MUMBAI SUBURBAN,1.0,6,434.080764039171,2604.484584235026
403711,MUMBAI SUBURBAN,1.0,12,427.03154250703,5124.37851008436
403710,MUMBAI SUBURBAN,1.0,5,428.713597866654,2143.56798933327
403718,MUMBAI SUBURBAN,1.0,1,436.727280048495,436.727280048495
403720,MUMBAI SUBURBAN,1.0,12,439.766174812411,5277.194097748932
403804,MUMBAI SUBURBAN,1.0,6,424.420823570884,2546.524941425304
403722,MUMBAI SUBURBAN,1.0,16,434.434063357073,6950.945013713168
403508,MUMBAI SUBURBAN,1.0,13,407.093843497824,5292.219965471712
403504,MUMBAI SUBURBAN,1.0,17,409.12759637397,6955.16913835749
403001,MUMBAI SUBURBAN,1.0,57,416.832100179148,23759.429710211436
403513,MUMBAI SUBURBAN,1.0,21,400.08322578327,8401.74774144867
403115,MUMBAI SUBURBAN,1.0,2,423.23014073447,846.46028146894
403006,MUMBAI SUBURBAN,1.0,18,415.9364166517,7486.855499730599
403005,MUMBAI SUBURBAN,1.0,20,417.857976886861,8357.159537737221
403521,MUMBAI SUBURBAN,1.0,50,393.679271044001,19683.96355220005
403502,MUMBAI SUBURBAN,1.0,13,402.961655739885,5238.501524618505
416116,MUMBAI SUBURBAN,1.0,1,314.704993180149,314.704993180149
416109,MUMBAI SUBURBAN,1.0,1,311.265907231754,311.265907231754
416114,MUMBAI SUBURBAN,1.0,2,285.952610035939,571.905220071878
416112,MUMBAI SUBURBAN,1.0,1,296.440195225988,296.440195225988
416012,MUMBAI SUBURBAN,1.0,21,305.032645426947,6405.685553965887
416001,MUMBAI SUBURBAN,1.0,9,305.340084134355,2748.060757209195
416010,MUMBAI SUBURBAN,1.0,1,304.441079398491,304.441079398491
416008,MUMBAI SUBURBAN,1.0,20,306.677514108009,6133.55028216018
416004,MUMBAI SUBURBAN,1.0,3,309.01456404728,927.04369214184
416502,MUMBAI SUBURBAN,1.0,5,353.867196669985,1769.3359833499248
416234,MUMBAI SUBURBAN,1.0,1,313.898584395083,313.898584395083
415634,MUMBAI SUBURBAN,1.0,2,178.696070057865,357.39214011573
416410,MUMBAI SUBURBAN,1.0,22,317.073603920816,6975.619286257953
415404,BENGALURU URBAN,1.0,0,591.558758562504,0.0
400012,MUMBAI SUBURBAN,1.0,102,15.4085852220812,1571.6756926522824
400031,MUMBAI SUBURBAN,1.0,21,13.0134604389251,273.2826692174271
400070,MUMBAI SUBURBAN,1.0,56,4.70687976072313,263.5852666004953
400072,MUMBAI SUBURBAN,1.0,180,2.76089779944503,496.96160390010544
400022,MUMBAI SUBURBAN,1.0,98,9.01735869818135,883.7011524217723
400069,MUMBAI SUBURBAN,1.0,71,3.0585210014493,217.1549911029003
400058,MUMBAI SUBURBAN,1.0,92,3.22200474709556,296.42443673279155
400051,MUMBAI SUBURBAN,1.0,100,7.73006188809968,773.006188809968
400053,MUMBAI SUBURBAN,1.0,252,4.64963500273355,1171.7080206888547
400050,MUMBAI SUBURBAN,1.0,127,8.80745260883516,1118.5464813220653
400052,MUMBAI SUBURBAN,1.0,59,7.49326323992345,442.1025311554835
400059,MUMBAI SUBURBAN,1.0,183,1.1231825327931,205.5424035011373
400057,MUMBAI SUBURBAN,1.0,69,4.23551926960862,292.25082960299477
400056,MUMBAI SUBURBAN,1.0,39,4.56797424381027,178.15099550860054
400075,MUMBAI SUBURBAN,1.0,40,6.23560176282529,249.4240705130116
400074,MUMBAI SUBURBAN,1.0,74,9.01834291650992,667.357375821734
400043,MUMBAI SUBURBAN,1.0,66,9.44401280969148,623.3048454396377
400081,MUMBAI SUBURBAN,1.0,110,9.72948818940338,1070.2437008343718
400087,MUMBAI SUBURBAN,1.0,5,2.67136259332581,13.35681296662905
400088,MUMBAI SUBURBAN,1.0,54,12.5870437386234,679.7003618856636
400079,MUMBAI SUBURBAN,1.0,45,5.50315857029125,247.64213566310625
400104,MUMBAI SUBURBAN,1.0,131,6.54445565883489,857.3236913073706
400067,MUMBAI SUBURBAN,1.0,261,10.3498073847136,2701.2997274102495
400065,MUMBAI SUBURBAN,1.0,52,5.67471617771916,295.0852412413963
400063,MUMBAI SUBURBAN,1.0,169,4.23693230853032,716.041560141624
400004,MUMBAI SUBURBAN,1.0,28,19.5654195998677,547.8317487962955
400016,MUMBAI SUBURBAN,1.0,87,10.6911215461261,930.1275745129707
400028,MUMBAI SUBURBAN,1.0,70,12.0643874630933,844.507122416531
400026,MUMBAI SUBURBAN,1.0,44,19.0580492695782,838.5541678614408
400008,MUMBAI SUBURBAN,1.0,51,17.0973529883552,871.9650024061152
400007,MUMBAI SUBURBAN,1.0,46,19.7237698901492,907.2934149468632
400005,MUMBAI SUBURBAN,1.0,54,25.7706247738768,1391.6137377893472
400001,MUMBAI SUBURBAN,1.0,38,21.4974194982724,816.9019409343512
400020,MUMBAI SUBURBAN,1.0,11,22.4291682960539,246.72085125659288
400708,MUMBAI SUBURBAN,1.0,117,12.7663565201031,1493.6637128520626
400614,MUMBAI SUBURBAN,1.0,61,20.8879538136457,1274.1651826323878
400704,MUMBAI SUBURBAN,1.0,2,25.2751433831824,50.5502867663648
400706,MUMBAI SUBURBAN,1.0,181,17.7747900658519,3217.237001919194
410220,MUMBAI SUBURBAN,1.0,1,41.0562163144868,41.0562163144868
410208,MUMBAI SUBURBAN,1.0,33,26.1718579413218,863.6713120636194
410209,MUMBAI SUBURBAN,1.0,72,26.0175356399424,1873.2625660758526
402117,MUMBAI SUBURBAN,1.0,2,108.455237898094,216.910475796188
402126,MUMBAI SUBURBAN,1.0,2,77.4631215664979,154.9262431329958
421002,MUMBAI SUBURBAN,1.0,10,32.2054693236416,322.054693236416
421502,MUMBAI SUBURBAN,1.0,10,33.7719023466571,337.719023466571
400610,MUMBAI SUBURBAN,1.0,139,15.6397833063077,2173.9298795767704
400608,MUMBAI SUBURBAN,1.0,48,12.9500858379894,621.6041202234912
400615,MUMBAI SUBURBAN,1.0,175,18.6908139954405,3270.8924492020874
400604,MUMBAI SUBURBAN,1.0,52,10.9193697467672,567.8072268318945
400612,MUMBAI SUBURBAN,1.0,26,18.8467340367687,490.01508495598625
401302,MUMBAI SUBURBAN,1.0,2,39.5802692254773,79.1605384509546
401105,MUMBAI SUBURBAN,1.0,101,20.7029690870945,2090.9998777965443
401504,MUMBAI SUBURBAN,1.0,13,77.8395321321863,1011.913917718422
401106,MUMBAI SUBURBAN,1.0,3,19.9107601697842,59.732280509352606
401202,MUMBAI SUBURBAN,1.0,83,29.2751525576897,2429.837662288245
444002,HYDERABAD,1.0,8,396.839555484399,3174.716443875192
444004,HYDERABAD,1.0,2,395.9159564809,791.8319129618
444005,HYDERABAD,1.0,8,396.570043796469,3172.560350371752
444001,HYDERABAD,1.0,24,395.51052600078,9492.25262401872
444605,HYDERABAD,1.0,9,397.082617588883,3573.743558299947
444601,HYDERABAD,1.0,10,400.221506913108,4002.21506913108
443202,HYDERABAD,1.0,2,382.204736495851,764.409472991702
443203,MUMBAI SUBURBAN,1.0,1,352.711827664129,352.711827664129
440024,HYDERABAD,1.0,20,413.13535712632,8262.7071425264
440017,HYDERABAD,1.0,23,418.802709076819,9632.462308766837
440018,HYDERABAD,1.0,17,415.942379377426,7071.020449416242
440026,HYDERABAD,1.0,16,421.285353903318,6740.565662453088
440013,HYDERABAD,1.0,44,419.162110274999,18443.132852099956
440036,HYDERABAD,1.0,14,410.933751471926,5753.072520606964
440007,HYDERABAD,1.0,7,417.231994515919,2920.623961611433
440021,HYDERABAD,1.0,3,413.523990446023,1240.571971338069
441912,HYDERABAD,1.0,10,456.245250030615,4562.45250030615
441001,HYDERABAD,1.0,8,426.559307801597,3412.474462412776
441109,MUMBAI SUBURBAN,1.0,0,685.149646141818,0.0
414001,MUMBAI SUBURBAN,1.0,20,195.48807659053,3909.7615318106
414003,MUMBAI SUBURBAN,1.0,28,195.272613912455,5467.63318954874
413701,MUMBAI SUBURBAN,1.0,3,200.199772077342,600.599316232026
413302,MUMBAI SUBURBAN,1.0,1,291.837554395362,291.837554395362
413301,MUMBAI SUBURBAN,1.0,1,298.50158239458,298.50158239458
411003,HYDERABAD,1.0,23,315.565138824673,7257.998192967479
411001,MUMBAI SUBURBAN,1.0,111,126.25354517987,14014.14351496557
411033,MUMBAI SUBURBAN,1.0,191,110.003079955219,21010.588271446828
411014,MUMBAI SUBURBAN,1.0,338,126.663177529487,42812.15400496661
411034,MUMBAI SUBURBAN,1.0,10,115.457671450392,1154.57671450392
411018,MUMBAI SUBURBAN,1.0,56,112.64721046441,6308.243786006959
411060,MUMBAI SUBURBAN,1.0,94,131.868640257812,12395.652184234326
411036,MUMBAI SUBURBAN,1.0,87,127.233175170799,11069.286239859513
411017,MUMBAI SUBURBAN,1.0,86,96.0703649869206,8262.05138887517
411007,MUMBAI SUBURBAN,1.0,65,117.422594780632,7632.4686607410795
411020,MUMBAI SUBURBAN,1.0,32,117.607526128411,3763.440836109152
411005,MUMBAI SUBURBAN,1.0,17,122.657278146085,2085.1737284834453
411038,MUMBAI SUBURBAN,1.0,223,120.422815653309,26854.28789068791
411030,MUMBAI SUBURBAN,1.0,70,123.169391641206,8621.85741488442
411002,MUMBAI SUBURBAN,1.0,30,123.410837078125,3702.32511234375
411042,MUMBAI SUBURBAN,1.0,19,124.733117131081,2369.929225490539
411058,MUMBAI SUBURBAN,1.0,71,120.838990130664,8579.568299277144
411041,MUMBAI SUBURBAN,1.0,158,123.405731239868,19498.105535899143
411067,MUMBAI SUBURBAN,1.0,1,116.618555929847,116.618555929847
412112,MUMBAI SUBURBAN,1.0,1,103.712754509382,103.712754509382
410401,MUMBAI SUBURBAN,1.0,18,69.3716017835573,1248.6888321040312
713103,24 PARAGANAS NORTH,1.0,17,79.1071970892407,1344.822350517092
713427,24 PARAGANAS NORTH,1.0,1,145.119843860968,145.119843860968
713405,24 PARAGANAS NORTH,1.0,2,58.7440337807477,117.4880675614954
713515,BENGALURU URBAN,1.0,0,1613.10362873181,0.0
713512,24 PARAGANAS NORTH,1.0,2,84.1735662718716,168.3471325437432
713513,24 PARAGANAS NORTH,1.0,1,78.1592523285759,78.1592523285759
721422,MUMBAI SUBURBAN,1.0,0,1569.19417350626,0.0
721425,24 PARAGANAS NORTH,1.0,1,109.208141025871,109.208141025871
721455,24 PARAGANAS NORTH,1.0,1,141.423375605821,141.423375605821
721401,24 PARAGANAS NORTH,1.0,15,137.022676494728,2055.34014742092
721427,24 PARAGANAS NORTH,1.0,1,117.220885982259,117.220885982259
721429,24 PARAGANAS NORTH,1.0,4,134.406513204016,537.626052816064
721433,24 PARAGANAS NORTH,1.0,1,134.675992582201,134.675992582201
721448,24 PARAGANAS NORTH,1.0,2,144.290052078815,288.58010415763
721446,24 PARAGANAS NORTH,1.0,2,149.342088812028,298.684177624056
712613,24 PARAGANAS NORTH,1.0,3,20.4497001561671,61.349100468501305
712412,24 PARAGANAS NORTH,1.0,1,49.8526326510699,49.8526326510699
712415,24 PARAGANAS NORTH,1.0,0,52.6461816975459,0.0
712123,24 PARAGANAS NORTH,1.0,5,77.1666526785501,385.8332633927505
712134,24 PARAGANAS NORTH,1.0,2,41.9126326425507,83.8252652851014
712102,24 PARAGANAS NORTH,1.0,4,18.3399624257688,73.3598497030752
712302,24 PARAGANAS NORTH,1.0,2,46.2899983835297,92.5799967670594
712148,24 PARAGANAS NORTH,1.0,2,15.9430380824322,31.8860761648644
712305,24 PARAGANAS NORTH,1.0,2,20.4497001561671,40.8994003123342
712124,24 PARAGANAS NORTH,1.0,5,5.77096890153428,28.8548445076714
712404,24 PARAGANAS NORTH,1.0,3,36.0756722477107,108.2270167431321
712138,24 PARAGANAS NORTH,1.0,2,13.52520994344,27.05041988688
712405,24 PARAGANAS NORTH,1.0,2,13.52520994344,27.05041988688
712203,24 PARAGANAS NORTH,1.0,11,13.52520994344,148.77730937784
712407,24 PARAGANAS NORTH,1.0,1,25.4851767449418,25.4851767449418
712408,24 PARAGANAS NORTH,1.0,1,41.125172333965,41.125172333965
712223,24 PARAGANAS NORTH,1.0,5,8.62663319843513,43.13316599217565
712409,24 PARAGANAS NORTH,1.0,1,18.3457854568411,18.3457854568411
712410,24 PARAGANAS NORTH,1.0,4,41.9938694817271,167.9754779269084
711401,24 PARAGANAS NORTH,1.0,3,38.5950353819657,115.7851061458971
711302,24 PARAGANAS NORTH,1.0,15,70.4599873071694,1056.899809607541
711303,24 PARAGANAS NORTH,1.0,1,51.8573244297519,51.8573244297519
711403,24 PARAGANAS NORTH,1.0,1,23.3206007204355,23.3206007204355
711404,24 PARAGANAS NORTH,1.0,3,28.053181892023,84.159545676069
711310,24 PARAGANAS NORTH,1.0,1,64.6459807434315,64.6459807434315
711312,24 PARAGANAS NORTH,1.0,4,110.573856319651,442.295425278604
711322,24 PARAGANAS NORTH,1.0,5,17.9003289054929,89.50164452746449
711313,24 PARAGANAS NORTH,1.0,1,29.1056119948659,29.1056119948659
711104,24 PARAGANAS NORTH,1.0,29,22.8831961372997,663.6126879816912
711316,24 PARAGANAS NORTH,1.0,5,61.2243842642457,306.1219213212285
711315,24 PARAGANAS NORTH,1.0,5,440.384229922475,2201.9211496123753
711114,24 PARAGANAS NORTH,1.0,3,17.6007431656566,52.8022294969698
711205,24 PARAGANAS NORTH,1.0,8,316.098690537204,2528.789524297632
721133,24 PARAGANAS NORTH,1.0,1,140.389893135619,140.389893135619
721504,24 PARAGANAS NORTH,1.0,1,148.067914921178,148.067914921178
721304,24 PARAGANAS NORTH,1.0,5,126.060155122095,630.300775610475
721124,24 PARAGANAS NORTH,1.0,1,117.748861445517,117.748861445517
721201,24 PARAGANAS NORTH,1.0,1,91.2081326195035,91.2081326195035
721211,24 PARAGANAS NORTH,1.0,1,72.0853234176951,72.0853234176951
721126,24 PARAGANAS NORTH,1.0,9,97.9494257383053,881.5448316447477
721127,24 PARAGANAS NORTH,1.0,1,108.339424736535,108.339424736535
721212,24 PARAGANAS NORTH,1.0,0,68.5359930925571,0.0
721131,24 PARAGANAS NORTH,1.0,1,79.6597059115526,79.6597059115526
721301,24 PARAGANAS NORTH,1.0,13,129.273704872486,1680.558163342318
721166,24 PARAGANAS NORTH,1.0,3,105.670660186342,317.01198055902603
721140,24 PARAGANAS NORTH,1.0,2,99.845449053563,199.690898107126
721160,24 PARAGANAS NORTH,1.0,1,93.2119494541668,93.2119494541668
721144,24 PARAGANAS NORTH,1.0,1,80.0996199597689,80.0996199597689
721146,24 PARAGANAS NORTH,1.0,1,75.474572090395,75.474572090395
721102,24 PARAGANAS NORTH,1.0,2,119.646247262981,239.292494525962
723121,24 PARAGANAS NORTH,1.0,7,188.170500236441,1317.193501655087
723129,HYDERABAD,1.0,0,1030.58427764162,0.0
723102,24 PARAGANAS NORTH,1.0,3,203.945901410329,611.8377042309869
723130,24 PARAGANAS NORTH,1.0,1,177.990378893763,177.990378893763
723148,24 PARAGANAS NORTH,1.0,1,207.934388265237,207.934388265237
723103,24 PARAGANAS NORTH,1.0,1,231.684705376626,231.684705376626
723155,24 PARAGANAS NORTH,1.0,1,215.160776523263,215.160776523263
723133,24 PARAGANAS NORTH,1.0,3,199.603918191899,598.811754575697
721601,HYDERABAD,1.0,0,1233.04295893073,0.0
721645,24 PARAGANAS NORTH,1.0,4,83.2522917592985,333.009167037194
721657,24 PARAGANAS NORTH,1.0,7,46.5415118719931,325.7905831039517
721628,24 PARAGANAS NORTH,1.0,1,65.1689116891812,65.1689116891812
721137,24 PARAGANAS NORTH,1.0,3,71.9465717183298,215.83971515498942
721649,24 PARAGANAS NORTH,1.0,3,808.315954727435,2424.9478641823052
721631,24 PARAGANAS NORTH,1.0,1,63.4151373204305,63.4151373204305
721152,24 PARAGANAS NORTH,1.0,4,73.2790368111956,293.1161472447824
721635,24 PARAGANAS NORTH,1.0,2,78.6154879373692,157.2309758747384
505001,HYDERABAD,1.0,83,128.047025212907,10627.90309267128
503224,HYDERABAD,1.0,11,151.88303469653,1670.7133816618298
505172,HYDERABAD,1.0,10,158.381200738783,1583.8120073878301
509103,HYDERABAD,1.0,8,129.278408402324,1034.227267218592
518501,HYDERABAD,1.0,18,217.393114269271,3913.0760568468777
517644,BENGALURU URBAN,1.0,19,247.110840905309,4695.105977200871
534001,HYDERABAD,1.0,21,287.497176851026,6037.440713871546
522002,HYDERABAD,1.0,35,240.652069567505,8422.822434862675
522503,HYDERABAD,1.0,33,245.325590417586,8095.744483780338
507111,HYDERABAD,1.0,11,252.749438343564,2780.243821779204
521121,HYDERABAD,1.0,8,300.779669670667,2406.237357365336
520002,HYDERABAD,1.0,19,247.387171653019,4700.356261407361
531001,HYDERABAD,1.0,25,476.577735785778,11914.44339464445
532201,HYDERABAD,1.0,5,618.699249514028,3093.49624757014
783301,24 PARAGANAS NORTH,1.0,4,395.770527405669,1583.082109622676
783101,24 PARAGANAS NORTH,1.0,3,437.259399343669,1311.778198031007
781301,24 PARAGANAS NORTH,1.0,1,475.693776797553,475.693776797553
784125,24 PARAGANAS NORTH,1.0,3,548.21256548711,1644.63769646133
841301,24 PARAGANAS NORTH,1.0,19,499.494804799154,9490.401291183925
841226,24 PARAGANAS NORTH,1.0,21,561.98110512367,11801.603207597069
382010,MUMBAI SUBURBAN,1.0,4,456.174235138169,1824.696940552676
362001,MUMBAI SUBURBAN,1.0,18,365.579895801836,6580.438124433048
360575,MUMBAI SUBURBAN,1.0,14,440.82667755289,6171.57348574046
395003,MUMBAI SUBURBAN,1.0,16,230.648007724309,3690.368123588944
390001,MUMBAI SUBURBAN,1.0,20,355.060677184715,7101.213543694301
396001,MUMBAI SUBURBAN,1.0,20,164.987959745324,3299.75919490648
175019,SOUTH,1.0,2,335.787643754704,671.575287509408
171001,SOUTH,1.0,15,286.979158284392,4304.68737426588
831001,24 PARAGANAS NORTH,1.0,36,227.695464078298,8197.036706818728
560001,BENGALURU URBAN,1.0,48,4.20841537700502,202.00393809624094
560010,BENGALURU URBAN,1.0,79,7.03293706505873,555.6020281396397
590001,MUMBAI SUBURBAN,1.0,28,403.042115375896,11285.179230525087
581301,BENGALURU URBAN,1.0,14,426.846653382547,5975.853147355658
577501,BENGALURU URBAN,1.0,28,191.904106267543,5373.314975491204
575001,BENGALURU URBAN,1.0,39,297.581544582663,11605.680238723857
570009,BENGALURU URBAN,1.0,23,124.889308708076,2872.454100285748
572101,BENGALURU URBAN,1.0,7,66.4861227621645,465.4028593351515
686101,BENGALURU URBAN,1.0,7,404.478204319686,2831.3474302378017
682011,BENGALURU URBAN,1.0,11,358.712585321677,3945.838438538447
690101,BENGALURU URBAN,1.0,3,425.749529479989,1277.248588439967
690518,BENGALURU URBAN,1.0,2,445.718857509214,891.437715018428
695012,BENGALURU URBAN,1.0,22,498.699655416235,10971.39241915717
671315,BENGALURU URBAN,1.0,4,278.990001222145,1115.96000488858
679101,BENGALURU URBAN,1.0,7,273.999307781301,1917.995154469107
678541,BENGALURU URBAN,1.0,1,278.901949782465,278.901949782465
456001,MUMBAI SUBURBAN,1.0,7,542.411495598892,3796.8804691922437
400071,MUMBAI SUBURBAN,1.0,165,7.88094594803693,1300.3560814260936
402201,MUMBAI SUBURBAN,1.0,13,53.6848100784326,697.9025310196238
440001,HYDERABAD,1.0,28,416.366107369462,11658.251006344935
415001,MUMBAI SUBURBAN,1.0,24,199.33371601721,4784.00918441304
431001,MUMBAI SUBURBAN,1.0,71,270.325564205224,19193.115058570904
413501,HYDERABAD,1.0,18,274.720795478233,4944.974318608194
796001,24 PARAGANAS NORTH,1.0,25,453.392619068146,11334.81547670365
799001,24 PARAGANAS NORTH,1.0,48,316.342711536478,15184.450153750946
793001,24 PARAGANAS NORTH,1.0,18,471.14109557049,8480.53972026882
160017,SOUTH,1.0,2,250.129816873391,500.259633746782
600053,BENGALURU URBAN,1.0,108,278.912004369664,30122.49647192371
600045,BENGALURU URBAN,1.0,55,274.887764203968,15118.82703121824
641002,BENGALURU URBAN,1.0,19,224.868377024017,4272.499163456323
638452,BENGALURU URBAN,1.0,5,165.509974243312,827.54987121656
635001,BENGALURU URBAN,1.0,12,81.4230809704596,977.0769716455152
643001,BENGALURU URBAN,1.0,7,194.44012860419,1361.08090022933
641301,BENGALURU URBAN,1.0,5,195.588109607635,977.940548038175
630302,BENGALURU URBAN,1.0,4,358.871507824419,1435.486031297676
625002,BENGALURU URBAN,1.0,12,339.413059141702,4072.9567097004237
623707,BENGALURU URBAN,1.0,9,392.298607954889,3530.687471594001
623501,BENGALURU URBAN,1.0,11,421.403021015509,4635.433231170599
627401,BENGALURU URBAN,1.0,2,470.745901417563,941.491802835126
627002,BENGALURU URBAN,1.0,19,468.905152980476,8909.197906629044
627001,BENGALURU URBAN,1.0,2,468.019381092142,936.038762184284
610001,BENGALURU URBAN,1.0,8,328.962648567323,2631.701188538584
621212,BENGALURU URBAN,1.0,6,234.893383116039,1409.360298696234
620006,BENGALURU URBAN,1.0,10,260.416746479458,2604.16746479458
621010,BENGALURU URBAN,1.0,2,227.358876058032,454.717752116064
614205,BENGALURU URBAN,1.0,4,289.353792273869,1157.415169095476
282001,SOUTH,1.0,48,171.179667749413,8216.624051971823
284001,SOUTH,1.0,29,368.462528385437,10685.413323177672
281001,SOUTH,1.0,45,125.710982110555,5656.994194974975
222001,SOUTH,1.0,15,623.813924660529,9357.208869907934
230001,SOUTH,1.0,14,553.317791926162,7746.449086966269
243001,SOUTH,1.0,63,216.325132639966,13628.483356317858
243601,SOUTH,1.0,21,195.150156867741,4098.153294222561
241001,SOUTH,1.0,23,311.969270701155,7175.293226126565
250002,SOUTH,1.0,42,68.9304078155874,2895.0771282546707
244001,SOUTH,1.0,70,155.403394865887,10878.237640612091
272207,SOUTH,1.0,4,592.302865452458,2369.211461809832
208004,SOUTH,1.0,6,387.202819482321,2323.216916893926
208001,SOUTH,1.0,81,383.943513033051,31099.424555677128
225001,SOUTH,1.0,26,441.949123165653,11490.677202306979
227405,SOUTH,1.0,9,516.023865780547,4644.214792024923
228001,SOUTH,1.0,22,541.080645581146,11903.774202785211
263601,SOUTH,1.0,28,265.280479211579,7427.853417924212
249001,SOUTH,1.0,9,237.359195743782,2136.232761694038
700007,24 PARAGANAS NORTH,1.0,1,21.1719546135049,21.1719546135049
700010,24 PARAGANAS NORTH,1.0,19,22.6491768319407,430.3343598068733
742101,24 PARAGANAS NORTH,1.0,18,148.775556345372,2677.960014216696
741101,24 PARAGANAS NORTH,1.0,6,71.9859501593686,431.9157009562116
741201,24 PARAGANAS NORTH,1.0,4,48.6753972330656,194.7015889322624
734001,24 PARAGANAS NORTH,1.0,47,438.455418296779,20607.404659948614
735101,24 PARAGANAS NORTH,1.0,17,421.174484754394,7159.966240824698
722101,24 PARAGANAS NORTH,1.0,9,149.880296122803,1348.922665105227
713101,24 PARAGANAS NORTH,1.0,18,80.3923827340187,1447.0628892123366
721636,24 PARAGANAS NORTH,1.0,1,71.910258745731,71.910258745731
504001,HYDERABAD,1.0,11,248.082871615712,2728.9115877728323
504107,HYDERABAD,1.0,1,171.798458274981,171.798458274981
504301,HYDERABAD,1.0,3,194.212467036742,582.6374011102259
506151,BENGALURU URBAN,1.0,0,587.855545554222,0.0
506011,HYDERABAD,1.0,1,128.456098787591,128.456098787591
505452,HYDERABAD,1.0,2,147.067869485038,294.135738970076
505327,HYDERABAD,1.0,18,156.463196777725,2816.33754199905
509001,HYDERABAD,1.0,31,97.2141879679331,3013.6398270059262
502110,HYDERABAD,1.0,3,72.2329857890367,216.6989573671101
502103,HYDERABAD,1.0,20,82.0109054224646,1640.218108449292
508001,HYDERABAD,1.0,29,91.256838516418,2646.448316976122
503225,HYDERABAD,1.0,2,152.253355303599,304.506710607198
505122,HYDERABAD,1.0,9,138.141976647173,1243.2777898245572
505490,HYDERABAD,1.0,1,124.420691118611,124.420691118611
505210,HYDERABAD,1.0,1,176.015274388818,176.015274388818
505215,HYDERABAD,1.0,8,178.493459324205,1427.94767459364
505214,HYDERABAD,1.0,1,178.46004305478,178.46004305478
508218,HYDERABAD,1.0,3,130.983456323353,392.950368970059
508213,HYDERABAD,1.0,15,66.9704324286381,1004.5564864295716
509327,HYDERABAD,1.0,1,68.6656425200242,68.6656425200242
509325,HYDERABAD,1.0,11,39.9238057764593,439.16186354105224
506007,HYDERABAD,1.0,3,129.586114871512,388.758344614536
500004,HYDERABAD,1.0,85,7.39581034922884,628.6438796844513
500038,HYDERABAD,1.0,94,40.0602772599806,3765.6660624381766
500111,HYDERABAD,1.0,1,17.9211105801232,17.9211105801232
500008,HYDERABAD,1.0,139,27.1020958692062,3767.1913258196614
500031,HYDERABAD,1.0,3,15.1206891214238,45.3620673642714
500006,HYDERABAD,1.0,25,10.4307557873899,260.7688946847475
500058,HYDERABAD,1.0,65,12.2074317005856,793.483060538064
500059,HYDERABAD,1.0,71,9.87769951467171,701.3166655416913
500108,HYDERABAD,1.0,1,24.7153985370249,24.7153985370249
500060,HYDERABAD,1.0,96,8.23176909632417,790.2498332471203
500098,HYDERABAD,1.0,41,10.0466853414825,411.91409900078247
500074,HYDERABAD,1.0,65,10.735840223618,697.82961453517
500070,HYDERABAD,1.0,108,14.9114575449161,1610.437414850939
500016,HYDERABAD,1.0,132,6.03748668200403,796.948242024532
500017,HYDERABAD,1.0,52,1.895175533627,98.549127748604
500020,HYDERABAD,1.0,151,2.65444264607775,400.8208395577402
500011,HYDERABAD,1.0,75,5.03606843911615,377.70513293371124
500085,HYDERABAD,1.0,174,14.0008794441263,2436.153023277976
272202,SOUTH,1.0,2,592.295685640482,1184.591371280964
272154,SOUTH,1.0,1,596.931802428344,596.931802428344
272192,SOUTH,1.0,2,554.047478760111,1108.094957520222
272208,SOUTH,1.0,1,599.073478410426,599.073478410426
272125,SOUTH,1.0,1,591.993624444867,591.993624444867
272301,SOUTH,1.0,1,577.833849558655,577.833849558655
272175,SOUTH,1.0,8,608.167065597495,4865.33652477996
272271,24 PARAGANAS NORTH,1.0,0,703.202646584559,0.0
272302,SOUTH,1.0,1,573.764982745818,573.764982745818
272002,SOUTH,1.0,3,571.52947929853,1714.5884378955898
272151,SOUTH,1.0,1,573.970719555638,573.970719555638
274201,SOUTH,1.0,2,630.409574153345,1260.81914830669
274182,24 PARAGANAS NORTH,1.0,1,615.161122398838,615.161122398838
274701,24 PARAGANAS NORTH,1.0,2,489.287718189673,978.575436379346
274702,24 PARAGANAS NORTH,1.0,3,630.963259962933,1892.8897798887988
274202,SOUTH,1.0,3,603.791760256001,1811.375280768003
274508,24 PARAGANAS NORTH,1.0,1,587.124059623836,587.124059623836
274405,24 PARAGANAS NORTH,1.0,1,625.745491703643,625.745491703643
274204,SOUTH,1.0,3,630.409574153345,1891.228722460035
274149,SOUTH,1.0,1,630.409574153345,630.409574153345
274301,SOUTH,1.0,1,630.409574153345,630.409574153345
274302,SOUTH,1.0,3,667.531114114334,2002.593342343002
274401,SOUTH,1.0,2,630.409574153345,1260.81914830669
274203,24 PARAGANAS NORTH,1.0,5,635.517269855999,3177.586349279995
274402,SOUTH,1.0,6,630.409574153345,3782.45744492007
274406,24 PARAGANAS NORTH,1.0,2,609.035764750028,1218.071529500056
274207,24 PARAGANAS NORTH,1.0,1,645.749000289187,645.749000289187
271202,MUMBAI SUBURBAN,1.0,0,1307.88224052435,0.0
271204,SOUTH,1.0,1,484.750300486185,484.750300486185
271208,SOUTH,1.0,1,515.973216120796,515.973216120796
271604,SOUTH,1.0,2,524.215889338696,1048.431778677392
271002,SOUTH,1.0,9,485.202914772518,4366.826232952662
271502,SOUTH,1.0,3,470.978932473807,1412.936797421421
271302,SOUTH,1.0,1,522.594042911944,522.594042911944
271504,SOUTH,1.0,2,474.430341614239,948.860683228478
271319,SOUTH,1.0,1,526.422931064292,526.422931064292
273403,SOUTH,1.0,3,491.796538272836,1475.389614818508
273402,24 PARAGANAS NORTH,1.0,3,626.432953766154,1879.298861298462
273409,SOUTH,1.0,1,645.157555304009,645.157555304009
273408,24 PARAGANAS NORTH,1.0,1,650.225714795182,650.225714795182
273212,SOUTH,1.0,1,636.530110385025,636.530110385025
273209,SOUTH,1.0,2,622.632606740348,1245.265213480696
273412,SOUTH,1.0,1,324.149931637724,324.149931637724
273016,24 PARAGANAS NORTH,1.0,27,656.446513494609,17724.055864354443
273213,SOUTH,1.0,3,631.184246073324,1893.5527382199718
273155,24 PARAGANAS NORTH,1.0,0,678.302295096819,0.0
273405,24 PARAGANAS NORTH,1.0,1,515.943596524205,515.943596524205
273306,SOUTH,1.0,1,644.605722308913,644.605722308913
273302,SOUTH,1.0,2,652.135803790531,1304.271607581062
273201,24 PARAGANAS NORTH,1.0,4,650.709256893139,2602.837027572556
273007,SOUTH,1.0,1,411.669872972758,411.669872972758
273151,HYDERABAD,1.0,1,423.143383492231,423.143383492231
273162,SOUTH,1.0,1,623.326374158559,623.326374158559
273010,SOUTH,1.0,10,645.824448256876,6458.244482568761
273303,SOUTH,1.0,6,642.224688309963,3853.348129859778
273164,SOUTH,1.0,13,627.844064849846,8161.972843047997
273014,SOUTH,1.0,18,641.290380298791,11543.226845378238
273310,SOUTH,1.0,1,638.648923156287,638.648923156287
273165,SOUTH,1.0,1,623.07161275393,623.07161275393
273152,SOUTH,1.0,1,649.25314694604,649.25314694604
273202,24 PARAGANAS NORTH,1.0,1,655.428242109917,655.428242109917
210001,SOUTH,1.0,21,456.391102306173,9584.213148429633
210201,SOUTH,1.0,1,487.906935514502,487.906935514502
210121,SOUTH,1.0,1,476.080767892394,476.080767892394
210204,SOUTH,1.0,1,517.682001595811,517.682001595811
210205,SOUTH,1.0,9,525.292878072422,4727.6359026517985
210502,SOUTH,1.0,1,423.707855772643,423.707855772643
210424,SOUTH,1.0,1,432.245235691636,432.245235691636
210504,SOUTH,1.0,1,429.806615480629,429.806615480629
210427,SOUTH,1.0,7,436.809332266243,3057.665325863701
210506,SOUTH,1.0,2,415.717761439734,831.435522879468
210507,SOUTH,1.0,1,418.73453671732,418.73453671732
210431,SOUTH,1.0,2,465.86472000591,931.72944001182
209601,SOUTH,1.0,7,269.561137511139,1886.9279625779732
209721,SOUTH,1.0,8,271.410734339603,2171.285874716824
209625,SOUTH,1.0,18,263.7860621189,4748.149118140201
209722,SOUTH,1.0,3,292.27469881007,876.8240964302099
209502,SOUTH,1.0,3,234.945187834906,704.835563504718
209724,SOUTH,1.0,1,275.353900557416,275.353900557416
209745,SOUTH,1.0,1,234.945187834906,234.945187834906
209727,SOUTH,1.0,3,313.990956700114,941.972870100342
212631,SOUTH,1.0,2,424.776709723994,849.553419447988
212663,SOUTH,1.0,0,457.000957417788,0.0
212635,SOUTH,1.0,2,431.064276787235,862.12855357447
212653,SOUTH,1.0,1,494.547071064801,494.547071064801
212657,SOUTH,1.0,1,522.090602274702,522.090602274702
212659,SOUTH,1.0,1,409.768616910062,409.768616910062
212664,SOUTH,1.0,1,446.279285260053,446.279285260053
212665,SOUTH,1.0,1,434.344265127404,434.344265127404
208021,SOUTH,1.0,15,386.139087499981,5792.086312499715
209206,SOUTH,1.0,3,400.307399819952,1200.922199459856
209217,SOUTH,1.0,5,368.299959881076,1841.4997994053801
209101,SOUTH,1.0,3,363.638484471443,1090.915453414329
209312,SOUTH,1.0,2,356.952397940261,713.904795880522
209202,SOUTH,1.0,1,328.159485848978,328.159485848978
209870,BENGALURU URBAN,1.0,0,1564.45866891151,0.0
209311,SOUTH,1.0,1,364.616144200628,364.616144200628
209302,SOUTH,1.0,2,337.127388628968,674.254777257936
209111,SOUTH,1.0,1,363.563569100544,363.563569100544
209115,BENGALURU URBAN,1.0,0,1499.76653005869,0.0
209303,SOUTH,1.0,2,351.58343500979,703.16687001958
209203,SOUTH,1.0,0,347.351780328076,0.0
209801,SOUTH,1.0,24,380.940764803055,9142.57835527332
209863,SOUTH,1.0,2,429.166650281505,858.33330056301
209864,SOUTH,1.0,1,427.256188808054,427.256188808054
209865,HYDERABAD,1.0,0,1013.9842791342,0.0
209866,SOUTH,1.0,1,434.106693347905,434.106693347905
209861,SOUTH,1.0,3,386.235954682245,1158.707864046735
209821,SOUTH,1.0,1,425.629323371088,425.629323371088
209859,SOUTH,1.0,3,405.26885157178,1215.8065547153399
209867,SOUTH,1.0,2,581.434444315508,1162.868888631016
225401,SOUTH,1.0,1,481.416316904463,481.416316904463
225403,SOUTH,1.0,1,475.817628695536,475.817628695536
225301,SOUTH,1.0,5,422.275045642505,2111.375228212525
225003,SOUTH,1.0,5,447.738735541036,2238.69367770518
225204,SOUTH,1.0,2,435.504084148976,871.008168297952
225412,SOUTH,1.0,3,430.182383971052,1290.547151913156
225413,SOUTH,1.0,1,455.835908305376,455.835908305376
225305,SOUTH,1.0,2,418.781747821773,837.563495643546
225414,SOUTH,1.0,2,431.225598477646,862.451196955292
224122,SOUTH,1.0,10,586.124197187612,5861.24197187612
224129,SOUTH,1.0,1,594.938325208083,594.938325208083
224143,SOUTH,1.0,1,586.124197187612,586.124197187612
224147,24 PARAGANAS NORTH,1.0,1,205.682387739457,205.682387739457
224149,SOUTH,1.0,2,597.715987813609,1195.431975627218
224230,24 PARAGANAS NORTH,1.0,0,675.053871145051,0.0
224168,24 PARAGANAS NORTH,1.0,2,630.416598181988,1260.833196363976
224190,SOUTH,1.0,4,573.927419032805,2295.70967613122
224001,SOUTH,1.0,52,583.203330176271,30326.573169166095
224121,SOUTH,1.0,4,499.349690921306,1997.398763685224
224123,SOUTH,1.0,5,526.647896767855,2633.2394838392747
224202,SOUTH,1.0,1,5967.20010008248,5967.20010008248
224204,SOUTH,1.0,1,529.453441462448,529.453441462448
224135,SOUTH,1.0,1,534.321255950246,534.321255950246
224141,MUMBAI SUBURBAN,1.0,0,1277.38844877498,0.0
224206,SOUTH,1.0,3,603.161507734995,1809.484523204985
224229,SOUTH,1.0,1,505.891593674726,505.891593674726
224201,SOUTH,1.0,1,608.061809695354,608.061809695354
224188,SOUTH,1.0,5,512.486726346853,2562.433631734265
224195,HYDERABAD,1.0,0,1086.43950682481,0.0
201009,SOUTH,1.0,180,25.0827622740841,4514.897209335138
201015,SOUTH,1.0,3,34.2543801557805,102.76314046734151
201002,SOUTH,1.0,95,32.8618923563081,3121.879773849269
201102,SOUTH,1.0,40,30.5125329753141,1220.5013190125642
201206,SOUTH,1.0,10,33.9093096154939,339.093096154939
245304,SOUTH,1.0,16,44.2154030606633,707.4464489706128
245201,SOUTH,1.0,3,86.1563708405578,258.4691125216734
245205,SOUTH,1.0,13,85.617291147571,1113.024784918423
201201,SOUTH,1.0,6,56.3307499109085,337.984499465451
201204,SOUTH,1.0,16,47.4674427477603,759.4790839641648
245207,SOUTH,1.0,2,79.922585913903,159.845171827806
201314,SOUTH,1.0,1,16.6322694096621,16.6322694096621
203207,SOUTH,1.0,9,30.6734339185222,276.0609052666998
201311,SOUTH,1.0,1,12.0195456529194,12.0195456529194
201309,SOUTH,1.0,62,21.1111903250631,1308.893800153912
226201,SOUTH,1.0,1,402.122721003882,402.122721003882
226401,SOUTH,1.0,5,409.592404646917,2047.9620232345849
226501,SOUTH,1.0,1,411.7273855211,411.7273855211
226101,SOUTH,1.0,2,391.760144155795,783.52028831159
361003,MUMBAI SUBURBAN,1.0,1,469.920914851293,469.920914851293
361008,MUMBAI SUBURBAN,1.0,11,473.724015612018,5210.964171732197
361350,MUMBAI SUBURBAN,1.0,1,543.175268598316,543.175268598316
370205,MUMBAI SUBURBAN,1.0,9,526.174115269071,4735.567037421639
370421,MUMBAI SUBURBAN,1.0,6,557.216095066753,3343.2965704005182
360006,MUMBAI SUBURBAN,1.0,14,415.811564453584,5821.361902350176
360001,MUMBAI SUBURBAN,1.0,35,414.804420725168,14518.154725380879
360005,MUMBAI SUBURBAN,1.0,67,414.083760867505,27743.611978122837
360002,MUMBAI SUBURBAN,1.0,19,411.822872073148,7824.634569389812
360004,MUMBAI SUBURBAN,1.0,32,411.027727125451,13152.887268014432
363001,MUMBAI SUBURBAN,1.0,9,422.785563015362,3805.0700671382583
388001,MUMBAI SUBURBAN,1.0,42,381.496608270323,16022.857547353566
388320,MUMBAI SUBURBAN,1.0,3,382.842189020273,1148.526567060819
394330,MUMBAI SUBURBAN,1.0,1,236.711382728015,236.711382728015
394326,MUMBAI SUBURBAN,1.0,1,234.365986830956,234.365986830956
392001,MUMBAI SUBURBAN,1.0,37,286.037817728657,10583.399255960308
387350,MUMBAI SUBURBAN,1.0,1,403.898950701636,403.898950701636
388421,MUMBAI SUBURBAN,1.0,1,386.688032939368,386.688032939368
388160,MUMBAI SUBURBAN,1.0,1,382.018914796576,382.018914796576
396325,MUMBAI SUBURBAN,1.0,1,183.344344431251,183.344344431251
396380,MUMBAI SUBURBAN,1.0,1,184.331578268385,184.331578268385
396445,MUMBAI SUBURBAN,1.0,39,203.084293473199,7920.287445454762
395017,MUMBAI SUBURBAN,1.0,21,281.668195762316,5915.032111008635
395009,MUMBAI SUBURBAN,1.0,80,231.072890089265,18485.8312071412
395006,MUMBAI SUBURBAN,1.0,7,232.410226829561,1626.871587806927
390009,MUMBAI SUBURBAN,1.0,28,350.070109685471,9801.963071193188
390017,MUMBAI SUBURBAN,1.0,2,354.394897668177,708.789795336354
391310,MUMBAI SUBURBAN,1.0,2,361.537215167958,723.074430335916
390003,MUMBAI SUBURBAN,1.0,8,357.150977953453,2857.207823627624
390007,MUMBAI SUBURBAN,1.0,45,355.215662544119,15984.704814485356
390020,MUMBAI SUBURBAN,1.0,27,357.573611973172,9654.487523275644
396240,MUMBAI SUBURBAN,1.0,3,160.060991126727,480.182973380181
396135,MUMBAI SUBURBAN,1.0,1,122.578607835404,122.578607835404
396165,MUMBAI SUBURBAN,1.0,1,115.635570531304,115.635570531304
134103,SOUTH,1.0,1,236.383372543978,236.383372543978
134113,SOUTH,1.0,16,242.082874362526,3873.325989800416
134112,SOUTH,1.0,13,249.761066629532,3246.893866183916
134003,SOUTH,1.0,21,211.181901658497,4434.819934828437
133001,SOUTH,1.0,42,204.504389451974,8589.184356982907
135003,SOUTH,1.0,14,182.684931452505,2557.58904033507
135001,MUMBAI SUBURBAN,1.0,30,108.051790458892,3241.55371376676
127021,SOUTH,1.0,9,122.855083299028,1105.6957496912519
121003,SOUTH,1.0,123,16.8890527904686,2077.353493227638
121001,SOUTH,1.0,145,36.1059344851191,5235.36050034227
121006,SOUTH,1.0,66,20.0064858962451,1320.4280691521765
121009,SOUTH,1.0,31,8.43777370149325,261.5709847462907
121010,SOUTH,1.0,64,12.4532908991786,797.0106175474305
122001,SOUTH,1.0,637,20.5788126312181,13108.703646085929
122011,SOUTH,1.0,156,19.612632015333,3059.570594391948
122052,SOUTH,1.0,8,34.317445029048,274.539560232384
122105,SOUTH,1.0,3,47.7437993242715,143.2313979728145
123303,SOUTH,1.0,1,81.2380611850041,81.2380611850041
125047,SOUTH,1.0,1,183.918922672704,183.918922672704
132103,SOUTH,1.0,68,100.517918751967,6835.218475133756
132140,SOUTH,1.0,6,112.09227570023,672.55365420138
136021,SOUTH,1.0,1,156.53681183332,156.53681183332
136118,SOUTH,1.0,32,165.39499561397,5292.63985964704
124108,SOUTH,1.0,1,54.9666132518165,54.9666132518165
124001,SOUTH,1.0,68,70.5704667202869,4798.79173697951
176325,HYDERABAD,1.0,0,1705.56062051149,0.0
176314,SOUTH,1.0,21,461.203033137154,9685.263695880234
177113,SOUTH,1.0,1,389.163311397362,389.163311397362
176059,SOUTH,1.0,3,407.81718459339,1223.45155378017
176060,SOUTH,1.0,3,5827.71499612835,17483.14498838505
176082,SOUTH,1.0,1,375.622003937073,375.622003937073
177005,SOUTH,1.0,4,359.378450252149,1437.513801008596
177033,SOUTH,1.0,3,341.306222951618,1023.918668854854
175045,SOUTH,1.0,1,338.879973392947,338.879973392947
171004,SOUTH,1.0,13,286.752701011321,3727.785113147173
171002,SOUTH,1.0,9,284.936522052929,2564.4286984763608
171005,SOUTH,1.0,26,288.054969660917,7489.429211183841
177210,SOUTH,1.0,1,367.467715452652,367.467715452652
181143,SOUTH,1.0,3,499.166678365379,1497.500035096137
180004,SOUTH,1.0,34,515.397138791916,17523.50271892514
180003,SOUTH,1.0,6,516.154882604679,3096.9292956280738
180020,SOUTH,1.0,5,515.106683935481,2575.5334196774047
180005,SOUTH,1.0,28,520.34510121677,14569.66283406956
180001,SOUTH,1.0,32,519.635102340741,16628.323274903712
194104,SOUTH,1.0,5,626.711349562872,3133.55674781436
190010,SOUTH,1.0,4,658.397588986013,2633.590355944052
190018,SOUTH,1.0,5,659.68036998096,3298.4018499047997
190009,SOUTH,1.0,1,658.004455243376,658.004455243376
190023,SOUTH,1.0,6,656.479864720421,3938.879188322526
190017,SOUTH,1.0,2,662.988452663414,1325.976905326828
190024,SOUTH,1.0,0,666.767155690723,0.0
827014,24 PARAGANAS NORTH,1.0,1,259.116036418204,259.116036418204
827009,24 PARAGANAS NORTH,1.0,7,252.2555126674,1765.7885886718
828101,24 PARAGANAS NORTH,1.0,1,237.810189147895,237.810189147895
826001,24 PARAGANAS NORTH,1.0,41,232.589661399077,9536.176117362156
828108,24 PARAGANAS NORTH,1.0,1,227.838625592829,227.838625592829
826003,24 PARAGANAS NORTH,1.0,2,230.960219254971,461.920438509942
828111,24 PARAGANAS NORTH,1.0,3,231.134644665091,693.4039339952731
829128,24 PARAGANAS NORTH,1.0,1,266.769367157572,266.769367157572
829103,24 PARAGANAS NORTH,1.0,2,316.713973506439,633.427947012878
825101,24 PARAGANAS NORTH,1.0,1,506.327488523607,506.327488523607
834001,24 PARAGANAS NORTH,1.0,130,322.760947715335,41958.92320299355
834008,24 PARAGANAS NORTH,1.0,37,322.230470440596,11922.527406302052
832109,24 PARAGANAS NORTH,1.0,1,231.105646193461,231.105646193461
831003,24 PARAGANAS NORTH,1.0,13,223.382406657041,2903.971286541533
831014,24 PARAGANAS NORTH,1.0,3,232.590160241115,697.770480723345
831020,24 PARAGANAS NORTH,1.0,1,225.860188050234,225.860188050234
560049,BENGALURU URBAN,1.0,182,16.6662674943595,3033.260683973429
560038,BENGALURU URBAN,1.0,74,1.29794987367713,96.04829065210762
560037,BENGALURU URBAN,1.0,583,14.7681298579382,8609.81970717797
560024,BENGALURU URBAN,1.0,118,10.5304761622886,1242.596187150055
560006,BENGALURU URBAN,1.0,26,9.61287122166814,249.93465176337165
560032,BENGALURU URBAN,1.0,169,9.72133196716423,1642.905102450755
560064,BENGALURU URBAN,1.0,358,16.6762611051629,5970.101475648318
560005,BENGALURU URBAN,1.0,60,8.11602351746781,486.96141104806856
560043,BENGALURU URBAN,1.0,452,11.1727964975174,5050.1040168778645
560084,BENGALURU URBAN,1.0,103,9.51007550884126,979.5377774106497
560025,BENGALURU URBAN,1.0,41,97.8513202822509,4011.9041315722866
560056,BENGALURU URBAN,1.0,80,8.81867365614738,705.4938924917905
560098,BENGALURU URBAN,1.0,130,7.03269035375802,914.2497459885426
560027,BENGALURU URBAN,1.0,57,3.35118254091794,191.01740483232257
560034,BENGALURU URBAN,1.0,89,4.35531853625651,387.62334972682936
560018,BENGALURU URBAN,1.0,31,4.33608128678056,134.41851989019736
560108,BENGALURU URBAN,1.0,4,8.3779048185343,33.5116192741372
560070,BENGALURU URBAN,1.0,98,1.6839320683379,165.0253426971142
560029,BENGALURU URBAN,1.0,104,1.88842577482021,196.39628058130185
560100,BENGALURU URBAN,1.0,446,13.8534215648187,6178.62601790914
560068,BENGALURU URBAN,1.0,574,9.69491259178377,5564.879827683884
560013,BENGALURU URBAN,1.0,52,14.7821795079011,768.6733344108573
560015,BENGALURU URBAN,1.0,41,13.8645679999047,568.4472879960928
560058,BENGALURU URBAN,1.0,55,10.4597097100851,575.2840340546805
560022,BENGALURU URBAN,1.0,75,9.7613938255346,732.1045369150951
560073,BENGALURU URBAN,1.0,78,15.6207677296782,1218.4198829148995
560079,BENGALURU URBAN,1.0,110,8.15975195438704,897.5727149825744
560072,BENGALURU URBAN,1.0,114,7.48550763781193,853.34787071056
560003,BENGALURU URBAN,1.0,77,7.35460966408648,566.304944134659
560040,BENGALURU URBAN,1.0,96,5.66643543046114,543.9778013242694
562149,BENGALURU URBAN,1.0,15,1.29794987367713,19.46924810515695
587122,MUMBAI SUBURBAN,1.0,2,349.36448923523,698.72897847046
587312,HYDERABAD,1.0,1,380.583166620392,380.583166620392
590006,MUMBAI SUBURBAN,1.0,24,405.777056817043,9738.64936360903
590019,MUMBAI SUBURBAN,1.0,10,400.770445406496,4007.70445406496
583101,BENGALURU URBAN,1.0,18,254.826294050365,4586.87329290657
583120,HYDERABAD,1.0,1,286.051970240808,286.051970240808
583217,MUMBAI SUBURBAN,1.0,0,563.754117371087,0.0
583201,BENGALURU URBAN,1.0,20,288.988114644118,5779.76229288236
583203,BENGALURU URBAN,1.0,3,289.175309742989,867.525929228967
585402,HYDERABAD,1.0,3,116.56002472854,349.68007418562
586109,HYDERABAD,1.0,4,304.624700548056,1218.498802192224
586101,HYDERABAD,1.0,19,306.004644157625,5814.088238994876
591315,MUMBAI SUBURBAN,1.0,5,336.245346650433,1681.226733252165
580008,BENGALURU URBAN,1.0,14,395.712335482683,5539.972696757562
580002,BENGALURU URBAN,1.0,2,391.822611970251,783.645223940502
580001,BENGALURU URBAN,1.0,30,394.83303000651,11844.9909001953
580004,BENGALURU URBAN,1.0,9,392.206179507657,3529.855615568913
580020,BENGALURU URBAN,1.0,10,375.007800021402,3750.07800021402
580031,BENGALURU URBAN,1.0,16,379.825418067759,6077.206689084144
580030,BENGALURU URBAN,1.0,25,377.743601912496,9443.5900478124
582101,BENGALURU URBAN,1.0,16,347.410935496562,5558.574967944992
582211,BENGALURU URBAN,1.0,0,361.777622666094,0.0
591254,MUMBAI SUBURBAN,1.0,1,378.399027835199,378.399027835199
591344,MUMBAI SUBURBAN,1.0,1,402.52942624384,402.52942624384
585106,HYDERABAD,1.0,4,174.51956800139,698.07827200556
585309,HYDERABAD,1.0,1,165.080386362176,165.080386362176
581205,BENGALURU URBAN,1.0,3,342.504635889,1027.513907667
581326,SOUTH,1.0,0,1582.37527245863,0.0
581354,MUMBAI SUBURBAN,1.0,0,592.925798943701,0.0
584101,HYDERABAD,1.0,28,185.202579305182,5185.672220545096
584104,HYDERABAD,1.0,1,185.596905536494,185.596905536494
581318,BENGALURU URBAN,1.0,2,369.202637201006,738.405274402012
581336,BENGALURU URBAN,1.0,3,375.482389081909,1126.447167245727
581355,BENGALURU URBAN,1.0,3,300.044359676787,900.1330790303609
577181,BENGALURU URBAN,1.0,1,245.367972768128,245.367972768128
577006,BENGALURU URBAN,1.0,2,248.741773377489,497.483546754978
577004,BENGALURU URBAN,1.0,37,247.577174548203,9160.355458283511
573112,BENGALURU URBAN,1.0,2,162.430963261882,324.861926523764
226301,SOUTH,1.0,4,423.400803372163,1693.603213488652
226303,SOUTH,1.0,2,391.63623351537,783.27246703074
226008,SOUTH,1.0,16,409.844676710161,6557.514827362576
226002,SOUTH,1.0,83,411.7273855211,34173.3729982513
226021,SOUTH,1.0,114,408.827105398187,46606.290015393315
229206,SOUTH,1.0,1,453.773592308686,453.773592308686
229204,SOUTH,1.0,1,454.166575324886,454.166575324886
229122,MUMBAI SUBURBAN,1.0,0,406.105642081705,0.0
229212,HYDERABAD,1.0,1,78.8546432283572,78.8546432283572
229001,SOUTH,1.0,32,627.854603642558,20091.347316561856
229310,24 PARAGANAS NORTH,1.0,1,584.777850295447,584.777850295447
229304,24 PARAGANAS NORTH,1.0,1,3270.61027787066,3270.61027787066
229305,SOUTH,1.0,1,501.642347457761,501.642347457761
229405,SOUTH,1.0,2,480.190256017593,960.380512035186
229404,SOUTH,1.0,2,575.429702607761,1150.859405215522
229316,SOUTH,1.0,1,543.69681075991,543.69681075991
229127,24 PARAGANAS NORTH,1.0,1,351.30454467731,351.30454467731
229308,MUMBAI SUBURBAN,1.0,1,95.1277633940958,95.1277633940958
261001,SOUTH,1.0,25,377.627071483601,9440.676787090026
261201,SOUTH,1.0,1,388.154504702065,388.154504702065
261121,SOUTH,1.0,3,354.706185444977,1064.1185563349309
261125,SOUTH,1.0,4,356.247770274809,1424.991081099236
261302,SOUTH,1.0,2,384.61010429621,769.22020859242
261131,SOUTH,1.0,1,363.22772716248,363.22772716248
261135,SOUTH,1.0,2,370.728715832615,741.45743166523
261203,SOUTH,1.0,5,407.985985228657,2039.929926143285
261141,SOUTH,1.0,2,333.819346892258,667.638693784516
261401,SOUTH,1.0,1,347.189688086174,347.189688086174
228171,SOUTH,1.0,1,602.920863236464,602.920863236464
227806,SOUTH,1.0,1,508.878265250175,508.878265250175
228131,SOUTH,1.0,1,577.000891665371,577.000891665371
227801,SOUTH,1.0,1,498.126414812114,498.126414812114
228145,SOUTH,1.0,1,555.430976448403,555.430976448403
222302,SOUTH,1.0,1,565.579656555184,565.579656555184
222303,SOUTH,1.0,3,577.226996078661,1731.680988235983
227813,SOUTH,1.0,3,511.470378116942,1534.4111343508262
228159,SOUTH,1.0,1,544.488864293306,544.488864293306
227811,SOUTH,1.0,2,524.81968857179,1049.63937714358
228161,SOUTH,1.0,1,541.004997294007,541.004997294007
263642,SOUTH,1.0,9,288.087291093848,2592.785619844632
263641,SOUTH,1.0,1,260.263951805335,260.263951805335
262501,SOUTH,1.0,35,293.347003542026,10267.145123970911
263632,SOUTH,1.0,2,309.911833623656,619.823667247312
263639,SOUTH,1.0,2,270.459730031612,540.919460063224
263637,SOUTH,1.0,1,270.459676695319,270.459676695319
263645,SOUTH,1.0,12,247.762652704526,2973.151832454312
263653,SOUTH,1.0,2,255.559198804257,511.118397608514
263656,SOUTH,1.0,3,256.097456423336,768.292369270008
263652,SOUTH,1.0,1,248.413051360132,248.413051360132
263676,SOUTH,1.0,1,260.263951805335,260.263951805335
246424,SOUTH,1.0,1,300.167447360169,300.167447360169
246428,SOUTH,1.0,1,258.12888457736,258.12888457736
246444,SOUTH,1.0,1,272.794167295423,272.794167295423
246171,SOUTH,1.0,2,276.915880714329,553.831761428658
246474,SOUTH,1.0,1,271.891368967769,271.891368967769
246475,SOUTH,1.0,2,274.495085695228,548.990171390456
248003,SOUTH,1.0,8,219.728460043126,1757.827680345008
248125,SOUTH,1.0,1,225.139762896103,225.139762896103
248179,SOUTH,1.0,14,226.204598044274,3166.864372619836
248007,SOUTH,1.0,45,215.224128134056,9685.08576603252
248197,SOUTH,1.0,7,222.684967133989,1558.794769937923
248198,SOUTH,1.0,14,223.964107009377,3135.497498131278
248005,SOUTH,1.0,26,213.191692736647,5542.984011152822
248171,SOUTH,1.0,10,213.191692736647,2131.91692736647
248140,SOUTH,1.0,14,210.963448074083,2953.488273037162
248008,SOUTH,1.0,16,216.895138939425,3470.3222230308
248009,SOUTH,1.0,15,223.143607160156,3347.15410740234
248013,SOUTH,1.0,3,217.957468894667,653.8724066840009
247667,SOUTH,1.0,62,159.187747098124,9869.640320083687
249402,SOUTH,1.0,6,173.361799679774,1040.170798078644
247670,SOUTH,1.0,1,144.552361919012,144.552361919012
247665,SOUTH,1.0,1,151.193880103414,151.193880103414
249408,SOUTH,1.0,18,175.46236556285,3158.3225801313
247663,SOUTH,1.0,1,182.643491619207,182.643491619207
247656,SOUTH,1.0,1,151.578959814649,151.578959814649
263139,SOUTH,1.0,180,229.742848848354,41353.712792703715
262401,SOUTH,1.0,5,206.09257506948,1030.4628753474
244712,SOUTH,1.0,2,282.469741247975,564.93948249595
263140,SOUTH,1.0,1,211.572174753008,211.572174753008
244713,SOUTH,1.0,19,183.089722624452,3478.704729864588
263126,SOUTH,1.0,10,238.301313189373,2383.01313189373
263148,SOUTH,1.0,9,187.030281256237,1683.272531306133
263145,SOUTH,1.0,6,221.021784714975,1326.1307082898502
244715,SOUTH,1.0,16,260.254415227589,4164.070643641424
262405,SOUTH,1.0,1,250.397033144411,250.397033144411
263001,SOUTH,1.0,6,236.894197186883,1421.3651831212978
263136,SOUTH,1.0,10,255.110614128808,2551.10614128808
263137,SOUTH,1.0,1,246.293163308319,246.293163308319
263127,SOUTH,1.0,2,237.950422261539,475.900844523078
262308,SOUTH,1.0,5,276.064531743507,1380.322658717535
246149,SOUTH,1.0,27,186.439800605349,5033.874616344423
246179,SOUTH,1.0,1,212.215443480825,212.215443480825
246172,SOUTH,1.0,1,211.877109179039,211.877109179039
246001,SOUTH,1.0,9,235.085653546425,2115.770881917825
246174,SOUTH,1.0,15,241.142808735256,3617.14213102884
262530,SOUTH,1.0,2,313.187329953874,626.374659907748
262523,SOUTH,1.0,3,293.686079105969,881.058237317907
262502,SOUTH,1.0,5,311.495240355357,1557.476201776785
262524,SOUTH,1.0,4,258.484032542415,1033.93613016966
249145,SOUTH,1.0,3,225.72093270373,677.16279811119
249196,SOUTH,1.0,1,256.145979853735,256.145979853735
249151,SOUTH,1.0,7,266.448718172648,1865.141027208536
249155,SOUTH,1.0,2,253.537855096083,507.075710192166
249161,SOUTH,1.0,2,242.820868115729,485.641736231458
249165,SOUTH,1.0,1,254.353133993514,254.353133993514
249171,24 PARAGANAS NORTH,1.0,0,1352.98565038169,0.0
249193,SOUTH,1.0,12,293.493947460903,3521.9273695308357
700104,24 PARAGANAS NORTH,1.0,36,38.6087047766374,1389.9133719589465
743222,24 PARAGANAS NORTH,1.0,1,18.8029401848108,18.8029401848108
700128,MUMBAI SUBURBAN,1.0,1,5205.34404264001,5205.34404264001
743235,24 PARAGANAS NORTH,1.0,8,55.0097551324893,440.0780410599144
743245,24 PARAGANAS NORTH,1.0,1,48.7704953289224,48.7704953289224
743424,24 PARAGANAS NORTH,1.0,3,29.0153843604708,87.0461530814124
743248,24 PARAGANAS NORTH,1.0,6,12.3474055657885,74.08443339473101
743251,24 PARAGANAS NORTH,1.0,1,53.7714554332937,53.7714554332937
700130,24 PARAGANAS NORTH,1.0,7,6.73060117968977,47.11420825782839
743289,24 PARAGANAS NORTH,1.0,1,35.3832925852101,35.3832925852101
743290,24 PARAGANAS NORTH,1.0,1,42.3089552539109,42.3089552539109
700131,24 PARAGANAS NORTH,1.0,11,9.88038766768228,108.68426434450508
700135,24 PARAGANAS NORTH,1.0,81,21.8665711563248,1771.1922636623087
743297,24 PARAGANAS NORTH,1.0,1,61.3978315711994,61.3978315711994
743422,24 PARAGANAS NORTH,1.0,3,48.4419235314727,145.32577059441812
743425,24 PARAGANAS NORTH,1.0,3,37.8943095762427,113.68292872872809
743426,24 PARAGANAS NORTH,1.0,1,60.4052928696492,60.4052928696492
743429,24 PARAGANAS NORTH,1.0,1,56.345039348779,56.345039348779
731238,24 PARAGANAS NORTH,1.0,1,189.625191855103,189.625191855103
731219,24 PARAGANAS NORTH,1.0,2,196.215062281376,392.430124562752
731221,24 PARAGANAS NORTH,1.0,1,192.051272966423,192.051272966423
731201,24 PARAGANAS NORTH,1.0,2,140.069332308929,280.138664617858
731104,24 PARAGANAS NORTH,1.0,1,152.924406398572,152.924406398572
731204,24 PARAGANAS NORTH,1.0,20,127.377332069372,2547.54664138744
731102,24 PARAGANAS NORTH,1.0,1,151.236483943054,151.236483943054
731302,24 PARAGANAS NORTH,1.0,1,126.566829877896,126.566829877896
731303,24 PARAGANAS NORTH,1.0,1,135.419415670666,135.419415670666
722140,24 PARAGANAS NORTH,1.0,1,147.71857604017,147.71857604017
731234,24 PARAGANAS NORTH,1.0,2,152.069326052717,304.138652105434
731236,24 PARAGANAS NORTH,1.0,1,133.830528318242,133.830528318242
700059,24 PARAGANAS NORTH,1.0,47,46.5792159551012,2189.2231498897563
700159,24 PARAGANAS NORTH,1.0,12,46.4131908963537,556.9582907562444
700156,24 PARAGANAS NORTH,1.0,123,22.3986092928215,2755.0289430170446
742121,24 PARAGANAS NORTH,1.0,1,38.9704965291602,38.9704965291602
742406,24 PARAGANAS NORTH,1.0,2,130.181006806164,260.362013612328
742133,24 PARAGANAS NORTH,1.0,4,145.385612531257,581.542450125028
742102,24 PARAGANAS NORTH,1.0,2,149.61111107504,299.22222215008
742302,24 PARAGANAS NORTH,1.0,2,200.661708169563,401.323416339126
742303,24 PARAGANAS NORTH,1.0,1,189.630201434558,189.630201434558
742103,24 PARAGANAS NORTH,1.0,4,149.61111107504,598.44444430016
742149,24 PARAGANAS NORTH,1.0,2,156.388607725365,312.77721545073
742308,24 PARAGANAS NORTH,1.0,1,255.289004005563,255.289004005563
742138,BENGALURU URBAN,1.0,0,1623.37295526668,0.0
742136,24 PARAGANAS NORTH,1.0,4,146.616469415655,586.46587766262
742235,24 PARAGANAS NORTH,1.0,1,176.938176700783,176.938176700783
742202,24 PARAGANAS NORTH,1.0,4,208.354099577403,833.416398309612
742227,24 PARAGANAS NORTH,1.0,2,170.724503653123,341.449007306246
742148,24 PARAGANAS NORTH,1.0,2,180.016439889545,360.03287977909
742237,24 PARAGANAS NORTH,1.0,1,175.026879191657,175.026879191657
742226,24 PARAGANAS NORTH,1.0,3,178.385752428598,535.157257285794
741163,24 PARAGANAS NORTH,1.0,1,121.361740604106,121.361740604106
741103,24 PARAGANAS NORTH,1.0,3,72.7339139633022,218.2017418899066
741152,24 PARAGANAS NORTH,1.0,4,128.88113714259,515.52454857036
741165,24 PARAGANAS NORTH,1.0,1,127.580290830473,127.580290830473
741102,24 PARAGANAS NORTH,1.0,2,68.7453136871842,137.4906273743684
741126,24 PARAGANAS NORTH,1.0,3,94.9238067370749,284.7714202112247
741137,BENGALURU URBAN,1.0,0,1642.57487167038,0.0
741302,24 PARAGANAS NORTH,1.0,7,72.7399500612444,509.17965042871083
741313,24 PARAGANAS NORTH,1.0,6,76.0296944464157,456.1781666784942
741222,24 PARAGANAS NORTH,1.0,10,33.1475453384832,331.475453384832
741249,24 PARAGANAS NORTH,1.0,3,25.6797418793513,77.0392256380539
741255,24 PARAGANAS NORTH,1.0,1,44.398335135187,44.398335135187
741121,24 PARAGANAS NORTH,1.0,1,62.3383046234528,62.3383046234528
741402,24 PARAGANAS NORTH,1.0,4,53.0120865623339,212.0483462493356
741238,24 PARAGANAS NORTH,1.0,1,45.0851050890199,45.0851050890199
700111,24 PARAGANAS NORTH,1.0,2,114.247356485372,228.494712970744
741505,24 PARAGANAS NORTH,1.0,1,72.0465679249773,72.0465679249773
741506,24 PARAGANAS NORTH,1.0,1,82.2481785336605,82.2481785336605
741404,24 PARAGANAS NORTH,1.0,2,55.4622034495174,110.9244068990348
743126,24 PARAGANAS NORTH,1.0,1,10.3954516448608,10.3954516448608
743127,24 PARAGANAS NORTH,1.0,15,8.17586999435021,122.63804991525315
743502,24 PARAGANAS NORTH,1.0,1,33.2150119536196,33.2150119536196
700140,24 PARAGANAS NORTH,1.0,4,39.0777757226155,156.311102890462
743318,24 PARAGANAS NORTH,1.0,1,53.9900883982724,53.9900883982724
743503,24 PARAGANAS NORTH,1.0,1,53.0601130447775,53.0601130447775
700154,24 PARAGANAS NORTH,1.0,9,35.3396040177827,318.05643616004426
700137,24 PARAGANAS NORTH,1.0,12,37.3839629139477,448.6075549673724
743329,24 PARAGANAS NORTH,1.0,5,57.2920185698292,286.460092849146
743399,BENGALURU URBAN,1.0,0,1520.43741462032,0.0
743513,24 PARAGANAS NORTH,1.0,2,55.880485619695,111.76097123939
743337,24 PARAGANAS NORTH,1.0,1,46.3607317123874,46.3607317123874
743610,24 PARAGANAS NORTH,1.0,2,49.0474632022466,98.0949264044932
700141,24 PARAGANAS NORTH,1.0,23,42.0932797137197,968.1454334155532
700145,24 PARAGANAS NORTH,1.0,4,10.464430636025,41.8577225441
743354,24 PARAGANAS NORTH,1.0,1,31.5477315759284,31.5477315759284
700152,24 PARAGANAS NORTH,1.0,7,184.551459377284,1291.860215640988
743383,BENGALURU URBAN,1.0,0,1527.16869165422,0.0
700150,24 PARAGANAS NORTH,1.0,24,27.5628691676947,661.5088600246728
743395,24 PARAGANAS NORTH,1.0,1,77.6433930528288,77.6433930528288
743376,24 PARAGANAS NORTH,1.0,1,61.6982901928435,61.6982901928435
700139,24 PARAGANAS NORTH,1.0,1,34.4865313753,34.4865313753
743332,24 PARAGANAS NORTH,1.0,1,44.2684498910755,44.2684498910755
743347,24 PARAGANAS NORTH,1.0,1,128.88473550323,128.88473550323
743355,24 PARAGANAS NORTH,1.0,2,61.5775788486937,123.1551576973874
743373,24 PARAGANAS NORTH,1.0,1,108.723878499834,108.723878499834
743368,24 PARAGANAS NORTH,1.0,1,62.9886920430676,62.9886920430676
743375,24 PARAGANAS NORTH,1.0,7,45.4040377611737,317.8282643282159
736121,24 PARAGANAS NORTH,1.0,6,424.858512359869,2549.1510741592137
736207,SOUTH,1.0,2,614.702200204805,1229.40440040961
736135,24 PARAGANAS NORTH,1.0,5,150.524901034764,752.6245051738201
736171,24 PARAGANAS NORTH,1.0,2,398.535102944542,797.070205889084
736172,24 PARAGANAS NORTH,1.0,1,396.19884699296,396.19884699296
735214,24 PARAGANAS NORTH,1.0,4,441.630987814582,1766.523951258328
735215,24 PARAGANAS NORTH,1.0,3,449.379604753903,1348.1388142617088
735217,24 PARAGANAS NORTH,1.0,4,648.945814604878,2595.783258419512
736202,24 PARAGANAS NORTH,1.0,2,438.160721786376,876.321443572752
736146,24 PARAGANAS NORTH,1.0,1,418.262481037738,418.262481037738
736208,24 PARAGANAS NORTH,1.0,1,428.053660852865,428.053660852865
736206,24 PARAGANAS NORTH,1.0,3,437.718508419729,1313.155525259187
736159,24 PARAGANAS NORTH,1.0,6,393.899423652828,2363.396541916968
734102,24 PARAGANAS NORTH,1.0,4,471.022667376259,1884.090669505036
734301,24 PARAGANAS NORTH,1.0,20,477.369466472269,9547.38932944538
734104,24 PARAGANAS NORTH,1.0,1,173.636073464457,173.636073464457
734014,24 PARAGANAS NORTH,1.0,13,434.700074033427,5651.100962434551
734426,24 PARAGANAS NORTH,1.0,2,438.306719240781,876.613438481562
734214,24 PARAGANAS NORTH,1.0,7,456.43455399517,3195.04187796619
734313,24 PARAGANAS NORTH,1.0,2,477.443198182747,954.886396365494
734003,24 PARAGANAS NORTH,1.0,23,447.116019272902,10283.668443276747
734006,24 PARAGANAS NORTH,1.0,15,421.167030314706,6317.50545472059
734008,24 PARAGANAS NORTH,1.0,12,438.306497842632,5259.677974111584
735204,24 PARAGANAS NORTH,1.0,2,446.40387866886,892.80775733772
735210,24 PARAGANAS NORTH,1.0,1,425.912280403283,425.912280403283
735211,24 PARAGANAS NORTH,1.0,9,427.71792944937,3849.46136504433
735135,24 PARAGANAS NORTH,1.0,1,434.080977751942,434.080977751942
735224,24 PARAGANAS NORTH,1.0,1,424.989793211369,424.989793211369
735134,MUMBAI SUBURBAN,1.0,0,1801.95477216704,0.0
735202,24 PARAGANAS NORTH,1.0,3,449.511278495027,1348.533835485081
735231,24 PARAGANAS NORTH,1.0,1,523.135959429668,523.135959429668
735213,24 PARAGANAS NORTH,1.0,1,443.386670673572,443.386670673572
735220,24 PARAGANAS NORTH,1.0,1,436.680969064268,436.680969064268
735222,24 PARAGANAS NORTH,1.0,1,455.673044771127,455.673044771127
735229,24 PARAGANAS NORTH,1.0,1,449.221869543936,449.221869543936
732123,24 PARAGANAS NORTH,1.0,4,251.023024512164,1004.092098048656
732124,24 PARAGANAS NORTH,1.0,1,251.023024512164,251.023024512164
732102,24 PARAGANAS NORTH,1.0,7,251.023024512164,1757.161171585148
732201,24 PARAGANAS NORTH,1.0,8,251.023024512164,2008.184196097312
732202,24 PARAGANAS NORTH,1.0,2,251.023024512164,502.046049024328
732203,24 PARAGANAS NORTH,1.0,5,266.507439017527,1332.5371950876352
732207,24 PARAGANAS NORTH,1.0,2,251.023024512164,502.046049024328
732103,24 PARAGANAS NORTH,1.0,3,251.023024512164,753.0690735364919
732138,24 PARAGANAS NORTH,1.0,1,308.385400334132,308.385400334132
732205,24 PARAGANAS NORTH,1.0,3,251.023024512164,753.0690735364919
732139,24 PARAGANAS NORTH,1.0,1,251.023024512164,251.023024512164
732209,24 PARAGANAS NORTH,1.0,1,251.023024512164,251.023024512164
732206,24 PARAGANAS NORTH,1.0,2,251.023024512164,502.046049024328
737116,24 PARAGANAS NORTH,1.0,3,529.764036763373,1589.2921102901191
737128,SOUTH,1.0,0,1124.47459404846,0.0
737126,24 PARAGANAS NORTH,1.0,22,484.102415198653,10650.253134370365
737121,24 PARAGANAS NORTH,1.0,19,487.691417046554,9266.136923884527
737106,24 PARAGANAS NORTH,1.0,4,496.911709210217,1987.646836840868
737103,24 PARAGANAS NORTH,1.0,4,513.247581135465,2052.99032454186
737132,24 PARAGANAS NORTH,1.0,7,529.764036763373,3708.3482573436113
737135,24 PARAGANAS NORTH,1.0,5,529.764036763373,2648.820183816865
737133,24 PARAGANAS NORTH,1.0,2,492.469633848192,984.939267696384
737134,24 PARAGANAS NORTH,1.0,19,494.150687684345,9388.863066002554
737102,24 PARAGANAS NORTH,1.0,38,507.690873358486,19292.253187622468
733143,24 PARAGANAS NORTH,1.0,2,307.170350299577,614.340700599154
733102,24 PARAGANAS NORTH,1.0,1,275.299210180662,275.299210180662
733201,24 PARAGANAS NORTH,1.0,2,351.994630205994,703.989260411988
733124,24 PARAGANAS NORTH,1.0,1,295.308638057559,295.308638057559
733202,24 PARAGANAS NORTH,1.0,5,278.604542859517,1393.022714297585
733130,24 PARAGANAS NORTH,1.0,1,8520.04494771143,8520.04494771143
733208,24 PARAGANAS NORTH,1.0,4,377.123191305924,1508.492765223696
733207,24 PARAGANAS NORTH,1.0,2,394.206766054291,788.413532108582
733127,24 PARAGANAS NORTH,1.0,2,282.189423308777,564.378846617554
713335,24 PARAGANAS NORTH,1.0,1,193.611225241089,193.611225241089
713336,24 PARAGANAS NORTH,1.0,1,171.252571065171,171.252571065171
713339,24 PARAGANAS NORTH,1.0,1,179.525036212431,179.525036212431
713343,24 PARAGANAS NORTH,1.0,1,193.182735805387,193.182735805387
713203,24 PARAGANAS NORTH,1.0,14,145.190001888102,2032.660026433428
713212,24 PARAGANAS NORTH,1.0,24,134.472196560519,3227.3327174524557
713211,24 PARAGANAS NORTH,1.0,3,135.009789325222,405.029367975666
713204,24 PARAGANAS NORTH,1.0,8,144.716021097132,1157.728168777056
713321,24 PARAGANAS NORTH,1.0,3,158.553690197439,475.66107059231706
713363,24 PARAGANAS NORTH,1.0,1,153.718321938705,153.718321938705
722202,24 PARAGANAS NORTH,1.0,1,135.255572735969,135.255572735969
722203,24 PARAGANAS NORTH,1.0,1,136.073767683879,136.073767683879
722122,24 PARAGANAS NORTH,1.0,3,115.669076941606,347.00723082481795
722132,24 PARAGANAS NORTH,1.0,2,172.225208339835,344.45041667967
722134,24 PARAGANAS NORTH,1.0,1,151.943516928863,151.943516928863
722136,24 PARAGANAS NORTH,1.0,1,156.999888415666,156.999888415666
722137,HYDERABAD,1.0,0,1092.01221711733,0.0
722138,24 PARAGANAS NORTH,1.0,1,103.052698563117,103.052698563117
722141,24 PARAGANAS NORTH,1.0,1,87.5342777299626,87.5342777299626
722150,24 PARAGANAS NORTH,1.0,1,149.272852125725,149.272852125725
722151,24 PARAGANAS NORTH,1.0,1,137.580115746011,137.580115746011
722207,24 PARAGANAS NORTH,1.0,2,117.561962493301,235.123924986602
713124,24 PARAGANAS NORTH,1.0,2,66.9912109834797,133.9824219669594
713127,24 PARAGANAS NORTH,1.0,1,92.8291153466558,92.8291153466558
713403,24 PARAGANAS NORTH,1.0,1,54.9369049132763,54.9369049132763
713104,24 PARAGANAS NORTH,1.0,22,71.0022973920815,1562.050542625793
713406,24 PARAGANAS NORTH,1.0,1,97.8286417409718,97.8286417409718
713408,HYDERABAD,1.0,0,1166.21558314477,0.0
713146,24 PARAGANAS NORTH,1.0,2,54.9125139547761,109.8250279095522
713102,24 PARAGANAS NORTH,1.0,9,78.8797717585867,709.9179458272803
713148,24 PARAGANAS NORTH,1.0,5,127.182526479481,635.912632397405
713422,24 PARAGANAS NORTH,1.0,3,71.6395651551549,214.91869546546468
243502,SOUTH,1.0,4,181.460282388048,725.841129552192
243503,SOUTH,1.0,9,238.103456037769,2142.931104339921
243002,SOUTH,1.0,11,203.2123041882,2235.3353460702
243122,SOUTH,1.0,29,218.727401050143,6343.094630454147
243123,SOUTH,1.0,1,221.723415759686,221.723415759686
244901,SOUTH,1.0,25,189.776594931225,4744.414873280625
262201,SOUTH,1.0,2,252.48841709848,504.97683419696
246701,SOUTH,1.0,29,134.842784929925,3910.440762967825
246725,SOUTH,1.0,5,124.542654273179,622.713271365895
246726,SOUTH,1.0,2,138.570369393711,277.140738787422
246731,SOUTH,1.0,4,150.455328325892,601.821313303568
246763,SOUTH,1.0,10,164.911129018882,1649.11129018882
246722,HYDERABAD,1.0,3,205.286443504565,615.859330513695
246762,SOUTH,1.0,3,150.019684524147,450.05905357244103
246745,HYDERABAD,1.0,1,205.286443504565,205.286443504565
246746,HYDERABAD,1.0,2,205.286443504565,410.57288700913
243751,SOUTH,1.0,2,131.704608363757,263.409216727514
243633,24 PARAGANAS NORTH,1.0,0,1125.40725391683,0.0
243635,SOUTH,1.0,0,216.685855024813,0.0
243723,SOUTH,1.0,1,148.758838565239,148.758838565239
243638,SOUTH,1.0,1,158.670393868608,158.670393868608
243639,SOUTH,1.0,1,184.394337796076,184.394337796076
243726,SOUTH,1.0,3,186.445616558107,559.336849674321
241121,SOUTH,1.0,1,327.028735129918,327.028735129918
241301,SOUTH,1.0,1,318.486851952419,318.486851952419
241126,MUMBAI SUBURBAN,1.0,0,892.032421587954,0.0
241303,SOUTH,1.0,1,338.208990039624,338.208990039624
241123,24 PARAGANAS NORTH,1.0,0,1023.54455104273,0.0
241406,SOUTH,1.0,1,298.886458744613,298.886458744613
241403,SOUTH,1.0,1,304.987785712683,304.987785712683
241204,SOUTH,1.0,1,360.347445193034,360.347445193034
241124,SOUTH,1.0,2,287.35049470737,574.70098941474
262701,SOUTH,1.0,43,363.009230591201,15609.396915421643
262802,SOUTH,1.0,3,328.647928322599,985.943784967797
262724,SOUTH,1.0,1,376.914632920375,376.914632920375
261506,SOUTH,1.0,1,359.687158326402,359.687158326402
261505,SOUTH,1.0,1,645.854037386328,645.854037386328
271201,SOUTH,1.0,10,529.328870258248,5293.28870258248
262903,SOUTH,1.0,2,358.329181234154,716.658362468308
262902,SOUTH,1.0,9,340.088508198448,3060.796573786032
250611,SOUTH,1.0,2,61.7165100530225,123.433020106045
250601,SOUTH,1.0,1,51.9236139340066,51.9236139340066
250609,SOUTH,1.0,3,41.6330460495172,124.8991381485516
250617,SOUTH,1.0,1,81.7088507142666,81.7088507142666
250101,SOUTH,1.0,1,33.9620287620441,33.9620287620441
250623,SOUTH,1.0,1,71.8345086682403,71.8345086682403
250619,SOUTH,1.0,2,55.6109651927338,111.2219303854676
250001,SOUTH,1.0,103,74.9540842237734,7720.270675048661
250341,SOUTH,1.0,2,76.4906565780991,152.9813131561982
250221,SOUTH,1.0,2,79.8170239150795,159.634047830159
250404,SOUTH,1.0,2,103.848558531863,207.697117063726
250004,SOUTH,1.0,47,72.3067771105227,3398.418524194567
250401,SOUTH,1.0,4,88.9050909195139,355.6203636780556
250406,SOUTH,1.0,2,90.7986872216902,181.5973744433804
245206,SOUTH,1.0,1,64.93477341357,64.93477341357
244221,SOUTH,1.0,12,128.82832820493,1545.9399384591597
244225,SOUTH,1.0,2,117.86661003411,235.73322006822
244231,SOUTH,1.0,2,112.059257788485,224.11851557697
244235,SOUTH,1.0,7,117.86661003411,825.06627023877
244241,SOUTH,1.0,2,117.86661003411,235.73322006822
244501,SOUTH,1.0,1,149.567305658931,149.567305658931
244102,SOUTH,1.0,3,146.080822291801,438.242466875403
244410,SOUTH,1.0,2,138.071637315663,276.143274631326
244412,SOUTH,1.0,13,159.808765147364,2077.513946915732
244413,SOUTH,1.0,1,111.7997190023,111.7997190023
244414,SOUTH,1.0,1,160.062052619675,160.062052619675
244302,SOUTH,1.0,6,160.026606913184,960.159641479104
244301,SOUTH,1.0,1,160.062052619675,160.062052619675
244601,SOUTH,1.0,1,176.361668652509,176.361668652509
244701,SOUTH,1.0,7,189.776594931225,1328.436164518575
244927,SOUTH,1.0,2,189.776594931225,379.55318986245
251002,SOUTH,1.0,3,86.8094240625277,260.4282721875831
251305,SOUTH,1.0,2,112.344269898373,224.688539796746
251307,SOUTH,1.0,1,125.061754042278,125.061754042278
251309,SOUTH,1.0,2,90.3605658371927,180.7211316743854
247772,SOUTH,1.0,2,119.29138753884,238.58277507768
251314,SOUTH,1.0,1,110.201716495026,110.201716495026
247775,SOUTH,1.0,1,85.3605436379014,85.3605436379014
251201,SOUTH,1.0,6,95.4280303520676,572.5681821124056
251203,SOUTH,1.0,2,103.047761034439,206.095522068878
251327,SOUTH,1.0,1,140.346428981565,140.346428981565
251202,MUMBAI SUBURBAN,1.0,0,1256.98287095276,0.0
247776,SOUTH,1.0,11,103.226438427953,1135.490822707483
247001,SOUTH,1.0,54,158.02333312461,8533.25998872894
247340,SOUTH,1.0,1,154.238453017873,154.238453017873
247121,SOUTH,1.0,1,213.181928431283,213.181928431283
247662,SOUTH,1.0,2,175.832549820306,351.665099640612
247554,SOUTH,1.0,11,142.808304388875,1570.891348277625
247341,SOUTH,1.0,3,132.733740996845,398.20122299053503
247452,SOUTH,1.0,1,135.751084424547,135.751084424547
247451,SOUTH,1.0,2,152.110255114399,304.220510228798
247232,SOUTH,1.0,1,173.626401447448,173.626401447448
242001,SOUTH,1.0,45,273.359249553452,12301.16622990534
242220,SOUTH,1.0,1,273.359249553452,273.359249553452
242042,SOUTH,1.0,1,273.359249553452,273.359249553452
242221,SOUTH,1.0,3,273.359249553452,820.0777486603561
242405,SOUTH,1.0,1,273.359249553452,273.359249553452
242301,SOUTH,1.0,1,273.359249553452,273.359249553452
242401,SOUTH,1.0,2,273.359249553452,546.718499106904
242127,SOUTH,1.0,1,273.359249553452,273.359249553452
242306,SOUTH,1.0,1,273.359249553452,273.359249553452
242307,SOUTH,1.0,3,273.359249553452,820.0777486603561
223221,SOUTH,1.0,1,619.480134565968,619.480134565968
223222,24 PARAGANAS NORTH,1.0,1,643.96657927482,643.96657927482
223223,MUMBAI SUBURBAN,1.0,1,4684.37285523942,4684.37285523942
276128,BENGALURU URBAN,1.0,3,99.8661880232162,299.5985640696486
223224,SOUTH,1.0,1,615.870716168018,615.870716168018
276302,MUMBAI SUBURBAN,1.0,1,4623.18516304035,4623.18516304035
276202,MUMBAI SUBURBAN,1.0,4,4623.18516304035,18492.7406521614
276136,MUMBAI SUBURBAN,1.0,4,484.404236003476,1937.616944013904
276137,MUMBAI SUBURBAN,1.0,2,5742.75560133711,11485.51120267422
276204,BENGALURU URBAN,1.0,2,99.8661880232162,199.7323760464324
276288,SOUTH,1.0,1,638.831833642638,638.831833642638
276304,SOUTH,1.0,2,621.420327847987,1242.840655695974
276122,MUMBAI SUBURBAN,1.0,2,6524.63924030149,13049.27848060298
223227,SOUTH,1.0,1,586.003489218617,586.003489218617
276305,SOUTH,1.0,2,638.944063349911,1277.888126699822
276141,MUMBAI SUBURBAN,1.0,1,6772.16342866638,6772.16342866638
276303,BENGALURU URBAN,1.0,2,99.8661880232162,199.7323760464324
275301,24 PARAGANAS NORTH,1.0,2,574.301675385955,1148.60335077191
276129,MUMBAI SUBURBAN,1.0,2,5425.61326122754,10851.22652245508
275303,MUMBAI SUBURBAN,1.0,1,6523.20052238214,6523.20052238214
221603,SOUTH,1.0,2,643.035581357745,1286.07116271549
221602,24 PARAGANAS NORTH,1.0,1,603.355619135373,603.355619135373
276403,MUMBAI SUBURBAN,1.0,2,5425.61326122754,10851.22652245508
276306,24 PARAGANAS NORTH,1.0,1,638.389845938896,638.389845938896
271831,SOUTH,1.0,2,480.986897763622,961.973795527244
271821,SOUTH,1.0,1,467.954846811604,467.954846811604
271845,SOUTH,1.0,0,480.918439509497,0.0
271904,SOUTH,1.0,1,442.599835610746,442.599835610746
271882,SOUTH,1.0,1,433.358188830196,433.358188830196
271865,SOUTH,1.0,2,429.622631542468,859.245263084936
271803,SOUTH,1.0,1,442.643552022647,442.643552022647
271881,SOUTH,1.0,3,409.146326172484,1227.4389785174521
277207,24 PARAGANAS NORTH,1.0,1,560.565689565753,560.565689565753
277208,24 PARAGANAS NORTH,1.0,1,515.772780375957,515.772780375957
277209,MUMBAI SUBURBAN,1.0,0,1397.46267146282,0.0
277211,24 PARAGANAS NORTH,1.0,1,536.870819651369,536.870819651369
277303,24 PARAGANAS NORTH,1.0,2,573.067036653342,1146.134073306684
221712,24 PARAGANAS NORTH,1.0,5,575.597642120654,2877.98821060327
221715,24 PARAGANAS NORTH,1.0,5,592.710976239672,2963.5548811983604
221709,24 PARAGANAS NORTH,1.0,2,602.520132608262,1205.040265216524
221716,24 PARAGANAS NORTH,1.0,1,596.56450773694,596.56450773694
277502,24 PARAGANAS NORTH,1.0,1,551.405344113665,551.405344113665
272201,SOUTH,1.0,2,567.808630711418,1135.617261422836
605006,BENGALURU URBAN,1.0,11,264.594577365617,2910.540351021787
605104,BENGALURU URBAN,1.0,3,267.841982846693,803.525948540079
605102,BENGALURU URBAN,1.0,1,255.257943582286,255.257943582286
605602,BENGALURU URBAN,1.0,27,235.680833913336,6363.3825156600715
600118,BENGALURU URBAN,1.0,77,291.444126007774,22441.197702598598
600054,BENGALURU URBAN,1.0,21,273.279250456704,5738.864259590784
600071,BENGALURU URBAN,1.0,29,273.982919896559,7945.504677000211
600095,BENGALURU URBAN,1.0,94,294.020804769698,27637.95564835161
600122,BENGALURU URBAN,1.0,49,274.186669488493,13435.146804936157
600129,BENGALURU URBAN,1.0,16,283.606703037271,4537.707248596336
600048,BENGALURU URBAN,1.0,47,282.08118362076,13257.815630175719
601301,BENGALURU URBAN,1.0,11,280.772847766922,3088.501325436142
600043,BENGALURU URBAN,1.0,35,252.611875711286,8841.415649895009
600100,BENGALURU URBAN,1.0,187,284.825611084309,53262.38927276578
632301,BENGALURU URBAN,1.0,5,187.077900398096,935.3895019904801
606601,BENGALURU URBAN,1.0,19,180.253818984861,3424.822560712359
606603,BENGALURU URBAN,1.0,1,178.608284642094,178.608284642094
632001,BENGALURU URBAN,1.0,26,168.542591263228,4382.107372843928
632004,BENGALURU URBAN,1.0,12,168.157325321879,2017.887903862548
641018,BENGALURU URBAN,1.0,12,225.255669999118,2703.068039989416
641045,BENGALURU URBAN,1.0,15,222.08768913123,3331.31533696845
641024,BENGALURU URBAN,1.0,6,229.221371514144,1375.328229084864
641110,BENGALURU URBAN,1.0,5,210.055989162567,1050.279945812835
641111,BENGALURU URBAN,1.0,11,224.705207600196,2471.757283602156
641046,BENGALURU URBAN,1.0,24,206.734797492445,4961.63513981868
641038,BENGALURU URBAN,1.0,13,223.767115477185,2908.972501203405
641031,BENGALURU URBAN,1.0,20,214.295709701733,4285.91419403466
641027,BENGALURU URBAN,1.0,15,222.525459122416,3337.88188683624
641043,BENGALURU URBAN,1.0,4,223.807337042139,895.229348168556
641109,BENGALURU URBAN,1.0,12,230.666047777311,2767.9925733277323
641034,BENGALURU URBAN,1.0,13,217.594366814927,2828.726768594051
638007,BENGALURU URBAN,1.0,1,177.376392773193,177.376392773193
638001,BENGALURU URBAN,1.0,4,177.668359114762,710.673436459048
638154,BENGALURU URBAN,1.0,1,190.611454588364,190.611454588364
638005,BENGALURU URBAN,1.0,1,174.386372845405,174.386372845405
635109,BENGALURU URBAN,1.0,66,34.1578765438788,2254.4198518960006
637001,BENGALURU URBAN,1.0,8,202.581853470561,1620.654827764488
637214,BENGALURU URBAN,1.0,2,177.057444561662,354.114889123324
642110,BENGALURU URBAN,1.0,5,251.03338174059,1255.16690870295
642002,BENGALURU URBAN,1.0,6,259.533807797535,1557.20284678521
642154,BENGALURU URBAN,1.0,1,263.739613929374,263.739613929374
642113,BENGALURU URBAN,1.0,3,265.564570511491,796.6937115344731
642114,BENGALURU URBAN,1.0,4,274.18238120472,1096.72952481888
636102,BENGALURU URBAN,1.0,4,185.46554626862,741.86218507448
636141,BENGALURU URBAN,1.0,4,152.200385820073,608.801543280292
636004,BENGALURU URBAN,1.0,21,153.273289512655,3218.739079765755
636007,BENGALURU URBAN,1.0,10,153.345034355368,1533.4503435536799
636006,BENGALURU URBAN,1.0,15,156.606225682669,2349.093385240035
641401,BENGALURU URBAN,1.0,6,217.498065197129,1304.988391182774
641687,BENGALURU URBAN,1.0,9,207.056255865557,1863.506302790013
641658,BENGALURU URBAN,1.0,1,223.43335061132,223.43335061132
641604,BENGALURU URBAN,1.0,30,206.295985402536,6188.879562076079
624301,BENGALURU URBAN,1.0,2,296.870860231529,593.741720463058
624601,BENGALURU URBAN,1.0,14,276.471496348035,3870.6009488724894
629401,BENGALURU URBAN,1.0,8,532.48395115565,4259.8716092452
629852,BENGALURU URBAN,1.0,3,521.246789139625,1563.740367418875
629809,BENGALURU URBAN,1.0,1,527.143226122612,527.143226122612
629002,BENGALURU URBAN,1.0,21,529.77687511685,11125.31437745385
629402,BENGALURU URBAN,1.0,1,529.660985911892,529.660985911892
629161,BENGALURU URBAN,1.0,6,508.907636025563,3053.445816153378
629175,BENGALURU URBAN,1.0,5,522.422247592785,2612.111237963925
630002,BENGALURU URBAN,1.0,6,344.806617997576,2068.839707985456
627855,BENGALURU URBAN,1.0,6,420.225484798039,2521.3529087882343
627757,BENGALURU URBAN,1.0,1,400.676093093793,400.676093093793
627802,BENGALURU URBAN,1.0,1,448.377695651126,448.377695651126
627858,BENGALURU URBAN,1.0,2,442.536894354898,885.073788709796
625018,BENGALURU URBAN,1.0,10,336.234473643854,3362.34473643854
625012,BENGALURU URBAN,1.0,15,344.362028914207,5165.430433713104
625001,BENGALURU URBAN,1.0,21,340.625003812032,7153.125080052672
623524,BENGALURU URBAN,1.0,1,435.045755505607,435.045755505607
623503,BENGALURU URBAN,1.0,4,447.418731501331,1789.674926005324
630606,BENGALURU URBAN,1.0,1,374.479371096484,374.479371096484
630709,BENGALURU URBAN,1.0,1,383.237723351056,383.237723351056
625516,BENGALURU URBAN,1.0,6,356.709841094912,2140.259046569472
625518,BENGALURU URBAN,1.0,2,199.055180377391,398.110360754782
625203,BENGALURU URBAN,1.0,1,307.793800582099,307.793800582099
625605,BENGALURU URBAN,1.0,1,314.343223945829,314.343223945829
627105,BENGALURU URBAN,1.0,1,518.166696728223,518.166696728223
627113,BENGALURU URBAN,1.0,2,509.588223681865,1019.17644736373
627004,BENGALURU URBAN,1.0,4,468.47296618104,1873.89186472416
628003,BENGALURU URBAN,1.0,2,473.028822981073,946.057645962146
626101,BENGALURU URBAN,1.0,9,385.04324087058,3465.38916783522
626117,BENGALURU URBAN,1.0,12,388.747562206673,4664.970746480076
626123,BENGALURU URBAN,1.0,10,386.909227287888,3869.0922728788796
626001,BENGALURU URBAN,1.0,20,373.96746706964,7479.3493413928
607801,BENGALURU URBAN,1.0,3,257.316399662838,771.9491989885141
607001,BENGALURU URBAN,1.0,12,273.305605576543,3279.6672669185155
639001,BENGALURU URBAN,1.0,5,226.289534349286,1131.44767174643
609811,BENGALURU URBAN,1.0,2,345.331943245436,690.663886490872
612302,BENGALURU URBAN,1.0,2,290.667128958013,581.334257916026
612303,BENGALURU URBAN,1.0,2,293.724184411944,587.448368823888
609001,BENGALURU URBAN,1.0,8,303.672868391672,2429.382947133376
609313,BENGALURU URBAN,1.0,1,345.331943245436,345.331943245436
609604,BENGALURU URBAN,1.0,8,333.231152826993,2665.849222615944
611101,BENGALURU URBAN,1.0,1,339.989440912726,339.989440912726
613704,BENGALURU URBAN,1.0,1,325.294771618192,325.294771618192
614804,BENGALURU URBAN,1.0,2,343.194061781365,686.38812356273
622001,BENGALURU URBAN,1.0,8,316.03073951214,2528.24591609712
621005,BENGALURU URBAN,1.0,1,256.011818207744,256.011818207744
614102,BENGALURU URBAN,1.0,1,324.467015429823,324.467015429823
613002,BENGALURU URBAN,1.0,2,291.101038945039,582.202077890078
613007,BENGALURU URBAN,1.0,18,314.125902359035,5654.2662424626305
613004,BENGALURU URBAN,1.0,5,293.693265673296,1468.4663283664802
613009,BENGALURU URBAN,1.0,2,292.258265851492,584.516531702984
613403,BENGALURU URBAN,1.0,4,294.504882269413,1178.019529077652
620026,BENGALURU URBAN,1.0,4,277.12977151941,1108.51908607764
620011,BENGALURU URBAN,1.0,4,269.714672386187,1078.858689544748
620019,BENGALURU URBAN,1.0,14,268.39327584936,3757.5058618910402
620020,BENGALURU URBAN,1.0,9,267.512392556865,2407.611533011785
620018,BENGALURU URBAN,1.0,8,263.725755683453,2109.806045467624
620001,BENGALURU URBAN,1.0,21,265.049916707432,5566.048250856072
282005,SOUTH,1.0,55,164.236552121561,9033.010366685856
282004,SOUTH,1.0,9,165.672843710179,1491.055593391611
282003,SOUTH,1.0,5,186.163354336995,930.816771684975
282010,SOUTH,1.0,21,185.892049438573,3903.733038210033
282002,SOUTH,1.0,22,166.777456311391,3669.104038850602
206001,SOUTH,1.0,17,263.086261462591,4472.466444864047
206130,SOUTH,1.0,12,244.718605586402,2936.623267036824
284002,SOUTH,1.0,12,366.04630251951,4392.55563023412
284305,SOUTH,1.0,2,378.190625916619,756.381251833238
284136,SOUTH,1.0,1,400.899548326304,400.899548326304
285204,SOUTH,1.0,2,365.871036628157,731.742073256314
211003,SOUTH,1.0,40,571.670790211785,22866.8316084714
211001,SOUTH,1.0,50,568.570596056498,28428.529802824898
211002,SOUTH,1.0,54,570.0793081121,30784.2826380534
233001,24 PARAGANAS NORTH,1.0,21,581.786929909057,12217.525528090197
233232,24 PARAGANAS NORTH,1.0,2,583.593866359292,1167.187732718584
233227,HYDERABAD,1.0,0,1059.96873997588,0.0
222202,SOUTH,1.0,1,586.262164850224,586.262164850224
230139,SOUTH,1.0,3,518.71158184427,1556.13474553281
221001,24 PARAGANAS NORTH,1.0,44,619.160627435047,27243.067607142068
221002,24 PARAGANAS NORTH,1.0,49,620.707552581903,30414.670076513245
221004,24 PARAGANAS NORTH,1.0,8,619.800167501382,4958.401340011056
221010,24 PARAGANAS NORTH,1.0,62,616.996689361663,38253.79474042311
250620,SOUTH,1.0,2,70.2478166877533,140.4956333755066
250344,SOUTH,1.0,1,74.804815871574,74.804815871574
250110,SOUTH,1.0,11,76.1840535961889,838.0245895580779
250103,SOUTH,1.0,8,87.853181014978,702.825448119824
251001,SOUTH,1.0,38,116.083689912441,4411.180216672758
223225,SOUTH,1.0,1,613.043603697855,613.043603697855
276206,SOUTH,1.0,1,644.019591242103,644.019591242103
272124,SOUTH,1.0,4,577.963171498865,2311.85268599546
274001,24 PARAGANAS NORTH,1.0,18,646.188490049673,11631.392820894114
271001,SOUTH,1.0,16,488.872027253179,7821.952436050864
273004,SOUTH,1.0,19,636.704862479921,12097.392387118498
273001,SOUTH,1.0,69,637.050264648269,43956.468260730566
273012,SOUTH,1.0,4,637.743272665768,2550.973090663072
273015,SOUTH,1.0,10,636.459675246271,6364.59675246271
273005,SOUTH,1.0,3,636.654122505144,1909.9623675154319
273158,SOUTH,1.0,1,636.927012456868,636.927012456868
210426,24 PARAGANAS NORTH,1.0,0,933.60606664294,0.0
208003,SOUTH,1.0,4,383.668783900579,1534.675135602316
208013,SOUTH,1.0,11,383.943507173381,4223.378578907192
208010,SOUTH,1.0,11,391.771172499051,4309.482897489561
208009,SOUTH,1.0,4,377.132728109943,1508.530912439772
208002,SOUTH,1.0,32,380.982819871526,12191.450235888831
208017,SOUTH,1.0,35,375.105726762326,13128.70043668141
208016,SOUTH,1.0,16,372.318039627997,5957.088634047952
208025,SOUTH,1.0,32,379.073872867789,12130.363931769249
208012,SOUTH,1.0,26,373.794165726816,9718.648308897216
208019,SOUTH,1.0,11,379.01463111775,4169.16094229525
209841,SOUTH,1.0,1,340.6721317748,340.6721317748
201013,SOUTH,1.0,31,31.4383135730223,974.5877207636913
201017,SOUTH,1.0,85,28.6418981098373,2434.5613393361705
201014,SOUTH,1.0,276,19.5552167033705,5397.239810130258
201019,SOUTH,1.0,1,25.9067690061506,25.9067690061506
201310,SOUTH,1.0,148,28.9180404293833,4279.869983548729
201304,SOUTH,1.0,209,16.2482706787733,3395.8885718636193
201305,SOUTH,1.0,137,17.4095353742237,2385.106346268647
201301,SOUTH,1.0,909,572.496839207964,520399.6268400392
201307,SOUTH,1.0,62,14.6851738415688,910.4807781772655
201318,SOUTH,1.0,12,25.9067690061506,310.8812280738072
226023,SOUTH,1.0,30,411.7273855211,12351.821565633001
226004,SOUTH,1.0,28,411.7273855211,11528.3667945908
226017,SOUTH,1.0,59,164.003647551148,9676.215205517732
226001,SOUTH,1.0,69,410.896581114104,28351.864096873174
226012,SOUTH,1.0,79,411.272191765548,32490.50314947829
226005,SOUTH,1.0,31,410.67285214533,12730.85841650523
226018,SOUTH,1.0,23,416.181228797807,9572.168262349562
226007,SOUTH,1.0,11,411.121996110241,4522.341957212651
226010,SOUTH,1.0,209,415.61868174797,86864.30448532573
226024,SOUTH,1.0,57,408.972315316168,23311.421973021577
226016,SOUTH,1.0,167,413.709524633795,69089.49061384377
227409,SOUTH,1.0,7,511.477258433914,3580.3408090373982
228119,SOUTH,1.0,1,547.991205858926,547.991205858926
227816,SOUTH,1.0,3,541.080645581146,1623.241936743438
263658,SOUTH,1.0,3,246.371557059464,739.114671178392
248159,SOUTH,1.0,1,230.50634170856,230.50634170856
248001,SOUTH,1.0,389,218.052942371533,84822.59458252633
248014,SOUTH,1.0,1,219.695460057728,219.695460057728
249203,SOUTH,1.0,5,200.97239594144,1004.8619797072
249204,SOUTH,1.0,7,195.835333941007,1370.847337587049
249404,SOUTH,1.0,4,179.214051346866,716.856205387464
249403,SOUTH,1.0,27,178.133935326793,4809.616253823411
263153,SOUTH,1.0,28,268.020876546965,7504.58454331502
262402,SOUTH,1.0,1,234.283507672978,234.283507672978
262309,SOUTH,1.0,8,288.393275023245,2307.14620018596
246127,SOUTH,1.0,1,196.221604231337,196.221604231337
249302,SOUTH,1.0,1,207.908327219011,207.908327219011
249137,SOUTH,1.0,2,221.549452863585,443.09890572717
700034,24 PARAGANAS NORTH,1.0,56,31.0160700575022,1736.8999232201234
700063,24 PARAGANAS NORTH,1.0,37,36.0145730003897,1332.539201014419
700026,24 PARAGANAS NORTH,1.0,33,27.7653664986212,916.2570944544997
700060,24 PARAGANAS NORTH,1.0,33,31.3114332607334,1033.2772976042022
700027,24 PARAGANAS NORTH,1.0,28,26.7992557003985,750.379159611158
700029,24 PARAGANAS NORTH,1.0,36,28.6049272142293,1029.7773797122547
700003,24 PARAGANAS NORTH,1.0,4,18.5889993562768,74.3559974251072
700006,24 PARAGANAS NORTH,1.0,37,19.6594053507978,727.3979979795187
700155,24 PARAGANAS NORTH,1.0,1,11.1336842136468,11.1336842136468
743252,MUMBAI SUBURBAN,1.0,0,1698.70189193775,0.0
743704,SOUTH,1.0,0,1305.15728693761,0.0
731101,24 PARAGANAS NORTH,1.0,10,155.488942648318,1554.88942648318
700019,24 PARAGANAS NORTH,1.0,69,27.473996878508,1895.705784617052
700031,24 PARAGANAS NORTH,1.0,32,28.8275245232025,922.48078474248
700107,24 PARAGANAS NORTH,1.0,61,28.2205616877559,1721.45426295311
700075,24 PARAGANAS NORTH,1.0,52,29.9682504902933,1558.3490254952517
700099,24 PARAGANAS NORTH,1.0,40,29.7027370991616,1188.109483966464
700025,24 PARAGANAS NORTH,1.0,25,28.4176100566784,710.44025141696
700032,24 PARAGANAS NORTH,1.0,48,30.1230882473768,1445.9082358740864
700092,24 PARAGANAS NORTH,1.0,26,31.5007295432849,819.0189681254075
700094,24 PARAGANAS NORTH,1.0,45,28.9958204857359,1304.8119218581155
700078,24 PARAGANAS NORTH,1.0,59,29.1716865266574,1721.1295050727865
700072,24 PARAGANAS NORTH,1.0,1,22.8918478565978,22.8918478565978
700071,24 PARAGANAS NORTH,1.0,13,22.2657995017471,289.4553935227123
700016,24 PARAGANAS NORTH,1.0,48,21.8215978862345,1047.436698539256
700064,24 PARAGANAS NORTH,1.0,46,48.5777433194525,2234.5761926948153
700085,24 PARAGANAS NORTH,1.0,7,22.186250005497,155.303750038479
700089,24 PARAGANAS NORTH,1.0,13,47.846149828886,621.999947775518
700091,24 PARAGANAS NORTH,1.0,59,49.3074012725615,2909.1366750811285
700048,24 PARAGANAS NORTH,1.0,30,48.1704713294013,1445.1141398820391
700097,24 PARAGANAS NORTH,1.0,23,21.4540907513925,493.44408728202745
700009,24 PARAGANAS NORTH,1.0,16,21.7424952546058,347.8799240736928
700054,24 PARAGANAS NORTH,1.0,29,50.1914424771682,1455.551831837878
700001,24 PARAGANAS NORTH,1.0,21,51.3111848829332,1077.5348825415972
700108,24 PARAGANAS NORTH,1.0,22,13.1159471270301,288.5508367946622
700036,24 PARAGANAS NORTH,1.0,14,14.9494678529764,209.2925499416696
700002,24 PARAGANAS NORTH,1.0,17,16.673405358569,283.44789109567296
700035,24 PARAGANAS NORTH,1.0,14,13.870150906642,194.182112692988
700080,24 PARAGANAS NORTH,1.0,16,15.3864362314361,246.1829797029776
700052,24 PARAGANAS NORTH,1.0,41,15.4665770834613,634.1296604219133
700028,24 PARAGANAS NORTH,1.0,63,14.8546835259851,935.8450621370613
742225,24 PARAGANAS NORTH,1.0,1,192.160516432031,192.160516432031
741504,MUMBAI SUBURBAN,1.0,0,1688.05392030355,0.0
700119,24 PARAGANAS NORTH,1.0,14,4.70209752721938,65.82936538107133
743144,24 PARAGANAS NORTH,1.0,23,6.04563986961081,139.04971700104863
700113,24 PARAGANAS NORTH,1.0,4,7.43380646770455,29.7352258708182
700121,24 PARAGANAS NORTH,1.0,2,2.60899493346277,5.21798986692554
700122,24 PARAGANAS NORTH,1.0,25,3.01511946614761,75.37798665369026
700110,24 PARAGANAS NORTH,1.0,13,7.58229258350279,98.56980358553626
700114,24 PARAGANAS NORTH,1.0,9,8.26203577494666,74.35832197451995
700051,24 PARAGANAS NORTH,1.0,19,11.9510198013043,227.0693762247817
700158,24 PARAGANAS NORTH,1.0,1,10.2611524631871,10.2611524631871
700057,24 PARAGANAS NORTH,1.0,13,11.3507674803503,147.5599772445539
700081,24 PARAGANAS NORTH,1.0,13,13.4427272606955,174.75545438904152
700070,24 PARAGANAS NORTH,1.0,20,32.9695021698998,659.3900433979959
700096,24 PARAGANAS NORTH,1.0,9,58.1738273629415,523.5644462664735
700151,24 PARAGANAS NORTH,1.0,6,51.1048731846853,306.62923910811185
700149,24 PARAGANAS NORTH,1.0,13,37.4892164855816,487.3598143125608
743331,24 PARAGANAS NORTH,1.0,8,162.647116767641,1301.176934141128
744104,24 PARAGANAS NORTH,1.0,2,1317.12407017536,2634.24814035072
744303,24 PARAGANAS NORTH,1.0,1,1720.18261918583,1720.18261918583
736122,24 PARAGANAS NORTH,1.0,1,430.200249978828,430.200249978828
736101,24 PARAGANAS NORTH,1.0,21,409.885589986167,8607.597389709508
734203,24 PARAGANAS NORTH,1.0,8,474.948024507799,3799.584196062392
734209,24 PARAGANAS NORTH,1.0,1,464.29186531385,464.29186531385
734007,24 PARAGANAS NORTH,1.0,3,435.644347613805,1306.933042841415
735223,24 PARAGANAS NORTH,1.0,1,465.843962587124,465.843962587124
732101,24 PARAGANAS NORTH,1.0,17,249.609993088619,4243.369882506523
737136,24 PARAGANAS NORTH,1.0,13,509.134209810006,6618.744727530077
733134,24 PARAGANAS NORTH,1.0,5,318.596818443291,1592.9840922164549
733101,24 PARAGANAS NORTH,1.0,8,274.29448958937,2194.35591671496
713325,24 PARAGANAS NORTH,1.0,9,180.628246261069,1625.654216349621
713304,24 PARAGANAS NORTH,1.0,23,173.369594386812,3987.5006708966757
713302,24 PARAGANAS NORTH,1.0,10,188.293226774614,1882.93226774614
713303,24 PARAGANAS NORTH,1.0,6,173.573019587839,1041.4381175270341
713359,24 PARAGANAS NORTH,1.0,2,187.827428984325,375.65485796865
713213,24 PARAGANAS NORTH,1.0,12,145.227890763371,1742.734689160452
713216,24 PARAGANAS NORTH,1.0,25,141.924995415067,3548.124885376675
713206,24 PARAGANAS NORTH,1.0,12,138.734180965983,1664.810171591796
713205,24 PARAGANAS NORTH,1.0,11,142.540673234863,1567.947405583493
713201,24 PARAGANAS NORTH,1.0,6,136.41438590799,818.4863154479401
722102,24 PARAGANAS NORTH,1.0,3,149.719955395822,449.15986618746604
712503,24 PARAGANAS NORTH,1.0,4,42.7942118590734,171.1768474362936
712101,24 PARAGANAS NORTH,1.0,6,13.4085279560361,80.4511677362166
712222,24 PARAGANAS NORTH,1.0,6,7.82449933532349,46.94699601194094
712311,24 PARAGANAS NORTH,1.0,4,15.5777176039998,62.3108704159992
712245,24 PARAGANAS NORTH,1.0,1,6.42585327695091,6.42585327695091
712250,24 PARAGANAS NORTH,1.0,2,13.52520994344,27.05041988688
712246,24 PARAGANAS NORTH,1.0,8,13.52520994344,108.20167954752
711103,24 PARAGANAS NORTH,1.0,14,24.5386686746708,343.5413614453912
711111,24 PARAGANAS NORTH,1.0,1,24.661743403305,24.661743403305
711101,24 PARAGANAS NORTH,1.0,48,139.229085722206,6682.996114665888
711106,24 PARAGANAS NORTH,1.0,30,18.808609795671,564.25829387013
711201,24 PARAGANAS NORTH,1.0,18,16.5415879097526,297.7485823755468
711202,24 PARAGANAS NORTH,1.0,11,16.4286763169397,180.71543948633672
721507,24 PARAGANAS NORTH,1.0,5,148.937101764532,744.68550882266
721306,24 PARAGANAS NORTH,1.0,6,122.285742983542,733.714457901252
721302,24 PARAGANAS NORTH,1.0,14,122.927230769402,1720.981230771628
721101,24 PARAGANAS NORTH,1.0,26,115.727145466018,3008.905782116468
723101,24 PARAGANAS NORTH,1.0,9,228.730414080667,2058.573726726003
721151,24 PARAGANAS NORTH,1.0,3,71.8967351292278,215.69020538768342
502295,HYDERABAD,1.0,12,53.2740505277373,639.2886063328476
505473,HYDERABAD,1.0,1,102.234975518257,102.234975518257
502125,HYDERABAD,1.0,3,73.120985815618,219.362957446854
503302,HYDERABAD,1.0,1,106.041541797165,106.041541797165
503003,HYDERABAD,1.0,7,148.704350475762,1040.9304533303339
505472,HYDERABAD,1.0,1,115.929119024548,115.929119024548
505208,HYDERABAD,1.0,1,175.973047868447,175.973047868447
502294,BENGALURU URBAN,1.0,0,526.33833593706,0.0
502271,HYDERABAD,1.0,2,88.5900653719146,177.1801307438292
502210,HYDERABAD,1.0,1,88.2182074066996,88.2182074066996
508211,HYDERABAD,1.0,3,108.567992346324,325.703977038972
506002,HYDERABAD,1.0,42,131.670398564116,5530.156739692872
506314,HYDERABAD,1.0,2,108.27976601358,216.55953202716
506005,HYDERABAD,1.0,4,126.624946901307,506.499787605228
521260,HYDERABAD,1.0,2,266.896892307713,533.793784615426
500075,HYDERABAD,1.0,128,43.550903075842,5574.515593707776
501505,HYDERABAD,1.0,38,18.339097734819,696.885713923122
500043,HYDERABAD,1.0,52,16.1822958217956,841.4793827333712
500100,HYDERABAD,1.0,28,33.4495246104544,936.5866890927231
500078,HYDERABAD,1.0,49,11.6103920578913,568.9092108366737
515402,BENGALURU URBAN,1.0,2,194.010386427125,388.02077285425
517129,BENGALURU URBAN,1.0,3,154.240992721498,462.722978164494
517429,BENGALURU URBAN,1.0,1,116.127644604856,116.127644604856
517132,BENGALURU URBAN,1.0,2,172.622414889827,345.244829779654
517390,BENGALURU URBAN,1.0,1,121.181522139572,121.181522139572
813210,24 PARAGANAS NORTH,1.0,3,310.431701113674,931.295103341022
824236,24 PARAGANAS NORTH,1.0,2,408.507926621189,817.015853242378
801301,24 PARAGANAS NORTH,1.0,2,424.330204903745,848.66040980749
803118,24 PARAGANAS NORTH,1.0,1,489.426102215571,489.426102215571
805102,24 PARAGANAS NORTH,1.0,2,355.668222782548,711.336445565096
801113,24 PARAGANAS NORTH,1.0,3,429.610431529832,1288.8312945894959
803201,24 PARAGANAS NORTH,1.0,3,435.888047348357,1307.664142045071
844111,24 PARAGANAS NORTH,1.0,1,415.774686299763,415.774686299763
844113,24 PARAGANAS NORTH,1.0,1,446.647297123181,446.647297123181
844509,24 PARAGANAS NORTH,1.0,1,438.770706518721,438.770706518721
516213,BENGALURU URBAN,1.0,1,225.829382671611,225.829382671611
516312,BENGALURU URBAN,1.0,1,223.388839268969,223.388839268969
517234,BENGALURU URBAN,1.0,3,153.055629061242,459.166887183726
517113,BENGALURU URBAN,1.0,1,165.730695939737,165.730695939737
517592,BENGALURU URBAN,1.0,2,222.415108541526,444.830217083052
517591,BENGALURU URBAN,1.0,1,227.125740098698,227.125740098698
517520,BENGALURU URBAN,1.0,10,223.598385519761,2235.98385519761
534207,HYDERABAD,1.0,1,347.950235548948,347.950235548948
534330,HYDERABAD,1.0,1,357.632552291763,357.632552291763
534320,HYDERABAD,1.0,3,353.683571620055,1061.050714860165
534326,HYDERABAD,1.0,1,361.341694195085,361.341694195085
534437,HYDERABAD,1.0,3,285.657435432225,856.972306296675
521148,HYDERABAD,1.0,1,281.504131112067,281.504131112067
521322,HYDERABAD,1.0,1,288.355230898582,288.355230898582
521105,HYDERABAD,1.0,7,274.59502889669,1922.1652022768299
521213,BENGALURU URBAN,1.0,0,567.879549877724,0.0
524412,BENGALURU URBAN,1.0,1,280.290633299874,280.290633299874
524405,BENGALURU URBAN,1.0,1,284.764190139262,284.764190139262
524401,BENGALURU URBAN,1.0,4,275.195125405974,1100.780501623896
522015,HYDERABAD,1.0,1,246.564330266392,246.564330266392
522034,HYDERABAD,1.0,20,235.926055088287,4718.52110176574
494331,HYDERABAD,1.0,2,373.322956725932,746.645913451864
495224,HYDERABAD,1.0,5,613.52787760819,3067.63938804095
495449,24 PARAGANAS NORTH,1.0,1,625.690705278883,625.690705278883
495447,24 PARAGANAS NORTH,1.0,2,597.102456664847,1194.204913329694
490025,HYDERABAD,1.0,5,520.168733060842,2600.84366530421
491228,HYDERABAD,1.0,6,447.424279260968,2684.545675565808
491111,HYDERABAD,1.0,5,514.109211440094,2570.54605720047
493111,HYDERABAD,1.0,5,548.855945156935,2744.279725784675
110081,SOUTH,1.0,22,31.2950232319724,688.4905111033928
110040,SOUTH,1.0,7,38.4201171903632,268.9408203325424
110035,SOUTH,1.0,35,19.523057807289,683.307023255115
110047,SOUTH,1.0,30,9.88929799670781,296.67893990123434
110068,SOUTH,1.0,59,3.21662821174432,189.78106449291488
110045,SOUTH,1.0,136,15.7734150787531,2145.1844507104215
110077,SOUTH,1.0,87,15.1811572436153,1320.760680194531
110041,SOUTH,1.0,42,23.1057388478817,970.4410316110313
380058,MUMBAI SUBURBAN,1.0,142,434.331594314026,61675.08639259169
382425,MUMBAI SUBURBAN,1.0,1,413.426642734124,413.426642734124
382455,MUMBAI SUBURBAN,1.0,5,337.930340674105,1689.6517033705252
382421,MUMBAI SUBURBAN,1.0,71,447.55214522654,31776.20231108434
394185,MUMBAI SUBURBAN,1.0,6,229.05236200981,1374.31417205886
392011,MUMBAI SUBURBAN,1.0,9,291.488007111993,2623.392064007937
387650,MUMBAI SUBURBAN,1.0,1,393.15164302566,393.15164302566
388480,MUMBAI SUBURBAN,1.0,1,376.917164467144,376.917164467144
388640,MUMBAI SUBURBAN,1.0,1,355.55678279388,355.55678279388
396590,MUMBAI SUBURBAN,1.0,4,194.095866544104,776.383466176416
396430,MUMBAI SUBURBAN,1.0,1,195.239959049573,195.239959049573
389330,MUMBAI SUBURBAN,1.0,4,389.51266435829,1558.05065743316
394510,MUMBAI SUBURBAN,1.0,18,229.870168841927,4137.663039154686
395010,MUMBAI SUBURBAN,1.0,17,229.153431153202,3895.608329604434
390019,MUMBAI SUBURBAN,1.0,62,382.404467976043,23709.077014514667
390004,MUMBAI SUBURBAN,1.0,13,393.96847080498,5121.59012046474
391410,HYDERABAD,1.0,23,428.051068579625,9845.174577331374
391101,MUMBAI SUBURBAN,1.0,8,355.258316630917,2842.066533047336
396007,MUMBAI SUBURBAN,1.0,3,162.740377591945,488.221132775835
396195,MUMBAI SUBURBAN,1.0,27,136.210083162468,3677.6722453866364
134118,SOUTH,1.0,1,155.291192644185,155.291192644185
133202,SOUTH,1.0,1,187.625993415882,187.625993415882
121002,SOUTH,1.0,171,20.1905390989922,3452.582185927666
122503,SOUTH,1.0,9,48.5083063011542,436.5747567103878
122006,SOUTH,1.0,59,20.9873613040842,1238.2543169409678
123028,SOUTH,1.0,2,112.771914916547,225.543829833094
132116,SOUTH,1.0,3,163.038342084301,489.115026252903
132101,SOUTH,1.0,2,4161.94191743701,8323.88383487402
136042,SOUTH,1.0,2,155.785293841483,311.570587682966
851213,24 PARAGANAS NORTH,1.0,1,362.519558155858,362.519558155858
851218,24 PARAGANAS NORTH,1.0,1,374.433934391505,374.433934391505
847429,24 PARAGANAS NORTH,1.0,1,829.720244639797,829.720244639797
847233,SOUTH,1.0,0,916.202954261218,0.0
847214,24 PARAGANAS NORTH,1.0,1,446.572831360268,446.572831360268
847215,24 PARAGANAS NORTH,1.0,1,464.364675284408,464.364675284408
842002,24 PARAGANAS NORTH,1.0,29,483.546071780696,14022.836081640186
854106,24 PARAGANAS NORTH,1.0,2,316.732292569791,633.464585139582
854113,24 PARAGANAS NORTH,1.0,1,299.124297125075,299.124297125075
843330,24 PARAGANAS NORTH,1.0,1,535.849555035251,535.849555035251
841439,24 PARAGANAS NORTH,1.0,1,550.158675516039,550.158675516039
524240,BENGALURU URBAN,1.0,1,275.421433979573,275.421433979573
524322,BENGALURU URBAN,1.0,10,295.034903170939,2950.34903170939
524306,SOUTH,1.0,1,6363.47121140566,6363.47121140566
523190,HYDERABAD,1.0,1,251.406152921468,251.406152921468
523167,HYDERABAD,1.0,3,258.113955795072,774.341867385216
523110,HYDERABAD,1.0,2,281.830187478873,563.660374957746
523302,HYDERABAD,1.0,1,208.660676645542,208.660676645542
523260,SOUTH,1.0,0,1426.94356433639,0.0
534305,HYDERABAD,1.0,1,330.992072325016,330.992072325016
534176,SOUTH,1.0,2,6391.78697233108,12783.57394466216
521245,BENGALURU URBAN,1.0,0,519.052314286011,0.0
521229,HYDERABAD,1.0,2,236.491399905101,472.982799810202
533248,HYDERABAD,1.0,1,377.063057121462,377.063057121462
533344,HYDERABAD,1.0,2,380.776458739658,761.552917479316
533016,HYDERABAD,1.0,4,343.866345972563,1375.465383890252
533291,HYDERABAD,1.0,2,373.217012008361,746.434024016722
535578,SOUTH,1.0,1,6470.36859300112,6470.36859300112
533296,HYDERABAD,1.0,2,364.554326852482,729.108653704964
533287,HYDERABAD,1.0,2,335.192704437924,670.385408875848
533293,HYDERABAD,1.0,3,345.144716177891,1035.434148533673
533263,HYDERABAD,1.0,1,391.477611020553,391.477611020553
532123,HYDERABAD,1.0,1,565.281208788202,565.281208788202
384435,HYDERABAD,1.0,0,931.50913943532,0.0
360545,MUMBAI SUBURBAN,1.0,1,442.958878680569,442.958878680569
388315,MUMBAI SUBURBAN,1.0,1,383.657307045005,383.657307045005
388540,MUMBAI SUBURBAN,1.0,3,354.928842091509,1064.786526274527
394310,MUMBAI SUBURBAN,1.0,1,218.668697228638,218.668697228638
394315,MUMBAI SUBURBAN,1.0,1,215.869652459182,215.869652459182
530027,HYDERABAD,1.0,23,500.093363295969,11502.147355807288
530051,HYDERABAD,1.0,19,498.64816700656,9474.31517312464
530029,HYDERABAD,1.0,1,499.766479408303,499.766479408303
786002,24 PARAGANAS NORTH,1.0,3,840.81062232883,2522.43186698649
782480,24 PARAGANAS NORTH,1.0,1,652.976650521404,652.976650521404
782002,24 PARAGANAS NORTH,1.0,19,587.81809197416,11168.54374750904
782410,24 PARAGANAS NORTH,1.0,1,535.433650006151,535.433650006151
782137,24 PARAGANAS NORTH,1.0,1,577.980462595895,577.980462595895
785004,24 PARAGANAS NORTH,1.0,5,662.688071857091,3313.440359285455
785700,24 PARAGANAS NORTH,1.0,1,715.399174329477,715.399174329477
785701,24 PARAGANAS NORTH,1.0,1,657.722604381037,657.722604381037
786181,24 PARAGANAS NORTH,1.0,2,886.915811385018,1773.831622770036
786148,24 PARAGANAS NORTH,1.0,1,873.440804685101,873.440804685101
783346,24 PARAGANAS NORTH,1.0,2,458.023013691245,916.04602738249
781025,24 PARAGANAS NORTH,1.0,8,504.161649748506,4033.293197988048
781125,24 PARAGANAS NORTH,1.0,1,487.038814277724,487.038814277724
781123,24 PARAGANAS NORTH,1.0,1,457.051365844427,457.051365844427
781382,24 PARAGANAS NORTH,1.0,3,527.475574956461,1582.4267248693827
788155,24 PARAGANAS NORTH,1.0,3,473.371917252072,1420.115751756216
788711,24 PARAGANAS NORTH,1.0,1,632.811788640836,632.811788640836
788006,24 PARAGANAS NORTH,1.0,6,501.126926853666,3006.7615611219962
784507,24 PARAGANAS NORTH,1.0,1,591.942085741817,591.942085741817
784110,24 PARAGANAS NORTH,1.0,5,575.214213051525,2876.071065257625
784105,24 PARAGANAS NORTH,1.0,2,625.783113252747,1251.566226505494
784180,24 PARAGANAS NORTH,1.0,1,638.488685390702,638.488685390702
504215,HYDERABAD,1.0,1,176.588877729439,176.588877729439
506370,HYDERABAD,1.0,17,124.210017451862,2111.570296681654
506252,HYDERABAD,1.0,2,93.763727138259,187.527454276518
454449,SOUTH,1.0,1,335.663437257899,335.663437257899
483880,SOUTH,1.0,1,605.012564833347,605.012564833347
451224,MUMBAI SUBURBAN,1.0,3,443.21814538749,1329.65443616247
457222,MUMBAI SUBURBAN,1.0,2,531.469561348687,1062.939122697374
466661,HYDERABAD,1.0,0,973.774914035204,0.0
474005,SOUTH,1.0,12,266.78849292615,3201.4619151138004
474020,SOUTH,1.0,13,273.427234524152,3554.5540488139764
403707,SOUTH,1.0,24,6033.05395522824,144793.29492547776
403515,SOUTH,1.0,9,6105.88288011502,54952.945921035185
403108,SOUTH,1.0,1,6061.10962370489,6061.10962370489
403530,SOUTH,1.0,3,6081.15815823881,18243.47447471643
403510,SOUTH,1.0,10,6054.71188084433,60547.1188084433
182128,MUMBAI SUBURBAN,1.0,2,8069.23253237714,16138.46506475428
828106,24 PARAGANAS NORTH,1.0,1,231.933889291965,231.933889291965
828205,24 PARAGANAS NORTH,1.0,3,231.932602000729,695.7978060021869
829107,24 PARAGANAS NORTH,1.0,5,167.56757930225,837.83789651125
825102,24 PARAGANAS NORTH,1.0,1,378.431407540684,378.431407540684
825410,24 PARAGANAS NORTH,1.0,1,343.472071961338,343.472071961338
829101,24 PARAGANAS NORTH,1.0,1,312.356699391764,312.356699391764
834009,24 PARAGANAS NORTH,1.0,38,387.880780169954,14739.469646458252
835222,24 PARAGANAS NORTH,1.0,3,321.638377963288,964.915133889864
832402,SOUTH,1.0,0,1086.15233903712,0.0
832107,24 PARAGANAS NORTH,1.0,2,229.985185636985,459.97037127397
560092,BENGALURU URBAN,1.0,85,4.66981385236228,396.9341774507938
560060,BENGALURU URBAN,1.0,111,14.4970258714394,1609.1698717297734
560076,BENGALURU URBAN,1.0,527,7.1564227474578,3771.4347879102606
560105,BENGALURU URBAN,1.0,60,20.8482921992267,1250.897531953602
562114,BENGALURU URBAN,1.0,54,31.7090147089131,1712.2867942813073
577129,BENGALURU URBAN,1.0,2,205.89186311948,411.78372623896
577136,BENGALURU URBAN,1.0,1,224.282633203218,224.282633203218
577112,BENGALURU URBAN,1.0,4,237.640605162325,950.5624206493
577134,BENGALURU URBAN,1.0,1,238.488380563129,238.488380563129
573214,BENGALURU URBAN,1.0,1,186.611640160168,186.611640160168
573134,BENGALURU URBAN,1.0,3,196.354277697269,589.062833091807
571211,BENGALURU URBAN,1.0,2,204.705789579137,409.411579158274
571219,BENGALURU URBAN,1.0,1,190.927227098953,190.927227098953
571234,BENGALURU URBAN,1.0,9,187.859644018667,1690.7367961680031
571252,BENGALURU URBAN,1.0,1,213.32238966428,213.32238966428
563120,BENGALURU URBAN,1.0,4,69.0325921488723,276.1303685954892
574151,BENGALURU URBAN,1.0,6,289.192907139485,1735.15744283691
575022,BENGALURU URBAN,1.0,4,294.835936199085,1179.34374479634
574199,BENGALURU URBAN,1.0,5,287.510032819897,1437.5501640994848
575023,BENGALURU URBAN,1.0,1,292.518788291262,292.518788291262
574150,BENGALURU URBAN,1.0,7,296.971332594419,2078.799328160933
575019,BENGALURU URBAN,1.0,14,299.306014853273,4190.284207945821
575010,BENGALURU URBAN,1.0,1,301.000224128755,301.000224128755
575014,BENGALURU URBAN,1.0,13,300.559099000483,3907.268287006279
574101,BENGALURU URBAN,1.0,1,279.019161415904,279.019161415904
574227,BENGALURU URBAN,1.0,15,280.720882784154,4210.81324176231
574219,BENGALURU URBAN,1.0,7,278.116042853597,1946.8122999751788
574279,BENGALURU URBAN,1.0,1,279.16254281966,279.16254281966
574229,BENGALURU URBAN,1.0,7,229.320322685549,1605.242258798843
574230,BENGALURU URBAN,1.0,1,218.188115835945,218.188115835945
574232,BENGALURU URBAN,1.0,2,233.622405086169,467.244810172338
577215,BENGALURU URBAN,1.0,1,203.173324423462,203.173324423462
577426,BENGALURU URBAN,1.0,3,276.553367838685,829.660103516055
577225,BENGALURU URBAN,1.0,1,253.1073073235,253.1073073235
577203,BENGALURU URBAN,1.0,5,241.604196210017,1208.020981050085
577204,BENGALURU URBAN,1.0,19,245.218397960862,4659.149561256379
572116,BENGALURU URBAN,1.0,1,132.05209256442,132.05209256442
572102,BENGALURU URBAN,1.0,54,89.0948798387805,4811.123511294147
572138,BENGALURU URBAN,1.0,1,129.376850416847,129.376850416847
576222,BENGALURU URBAN,1.0,1,308.628388292107,308.628388292107
576229,BENGALURU URBAN,1.0,1,300.342890786574,300.342890786574
576235,BENGALURU URBAN,1.0,4,321.765186772582,1287.060747090328
576215,BENGALURU URBAN,1.0,1,297.087352275138,297.087352275138
576113,BENGALURU URBAN,1.0,3,293.815081762313,881.4452452869391
576108,BENGALURU URBAN,1.0,3,315.463264970603,946.3897949118091
576105,BENGALURU URBAN,1.0,9,308.193541522693,2773.741873704237
574117,BENGALURU URBAN,1.0,2,307.528789938998,615.057579877996
688537,BENGALURU URBAN,1.0,11,372.571024869583,4098.281273565413
688582,BENGALURU URBAN,1.0,7,392.789837506307,2749.528862544149
688527,MUMBAI SUBURBAN,1.0,0,1116.25196032666,0.0
688540,BENGALURU URBAN,1.0,2,378.557353705403,757.114707410806
688532,BENGALURU URBAN,1.0,4,379.081515960576,1516.326063842304
683585,BENGALURU URBAN,1.0,1,337.800118678686,337.800118678686
683565,BENGALURU URBAN,1.0,5,349.348074358297,1746.7403717914851
683581,BENGALURU URBAN,1.0,1,324.498508159699,324.498508159699
683520,BENGALURU URBAN,1.0,7,341.266840319432,2388.867882236024
683105,BENGALURU URBAN,1.0,4,338.495004141249,1353.980016564996
683102,BENGALURU URBAN,1.0,15,339.771816323898,5096.57724485847
686669,BENGALURU URBAN,1.0,2,345.186352448011,690.372704896022
686106,BENGALURU URBAN,1.0,1,399.890036412463,399.890036412463
686544,BENGALURU URBAN,1.0,3,395.782922510943,1187.348767532829
686104,BENGALURU URBAN,1.0,3,401.897416483559,1205.692249450677
686533,BENGALURU URBAN,1.0,3,395.44110552574,1186.3233165772199
686536,BENGALURU URBAN,1.0,10,397.248960694775,3972.48960694775
686102,BENGALURU URBAN,1.0,11,406.984975136505,4476.8347265015545
686105,BENGALURU URBAN,1.0,7,403.330885407952,2823.316197855664
686103,BENGALURU URBAN,1.0,7,404.173745949517,2829.216221646619
686520,SOUTH,1.0,0,2110.46213994471,0.0
686518,BENGALURU URBAN,1.0,1,384.787507351285,384.787507351285
686502,BENGALURU URBAN,1.0,4,385.198334182479,1540.793336729916
682306,BENGALURU URBAN,1.0,23,358.139466220998,8237.207723082953
682314,BENGALURU URBAN,1.0,11,360.860377167757,3969.464148845327
682308,BENGALURU URBAN,1.0,17,354.924262404746,6033.712460880682
685552,BENGALURU URBAN,1.0,1,351.785150629047,351.785150629047
685515,BENGALURU URBAN,1.0,4,355.123875759755,1420.49550303902
685561,BENGALURU URBAN,1.0,7,330.546243564089,2313.8237049486233
685612,BENGALURU URBAN,1.0,5,311.297907097679,1556.489535488395
685585,BENGALURU URBAN,1.0,7,354.716024110966,2483.012168776762
685595,BENGALURU URBAN,1.0,1,345.235843714985,345.235843714985
685607,BENGALURU URBAN,1.0,3,336.555881112374,1009.667643337122
680302,BENGALURU URBAN,1.0,3,311.636898845691,934.910696537073
680309,BENGALURU URBAN,1.0,1,328.203680300136,328.203680300136
680684,BENGALURU URBAN,1.0,12,315.357949285499,3784.295391425988
441906,HYDERABAD,1.0,6,428.0422199108,2568.2533194648
441909,HYDERABAD,1.0,3,451.05543914,1353.1663174199998
441802,HYDERABAD,1.0,7,420.515126200607,2943.605883404249
441915,HYDERABAD,1.0,1,467.557974175256,467.557974175256
441404,HYDERABAD,1.0,1,430.339666613275,430.339666613275
441502,HYDERABAD,1.0,2,431.601510891048,863.203021782096
441303,HYDERABAD,1.0,1,444.785892498715,444.785892498715
441305,HYDERABAD,1.0,1,431.900168810246,431.900168810246
441107,HYDERABAD,1.0,3,440.277226158128,1320.8316784743838
442102,HYDERABAD,1.0,5,365.712067268274,1828.56033634137
414607,MUMBAI SUBURBAN,1.0,1,172.090469087846,172.090469087846
414601,MUMBAI SUBURBAN,1.0,1,203.379877627366,203.379877627366
411047,MUMBAI SUBURBAN,1.0,83,126.153996923282,10470.781744632406
411021,MUMBAI SUBURBAN,1.0,229,118.379415589379,27108.88616996779
412411,MUMBAI SUBURBAN,1.0,4,126.697786344943,506.791145379772
412406,MUMBAI SUBURBAN,1.0,5,123.870038745101,619.350193725505
412109,MUMBAI SUBURBAN,1.0,3,100.942231394438,302.826694183314
410503,MUMBAI SUBURBAN,1.0,3,106.313748352695,318.941245058085
412307,MUMBAI SUBURBAN,1.0,57,134.478672376041,7665.284325434337
410507,MUMBAI SUBURBAN,1.0,26,92.8866945355567,2415.0540579244744
412110,MUMBAI SUBURBAN,1.0,1,137.15053240241,137.15053240241
412805,MUMBAI SUBURBAN,1.0,3,164.014993764966,492.044981294898
413736,MUMBAI SUBURBAN,1.0,4,171.895446171774,687.581784687096
413255,HYDERABAD,1.0,1,299.003044494599,299.003044494599
431107,MUMBAI SUBURBAN,1.0,1,265.381949211378,265.381949211378
431204,MUMBAI SUBURBAN,1.0,1,308.223580117731,308.223580117731
415722,MUMBAI SUBURBAN,1.0,1,183.002858879377,183.002858879377
415615,MUMBAI SUBURBAN,1.0,1,218.856741929995,218.856741929995
415412,MUMBAI SUBURBAN,1.0,1,282.135325509737,282.135325509737
415304,MUMBAI SUBURBAN,1.0,2,256.823327959472,513.646655918944
416408,MUMBAI SUBURBAN,1.0,4,297.700233034762,1190.800932139048
416613,MUMBAI SUBURBAN,1.0,1,311.568057859591,311.568057859591
410221,MUMBAI SUBURBAN,1.0,11,28.7255961488839,315.98155763772286
402203,MUMBAI SUBURBAN,1.0,2,62.4391018530143,124.8782037060286
402204,MUMBAI SUBURBAN,1.0,1,55.1224888644512,55.1224888644512
421102,MUMBAI SUBURBAN,1.0,4,5606.97488575937,22427.89954303748
421311,MUMBAI SUBURBAN,1.0,9,21.0733780231823,189.6604022086407
401201,MUMBAI SUBURBAN,1.0,49,26.7408357603366,1310.3009522564935
401601,MUMBAI SUBURBAN,1.0,3,100.309042142468,300.927126427404
401203,MUMBAI SUBURBAN,1.0,54,32.1353819087513,1735.3106230725703
444902,HYDERABAD,1.0,1,404.369066718557,404.369066718557
444704,HYDERABAD,1.0,1,428.434782542678,428.434782542678
443308,MUMBAI SUBURBAN,1.0,2,352.500632890975,705.00126578195
442402,HYDERABAD,1.0,6,290.601393675603,1743.6083620536178
124201,SOUTH,1.0,2,46.3858995158645,92.771799031729
124303,SOUTH,1.0,1,71.323570517471,71.323570517471
131028,SOUTH,1.0,7,65.6937601507506,459.8563210552542
131027,SOUTH,1.0,2,58.006445971897,116.012891943794
177108,SOUTH,1.0,1,377.147212337423,377.147212337423
176025,SOUTH,1.0,1,457.192942565618,457.192942565618
176037,HYDERABAD,1.0,0,1636.86163230443,0.0
176216,SOUTH,1.0,1,422.945932756529,422.945932756529
176043,SOUTH,1.0,1,346.352431036082,346.352431036082
177025,SOUTH,1.0,1,352.91192309262,352.91192309262
177027,SOUTH,1.0,1,361.007396754623,361.007396754623
175106,SOUTH,1.0,3,347.554319763117,1042.662959289351
175131,SOUTH,1.0,8,406.43802818698,3251.50422549584
175025,SOUTH,1.0,1,362.332857975549,362.332857975549
175002,SOUTH,1.0,2,338.962685459617,677.925370919234
172023,SOUTH,1.0,1,326.645938480355,326.645938480355
172107,SOUTH,1.0,2,349.442275044688,698.884550089376
171003,SOUTH,1.0,9,282.326614182748,2540.939527644732
171009,SOUTH,1.0,37,299.273666542068,11073.125662056515
171007,SOUTH,1.0,1,299.141940724228,299.141940724228
171219,SOUTH,1.0,2,288.672469572958,577.344939145916
173208,SOUTH,1.0,1,264.85372873142,264.85372873142
173214,SOUTH,1.0,2,264.85372873142,529.70745746284
174316,SOUTH,1.0,1,355.230149875325,355.230149875325
177201,SOUTH,1.0,3,365.719309035854,1097.157927107562
181111,SOUTH,1.0,1,529.79267873944,529.79267873944
181101,SOUTH,1.0,12,512.422951927924,6149.075423135088
181123,SOUTH,1.0,17,526.529269122179,8950.997575077043
181202,SOUTH,1.0,2,511.28828136754,1022.57656273508
184142,SOUTH,1.0,3,523.879591294927,1571.638773884781
194201,SOUTH,1.0,3,6664.92144780554,19994.76434341662
191121,SOUTH,1.0,2,664.463961946018,1328.927923892036
562164,BENGALURU URBAN,1.0,1,40.8264948240318,40.8264948240318
587115,MUMBAI SUBURBAN,1.0,0,442.792926812121,0.0
587315,HYDERABAD,1.0,4,358.3186278377,1433.2745113508
590010,MUMBAI SUBURBAN,1.0,16,397.723749616265,6363.57999386024
590008,MUMBAI SUBURBAN,1.0,2,406.786184514715,813.57236902943
583123,BENGALURU URBAN,1.0,4,270.507567490774,1082.030269963096
586201,HYDERABAD,1.0,3,311.064602993902,933.193808981706
586104,HYDERABAD,1.0,1,299.90093926608,299.90093926608
586121,HYDERABAD,1.0,2,307.399734002145,614.79946800429
591242,MUMBAI SUBURBAN,1.0,1,334.999343782642,334.999343782642
591316,MUMBAI SUBURBAN,1.0,2,339.860024134272,679.720048268544
591311,MUMBAI SUBURBAN,1.0,1,349.551386280905,349.551386280905
581113,BENGALURU URBAN,1.0,1,351.115124158344,351.115124158344
582117,BENGALURU URBAN,1.0,2,347.14185689105,694.2837137821
591313,MUMBAI SUBURBAN,1.0,2,359.879881466357,719.759762932714
581202,BENGALURU URBAN,1.0,2,332.298447206108,664.596894412216
581328,BENGALURU URBAN,1.0,1,423.30844593906,423.30844593906
581327,BENGALURU URBAN,1.0,2,377.97876415136,755.95752830272
581348,BENGALURU URBAN,1.0,1,363.640517290016,363.640517290016
581440,BENGALURU URBAN,1.0,1,377.87656851125,377.87656851125
584116,HYDERABAD,1.0,1,223.131612285099,223.131612285099
577102,BENGALURU URBAN,1.0,6,195.993286648777,1175.959719892662
680699,SOUTH,1.0,0,2020.54562741402,0.0
680568,BENGALURU URBAN,1.0,1,327.777476359205,327.777476359205
680666,BENGALURU URBAN,1.0,2,343.348554704101,686.697109408202
680121,BENGALURU URBAN,1.0,9,339.387660501799,3054.488944516191
686562,HYDERABAD,1.0,2,302.640051144404,605.280102288808
686004,HYDERABAD,1.0,5,295.832661349504,1479.16330674752
686121,HYDERABAD,1.0,1,276.458722092537,276.458722092537
686634,HYDERABAD,1.0,4,292.944651989272,1171.778607957088
686587,HYDERABAD,1.0,1,307.295842853333,307.295842853333
690514,BENGALURU URBAN,1.0,9,420.4561934796,3784.1057413164003
690533,BENGALURU URBAN,1.0,4,437.124084763677,1748.496339054708
690506,BENGALURU URBAN,1.0,3,430.052952946313,1290.158858838939
690503,BENGALURU URBAN,1.0,7,432.507545713397,3027.552819993779
690530,BENGALURU URBAN,1.0,1,434.181325833285,434.181325833285
690110,BENGALURU URBAN,1.0,3,426.461328562927,1279.383985688781
689504,BENGALURU URBAN,1.0,2,417.402985838775,834.80597167755
689622,BENGALURU URBAN,1.0,5,419.539721108364,2097.69860554182
690540,BENGALURU URBAN,1.0,1,444.480779350757,444.480779350757
689643,BENGALURU URBAN,1.0,1,415.671068528563,415.671068528563
689653,BENGALURU URBAN,1.0,3,415.793356537002,1247.380069611006
689676,BENGALURU URBAN,1.0,1,397.500991706497,397.500991706497
689664,BENGALURU URBAN,1.0,2,411.432829511842,822.865659023684
690573,BENGALURU URBAN,1.0,4,447.925275112386,1791.701100449544
690519,BENGALURU URBAN,1.0,1,444.625438637318,444.625438637318
690547,BENGALURU URBAN,1.0,1,440.711838085429,440.711838085429
690523,BENGALURU URBAN,1.0,1,444.643319058504,444.643319058504
691003,BENGALURU URBAN,1.0,14,461.339936719839,6458.759114077746
691571,BENGALURU URBAN,1.0,3,462.464682895885,1387.394048687655
691015,BENGALURU URBAN,1.0,1,461.966635728838,461.966635728838
691574,BENGALURU URBAN,1.0,3,467.050038861307,1401.1501165839209
691021,BENGALURU URBAN,1.0,4,461.71977675414,1846.87910701656
691601,BENGALURU URBAN,1.0,10,455.219427264384,4552.19427264384
691005,BENGALURU URBAN,1.0,6,459.063819364106,2754.382916184636
691560,BENGALURU URBAN,1.0,1,440.429952548325,440.429952548325
689545,BENGALURU URBAN,1.0,4,408.262315868124,1633.049263472496
689541,BENGALURU URBAN,1.0,2,361.110640853516,722.221281707032
695310,BENGALURU URBAN,1.0,2,470.426433617686,940.852867235372
695311,BENGALURU URBAN,1.0,4,472.444812937845,1889.77925175138
695143,BENGALURU URBAN,1.0,2,474.071846479739,948.143692959478
695583,BENGALURU URBAN,1.0,12,496.799957990192,5961.599495882304
695028,BENGALURU URBAN,1.0,9,487.833848128296,4390.504633154664
695123,BENGALURU URBAN,1.0,3,508.029945697753,1524.0898370932591
695503,BENGALURU URBAN,1.0,2,505.560597276453,1011.121194552906
695525,BENGALURU URBAN,1.0,2,513.852158185795,1027.70431637159
695574,BENGALURU URBAN,1.0,1,488.852467896697,488.852467896697
673303,BENGALURU URBAN,1.0,4,265.798874811241,1063.195499244964
673016,BENGALURU URBAN,1.0,21,267.238056067594,5611.999177419474
673007,BENGALURU URBAN,1.0,10,268.038325602044,2680.38325602044
673029,BENGALURU URBAN,1.0,4,271.943988151756,1087.775952607024
670595,BENGALURU URBAN,1.0,1,251.117634360315,251.117634360315
670003,BENGALURU URBAN,1.0,1,266.103889710033,266.103889710033
670592,BENGALURU URBAN,1.0,11,256.387250922258,2820.259760144838
670613,BENGALURU URBAN,1.0,2,257.018796894038,514.037593788076
670303,BENGALURU URBAN,1.0,4,267.790567819306,1071.162271277224
670305,BENGALURU URBAN,1.0,2,274.681554847455,549.36310969491
670309,BENGALURU URBAN,1.0,3,271.740739590487,815.222218771461
670308,BENGALURU URBAN,1.0,1,277.585163136743,277.585163136743
671318,BENGALURU URBAN,1.0,5,278.220200724877,1391.101003624385
671312,BENGALURU URBAN,1.0,1,279.027701527197,279.027701527197
671542,BENGALURU URBAN,1.0,4,268.453660184621,1073.814640738484
679357,BENGALURU URBAN,1.0,2,265.818694486041,531.637388972082
679338,BENGALURU URBAN,1.0,5,268.516509214479,1342.582546072395
679322,BENGALURU URBAN,1.0,12,261.248837514275,3134.9860501713
676517,BENGALURU URBAN,1.0,2,271.989664793614,543.979329587228
676123,BENGALURU URBAN,1.0,4,253.396262185969,1013.585048743876
676523,BENGALURU URBAN,1.0,2,240.983071629674,481.966143259348
676122,BENGALURU URBAN,1.0,13,260.876432452995,3391.393621888935
679330,BENGALURU URBAN,1.0,1,229.786623797588,229.786623797588
679503,BENGALURU URBAN,1.0,5,252.218663728111,1261.093318640555
679123,BENGALURU URBAN,1.0,1,274.043413269509,274.043413269509
678591,BENGALURU URBAN,1.0,1,257.781242286359,257.781242286359
679337,BENGALURU URBAN,1.0,2,250.662092952876,501.324185905752
679308,BENGALURU URBAN,1.0,1,267.059198511806,267.059198511806
679103,HYDERABAD,1.0,6,306.955677768832,1841.7340666129921
679305,BENGALURU URBAN,1.0,1,274.9376728689,274.9376728689
679303,BENGALURU URBAN,1.0,10,282.00903912148,2820.0903912147996
679121,HYDERABAD,1.0,2,306.955677768832,613.911355537664
678684,HYDERABAD,1.0,11,297.321343546028,3270.534779006308
678553,HYDERABAD,1.0,2,272.852951519068,545.705903038136
670692,BENGALURU URBAN,1.0,3,252.443787811197,757.331363433591
670675,BENGALURU URBAN,1.0,3,256.012220384951,768.0366611548529
670103,BENGALURU URBAN,1.0,10,259.32749089242,2593.2749089241997
670649,BENGALURU URBAN,1.0,5,259.893511873431,1299.467559367155
679584,BENGALURU URBAN,1.0,3,274.696069570154,824.088208710462
676102,BENGALURU URBAN,1.0,1,296.813871928438,296.813871928438
676551,BENGALURU URBAN,1.0,3,285.06729176885,855.2018753065499
676311,BENGALURU URBAN,1.0,2,276.164775744592,552.329551489184
676304,BENGALURU URBAN,1.0,4,274.573309857921,1098.293239431684
673612,BENGALURU URBAN,1.0,3,256.010075986113,768.0302279583391
673526,BENGALURU URBAN,1.0,0,244.364603191142,0.0
673620,BENGALURU URBAN,1.0,9,260.671616334624,2346.044547011616
673529,BENGALURU URBAN,1.0,2,265.29112535259,530.58225070518
673521,BENGALURU URBAN,1.0,3,264.156620638123,792.469861914369
673506,BENGALURU URBAN,1.0,4,236.273576971032,945.094307884128
673504,BENGALURU URBAN,1.0,2,250.847472417354,501.694944834708
462036,SOUTH,1.0,5,575.438765702759,2877.1938285137953
462046,SOUTH,1.0,5,565.807151412384,2829.03575706192
462042,SOUTH,1.0,48,603.633825843967,28974.423640510417
480001,24 PARAGANAS NORTH,1.0,24,449.640424929968,10791.370198319231
470004,SOUTH,1.0,3,545.246626902458,1635.7398807073741
484440,24 PARAGANAS NORTH,1.0,1,630.293057976604,630.293057976604
484444,24 PARAGANAS NORTH,1.0,1,666.421203834327,666.421203834327
486889,24 PARAGANAS NORTH,1.0,15,602.402053271681,9036.030799075215
464240,SOUTH,1.0,1,1387.42980485527,1387.42980485527
425508,SOUTH,1.0,1,5311.49071352734,5311.49071352734
424006,MUMBAI SUBURBAN,1.0,2,262.961229070211,525.922458140422
423106,MUMBAI SUBURBAN,1.0,1,227.932188896375,227.932188896375
422212,MUMBAI SUBURBAN,1.0,1,109.079205854877,109.079205854877
413514,MUMBAI SUBURBAN,1.0,4,161.449543983107,645.798175932428
413605,HYDERABAD,1.0,1,204.979936808174,204.979936808174
431505,HYDERABAD,1.0,1,290.324784805371,290.324784805371
795136,SOUTH,1.0,1,7106.10474814622,7106.10474814622
795140,24 PARAGANAS NORTH,1.0,1,594.858206671094,594.858206671094
796007,24 PARAGANAS NORTH,1.0,5,454.070020969102,2270.35010484551
796005,24 PARAGANAS NORTH,1.0,9,449.872748484694,4048.854736362246
797115,24 PARAGANAS NORTH,1.0,13,645.322597820828,8389.193771670765
797116,24 PARAGANAS NORTH,1.0,4,642.026762199035,2568.10704879614
797113,24 PARAGANAS NORTH,1.0,3,639.578494763119,1918.735484289357
752054,24 PARAGANAS NORTH,1.0,13,392.865690600392,5107.253977805096
767070,24 PARAGANAS NORTH,1.0,1,587.047070953454,587.047070953454
759128,24 PARAGANAS NORTH,1.0,3,398.882990097547,1196.648970292641
759103,24 PARAGANAS NORTH,1.0,1,390.347621141221,390.347621141221
759146,24 PARAGANAS NORTH,1.0,2,379.236053192689,758.472106385378
759145,24 PARAGANAS NORTH,1.0,11,399.66592818154,4396.3252099969395
759022,24 PARAGANAS NORTH,1.0,1,406.557366816627,406.557366816627
758038,24 PARAGANAS NORTH,1.0,1,310.005250978133,310.005250978133
758035,24 PARAGANAS NORTH,1.0,9,319.605786133852,2876.4520752046683
758022,24 PARAGANAS NORTH,1.0,3,288.547696371865,865.6430891155951
758046,24 PARAGANAS NORTH,1.0,1,289.59927725964,289.59927725964
768234,24 PARAGANAS NORTH,1.0,4,492.418853558305,1969.67541423322
768202,24 PARAGANAS NORTH,1.0,1,464.457801753078,464.457801753078
768006,24 PARAGANAS NORTH,1.0,2,480.566158982754,961.132317965508
769004,24 PARAGANAS NORTH,1.0,22,375.989016666153,8271.758366655366
760010,24 PARAGANAS NORTH,1.0,14,533.490686401157,7468.8696096161975
761002,24 PARAGANAS NORTH,1.0,9,533.973951731154,4805.765565580386
761031,HYDERABAD,1.0,0,728.478027049454,0.0
761027,24 PARAGANAS NORTH,1.0,1,501.810744070552,501.810744070552
794105,24 PARAGANAS NORTH,1.0,5,355.131701255422,1775.65850627711
756040,24 PARAGANAS NORTH,1.0,1,218.817205259407,218.817205259407
756101,24 PARAGANAS NORTH,1.0,1,266.231363575074,266.231363575074
752101,24 PARAGANAS NORTH,1.0,27,378.894376441881,10230.148163930786
751019,24 PARAGANAS NORTH,1.0,66,391.786698820108,25857.922122127125
754221,24 PARAGANAS NORTH,1.0,2,337.95469153567,675.90938307134
755051,24 PARAGANAS NORTH,1.0,1,317.254983745038,317.254983745038
755022,24 PARAGANAS NORTH,1.0,1,300.744970933194,300.744970933194
754213,24 PARAGANAS NORTH,1.0,2,328.090307714925,656.18061542985
140113,SOUTH,1.0,3,283.557629097053,850.672887291159
141015,SOUTH,1.0,6,298.393795101594,1790.362770609564
142021,SOUTH,1.0,2,292.545970775437,585.091941550874
141120,SOUTH,1.0,1,281.791893942638,281.791893942638
148101,SOUTH,1.0,5,369.742066891252,1848.7103344562602
151005,SOUTH,1.0,1,397.327038712157,397.327038712157
151503,HYDERABAD,1.0,0,1406.12831602475,0.0
142054,SOUTH,1.0,1,317.141076014701,317.141076014701
152003,SOUTH,1.0,1,372.123387971134,372.123387971134
143514,SOUTH,1.0,2,396.944584563228,793.889169126456
143528,SOUTH,1.0,2,412.042928978394,824.085857956788
144211,SOUTH,1.0,4,355.432548293447,1421.730193173788
144522,SOUTH,1.0,1,330.88490236586,330.88490236586
146105,SOUTH,1.0,1,368.776745143632,368.776745143632
144416,SOUTH,1.0,1,312.621048807035,312.621048807035
144409,SOUTH,1.0,1,317.644835601183,317.644835601183
144024,SOUTH,1.0,2,339.192740707633,678.385481415266
328026,SOUTH,1.0,1,228.293993047031,228.293993047031
302017,SOUTH,1.0,136,229.002894472356,31144.393648240413
303702,SOUTH,1.0,6,226.000663556889,1356.003981341334
322215,SOUTH,1.0,5,212.224940852404,1061.12470426202
333504,SOUTH,1.0,7,144.504370561747,1011.5305939322291
333307,SOUTH,1.0,1,194.466507652235,194.466507652235
623526,BENGALURU URBAN,1.0,4,446.002724522725,1784.0108980909
623534,BENGALURU URBAN,1.0,3,432.488960312142,1297.4668809364262
630552,BENGALURU URBAN,1.0,1,342.628558939069,342.628558939069
625515,BENGALURU URBAN,1.0,2,349.253319708623,698.506639417246
625524,BENGALURU URBAN,1.0,2,380.643827688153,761.287655376306
625533,BENGALURU URBAN,1.0,3,353.737187377614,1061.2115621328421
625532,BENGALURU URBAN,1.0,6,331.239962902843,1987.439777417058
627412,BENGALURU URBAN,1.0,1,462.143011408368,462.143011408368
627416,BENGALURU URBAN,1.0,3,473.241580681658,1419.724742044974
627426,BENGALURU URBAN,1.0,2,471.898352902621,943.796705805242
627358,BENGALURU URBAN,1.0,4,461.396276584458,1845.585106337832
628151,BENGALURU URBAN,1.0,1,514.634635379246,514.634635379246
628101,BENGALURU URBAN,1.0,2,466.32026150632,932.64052301264
626124,BENGALURU URBAN,1.0,2,388.095727727606,776.191455455212
626149,BENGALURU URBAN,1.0,1,369.013447678254,369.013447678254
608602,BENGALURU URBAN,1.0,3,298.438195712077,895.314587136231
607401,BENGALURU URBAN,1.0,1,268.020988042146,268.020988042146
607303,BENGALURU URBAN,1.0,1,259.884097028305,259.884097028305
639002,BENGALURU URBAN,1.0,21,224.146566285578,4707.077891997138
609107,BENGALURU URBAN,1.0,1,314.824987363604,314.824987363604
609701,BENGALURU URBAN,1.0,1,324.641241625201,324.641241625201
614905,BENGALURU URBAN,1.0,2,325.066107014779,650.132214029558
614619,BENGALURU URBAN,1.0,1,371.48990318567,371.48990318567
622407,BENGALURU URBAN,1.0,2,300.281215677319,600.562431354638
622003,BENGALURU URBAN,1.0,3,319.594889036828,958.7846671104841
621216,BENGALURU URBAN,1.0,1,259.006007733827,259.006007733827
621210,BENGALURU URBAN,1.0,2,215.467284494369,430.934568988738
621118,BENGALURU URBAN,1.0,1,231.331233531253,231.331233531253
621006,BENGALURU URBAN,1.0,1,245.592736862451,245.592736862451
614206,BENGALURU URBAN,1.0,9,285.899886960668,2573.0989826460122
612804,BENGALURU URBAN,1.0,2,298.62306435472,597.24612870944
613501,BENGALURU URBAN,1.0,3,299.238942305869,897.716826917607
613003,BENGALURU URBAN,1.0,1,292.814330858251,292.814330858251
621703,BENGALURU URBAN,1.0,1,267.676744234797,267.676744234797
621707,BENGALURU URBAN,1.0,1,271.354556927809,271.354556927809
283122,SOUTH,1.0,1,172.731984888359,172.731984888359
332405,SOUTH,1.0,1,212.643550262086,212.643550262086
307030,SOUTH,1.0,1,554.661067854516,554.661067854516
307027,SOUTH,1.0,1,557.953624143219,557.953624143219
335501,SOUTH,1.0,5,216.888436259387,1084.442181296935
335002,SOUTH,1.0,2,355.984665857725,711.96933171545
631002,BENGALURU URBAN,1.0,6,221.796369444698,1330.778216668188
632405,BENGALURU URBAN,1.0,3,193.456719133478,580.370157400434
632519,BENGALURU URBAN,1.0,6,193.457485323944,1160.7449119436642
603202,BENGALURU URBAN,1.0,50,261.891429357342,13094.571467867101
603004,BENGALURU URBAN,1.0,3,256.862594483794,770.5877834513819
602106,BENGALURU URBAN,1.0,4,252.471610064814,1009.886440259256
631605,BENGALURU URBAN,1.0,6,230.272099173365,1381.6325950401902
631203,BENGALURU URBAN,1.0,1,248.611102875146,248.611102875146
605014,BENGALURU URBAN,1.0,8,262.359474028543,2098.875792228344
605105,BENGALURU URBAN,1.0,1,245.493398942529,245.493398942529
605107,BENGALURU URBAN,1.0,4,246.970908388237,987.883633552948
600060,BENGALURU URBAN,1.0,17,283.418813428468,4818.119828283956
600052,BENGALURU URBAN,1.0,21,269.564082789463,5660.845738578722
600067,BENGALURU URBAN,1.0,9,283.09525243499,2547.85727191491
600072,BENGALURU URBAN,1.0,29,266.843020178672,7738.447585181489
600126,BENGALURU URBAN,1.0,116,274.084114266944,31793.75725496551
600073,BENGALURU URBAN,1.0,193,275.642730934083,53199.047070278015
600132,HYDERABAD,1.0,2,118.72396556973,237.44793113946
632013,BENGALURU URBAN,1.0,2,165.24064197595,330.4812839519
641016,BENGALURU URBAN,1.0,18,222.582359178314,4006.4824652096518
641023,BENGALURU URBAN,1.0,14,228.128718747418,3193.802062463852
641030,BENGALURU URBAN,1.0,16,221.657417401338,3546.518678421408
641017,BENGALURU URBAN,1.0,15,218.053418226879,3270.801273403185
636809,BENGALURU URBAN,1.0,1,95.5919450888461,95.5919450888461
638311,BENGALURU URBAN,1.0,4,141.011701265968,564.046805063872
638751,BENGALURU URBAN,1.0,1,194.633193361845,194.633193361845
638103,BENGALURU URBAN,1.0,3,184.297369506688,552.892108520064
635103,BENGALURU URBAN,1.0,6,35.1206283189246,210.7237699135476
635114,BENGALURU URBAN,1.0,4,35.1217101972775,140.48684078911
635206,BENGALURU URBAN,1.0,3,111.941337961793,335.824013885379
144513,SOUTH,1.0,1,311.423241863806,311.423241863806
144106,SOUTH,1.0,2,356.810620938722,713.621241877444
144030,SOUTH,1.0,1,348.360594739824,348.360594739824
144801,SOUTH,1.0,1,1449.16553308274,1449.16553308274
144629,SOUTH,1.0,1,339.277986299455,339.277986299455
144626,SOUTH,1.0,3,335.037867237292,1005.1136017118761
144043,SOUTH,1.0,1,330.439396380373,330.439396380373
305004,SOUTH,1.0,14,331.899923831225,4646.59893363715
312602,SOUTH,1.0,1,511.726878737818,511.726878737818
327604,MUMBAI SUBURBAN,1.0,2,505.247644984823,1010.495289969646
324002,SOUTH,1.0,11,395.332833609647,4348.661169706117
324008,SOUTH,1.0,7,395.599357700716,2769.1955039050117
324010,SOUTH,1.0,10,418.239376597845,4182.393765978451
313211,SOUTH,1.0,4,508.650657934867,2034.602631739468
313203,SOUTH,1.0,1,520.892661079133,520.892661079133
321606,SOUTH,1.0,2,141.913881866288,283.827763732576
301714,SOUTH,1.0,1,98.0844739237967,98.0844739237967
637002,BENGALURU URBAN,1.0,6,202.113447257152,1212.680683542912
637020,BENGALURU URBAN,1.0,1,215.547242366575,215.547242366575
637208,BENGALURU URBAN,1.0,1,208.52710567117,208.52710567117
638182,BENGALURU URBAN,1.0,6,208.270795750417,1249.624774502502
643002,BENGALURU URBAN,1.0,1,189.463266877452,189.463266877452
642109,BENGALURU URBAN,1.0,4,246.449326412868,985.797305651472
642001,BENGALURU URBAN,1.0,5,261.316350519824,1306.5817525991201
636119,BENGALURU URBAN,1.0,2,176.000155691088,352.000311382176
637501,BENGALURU URBAN,1.0,4,164.1489639637,656.5958558548
636103,BENGALURU URBAN,1.0,2,157.62450900048,315.24901800096
636009,BENGALURU URBAN,1.0,4,154.04826437831,616.19305751324
635805,SOUTH,1.0,0,1750.46840210754,0.0
635808,BENGALURU URBAN,1.0,1,124.912362212314,124.912362212314
641104,BENGALURU URBAN,1.0,10,208.355564335792,2083.55564335792
641602,BENGALURU URBAN,1.0,10,198.443916293778,1984.4391629377799
624706,BENGALURU URBAN,1.0,2,262.984045337629,525.968090675258
629801,BENGALURU URBAN,1.0,1,529.381636295738,529.381636295738
629201,BENGALURU URBAN,1.0,4,532.619078230696,2130.476312922784
629702,BENGALURU URBAN,1.0,8,537.723567552885,4301.78854042308
629001,BENGALURU URBAN,1.0,26,525.787964204069,13670.487069305795
629602,BENGALURU URBAN,1.0,4,538.948846059805,2155.79538423922
629302,BENGALURU URBAN,1.0,1,526.720033254852,526.720033254852
629003,BENGALURU URBAN,1.0,16,527.064081552724,8433.025304843584
629153,BENGALURU URBAN,1.0,1,514.416813434255,514.416813434255
629101,BENGALURU URBAN,1.0,1,496.955906802445,496.955906802445
629154,BENGALURU URBAN,1.0,3,521.059854067466,1563.1795622023978
629166,BENGALURU URBAN,1.0,3,517.447916987142,1552.343750961426
629169,BENGALURU URBAN,1.0,1,521.118484120295,521.118484120295
629171,BENGALURU URBAN,1.0,3,519.214063109179,1557.6421893275372
627852,BENGALURU URBAN,1.0,1,438.128800790694,438.128800790694
627812,BENGALURU URBAN,1.0,2,435.591421725943,871.182843451886
625205,BENGALURU URBAN,1.0,1,323.686886205462,323.686886205462
625207,BENGALURU URBAN,1.0,1,321.999216652657,321.999216652657
625021,BENGALURU URBAN,1.0,1,340.09910706372,340.09910706372
623525,BENGALURU URBAN,1.0,1,395.725322449675,395.725322449675
509301,HYDERABAD,1.0,17,86.194339066395,1465.303764128715
506101,HYDERABAD,1.0,12,158.616226394442,1903.394716733304
500003,HYDERABAD,1.0,77,2.06835012908191,159.26295993930708
501101,HYDERABAD,1.0,17,65.4344266750142,1112.3852534752414
522601,HYDERABAD,1.0,35,211.29893330885,7395.4626658097495
522403,HYDERABAD,1.0,7,209.361043229385,1465.527302605695
524001,BENGALURU URBAN,1.0,53,309.170661463222,16386.045057550768
785621,24 PARAGANAS NORTH,1.0,19,699.800543800571,13296.210332210849
786125,24 PARAGANAS NORTH,1.0,19,873.966331632338,16605.36030101442
781335,24 PARAGANAS NORTH,1.0,4,511.077259264988,2044.309037059952
788151,24 PARAGANAS NORTH,1.0,3,472.798102916615,1418.394308749845
852201,24 PARAGANAS NORTH,1.0,9,392.302351633433,3530.7211647008967
852131,24 PARAGANAS NORTH,1.0,7,414.696860790797,2902.878025535579
802101,24 PARAGANAS NORTH,1.0,9,547.105680480723,4923.951124326507
821115,24 PARAGANAS NORTH,1.0,5,506.542579990698,2532.7128999534903
380002,MUMBAI SUBURBAN,1.0,6,435.003122295275,2610.0187337716497
394601,MUMBAI SUBURBAN,1.0,12,222.97451448096,2675.69417377152
389001,MUMBAI SUBURBAN,1.0,11,413.222925492449,4545.452180416939
125001,SOUTH,1.0,45,162.043155983383,7291.942019252235
177101,SOUTH,1.0,6,385.551776292264,2313.3106577535837
176215,SOUTH,1.0,15,418.651372812645,6279.770592189675
192101,SOUTH,1.0,6,611.402113993762,3668.412683962572
190001,SOUTH,1.0,23,657.494011829152,15122.362272070495
835207,24 PARAGANAS NORTH,1.0,8,396.988675883434,3175.909407067472
560004,BENGALURU URBAN,1.0,76,1.395490716726,106.057294471176
591201,MUMBAI SUBURBAN,1.0,4,350.63763385411,1402.55053541644
583231,BENGALURU URBAN,1.0,11,309.39928087098,3403.39208958078
585101,HYDERABAD,1.0,13,178.624511411158,2322.118648345054
570001,BENGALURU URBAN,1.0,11,121.893195095812,1340.825146053932
574104,BENGALURU URBAN,1.0,18,281.898272250642,5074.168900511556
576104,BENGALURU URBAN,1.0,50,306.190708676267,15309.53543381335
686661,BENGALURU URBAN,1.0,7,346.298925449645,2424.092478147515
689101,BENGALURU URBAN,1.0,8,411.429188279977,3291.433506239816
695101,BENGALURU URBAN,1.0,6,480.184414162193,2881.106484973158
673305,BENGALURU URBAN,1.0,4,263.842592547618,1055.370370190472
480661,HYDERABAD,1.0,15,528.672229868744,7930.0834480311605
403601,MUMBAI SUBURBAN,1.0,64,443.209061308771,28365.379923761346
416606,MUMBAI SUBURBAN,1.0,3,346.706044142267,1040.118132426801
400091,MUMBAI SUBURBAN,1.0,82,12.5521180051714,1029.2736764240547
400002,MUMBAI SUBURBAN,1.0,36,20.5834935948673,741.0057694152227
444805,HYDERABAD,1.0,5,441.69346324308,2208.4673162154
431122,MUMBAI SUBURBAN,1.0,7,303.006261296216,2121.043829073512
752055,24 PARAGANAS NORTH,1.0,8,406.508196737254,3252.065573898032
767001,24 PARAGANAS NORTH,1.0,13,557.672933222382,7249.748131890966
768028,24 PARAGANAS NORTH,1.0,26,518.332598627478,13476.647564314428
768201,24 PARAGANAS NORTH,1.0,12,462.995404091709,5555.944849100508
600004,BENGALURU URBAN,1.0,69,291.698004030341,20127.16227809353
604001,BENGALURU URBAN,1.0,12,237.841124071805,2854.0934888616603
637211,BENGALURU URBAN,1.0,3,176.151657866688,528.454973600064
643101,BENGALURU URBAN,1.0,2,195.669723598587,391.339447197174
636005,BENGALURU URBAN,1.0,13,152.177896052347,1978.3126486805108
638656,BENGALURU URBAN,1.0,3,245.042150040317,735.1264501209511
624001,BENGALURU URBAN,1.0,14,289.374858661621,4051.248021262694
630001,BENGALURU URBAN,1.0,5,343.639471301539,1718.197356507695
627756,BENGALURU URBAN,1.0,3,419.558025476605,1258.674076429815
625513,BENGALURU URBAN,1.0,9,326.644696498962,2939.8022684906578
609110,BENGALURU URBAN,1.0,7,300.72330759839,2105.06315318873
611001,BENGALURU URBAN,1.0,5,345.331943245436,1726.6597162271798
606202,BENGALURU URBAN,1.0,8,200.380118526167,1603.040948209336
606001,BENGALURU URBAN,1.0,9,245.745873918419,2211.712865265771
284403,SOUTH,1.0,12,442.828644635594,5313.943735627128
275101,24 PARAGANAS NORTH,1.0,11,604.196716767165,6646.163884438814
246155,SOUTH,1.0,1,203.852850339463,203.852850339463
743411,24 PARAGANAS NORTH,1.0,2,49.1385431802061,98.2770863604122
731224,24 PARAGANAS NORTH,1.0,2,169.055473053197,338.110946106394
700033,24 PARAGANAS NORTH,1.0,29,29.5598603154704,857.2359491486416
700056,24 PARAGANAS NORTH,1.0,21,12.1465978642586,255.0785551494306
744101,24 PARAGANAS NORTH,1.0,105,1317.12406740756,138298.0270777938
737101,24 PARAGANAS NORTH,1.0,46,508.10472373868,23372.817291979278
713301,24 PARAGANAS NORTH,1.0,13,147.143997554431,1912.871968207603
712601,24 PARAGANAS NORTH,1.0,3,63.6934569223133,191.0803707669399
500039,HYDERABAD,1.0,129,6.81678249094217,879.36494133154
506001,HYDERABAD,1.0,65,150.883131961132,9807.40357747358
506009,HYDERABAD,1.0,10,127.954068710212,1279.54068710212
505212,HYDERABAD,1.0,2,172.113944094232,344.227888188464
505211,HYDERABAD,1.0,4,175.34378055913,701.37512223652
502325,HYDERABAD,1.0,13,21.1898830989633,275.4684802865229
509324,HYDERABAD,1.0,2,86.6867315051875,173.373463010375
509408,HYDERABAD,1.0,1,125.092030887327,125.092030887327
509381,HYDERABAD,1.0,8,95.0759315122467,760.6074520979736
509209,HYDERABAD,1.0,5,108.731406779987,543.657033899935
500034,HYDERABAD,1.0,95,7.45523623943805,708.2474427466148
500018,HYDERABAD,1.0,262,41.8915233124028,10975.579107849535
500081,HYDERABAD,1.0,162,13.0836518905665,2119.551606271773
500028,HYDERABAD,1.0,135,7.89057123504812,1065.2271167314962
500082,HYDERABAD,1.0,31,6.75213302258772,209.31612370021932
500029,HYDERABAD,1.0,69,39.1388580167621,2700.5812031565847
500091,HYDERABAD,1.0,82,15.3871187521631,1261.7437376773742
500032,HYDERABAD,1.0,242,16.2732463514332,3938.1256170468346
500012,HYDERABAD,1.0,27,9.10435108600857,245.8174793222314
500065,HYDERABAD,1.0,21,11.3358964073769,238.0538245549149
500048,HYDERABAD,1.0,90,13.0424174392255,1173.817569530295
500077,HYDERABAD,1.0,2,16.9195764689783,33.8391529379566
500052,HYDERABAD,1.0,26,15.4157476847027,400.80943980227016
500023,HYDERABAD,1.0,12,9.61835124783414,115.42021497400967
500068,HYDERABAD,1.0,100,11.5990829503371,1159.9082950337101
500036,HYDERABAD,1.0,74,8.20514611715599,607.1808126695433
500097,HYDERABAD,1.0,63,13.8626538788623,873.347194368325
500044,HYDERABAD,1.0,100,4.132608032887,413.2608032887
500079,HYDERABAD,1.0,95,14.0062869099798,1330.597256448081
500080,HYDERABAD,1.0,62,3.73983926860186,231.87003465331532
500040,HYDERABAD,1.0,61,4.32659735845213,263.9224388655799
500083,HYDERABAD,1.0,80,10.3724927978186,829.799423825488
500061,HYDERABAD,1.0,77,2.97012623007257,228.6997197155879
500014,HYDERABAD,1.0,73,10.4917233912266,765.8958075595418
500042,HYDERABAD,1.0,17,7.0173066244402,119.29421261548339
500047,HYDERABAD,1.0,92,2.18792486370947,201.28908746127124
500056,HYDERABAD,1.0,73,54.6936476923434,3992.636281541068
500049,HYDERABAD,1.0,402,3.25733211361912,1309.447509674886
501501,HYDERABAD,1.0,3,74.0913832491788,222.2741497475364
515001,BENGALURU URBAN,1.0,80,192.896363372524,15431.70906980192
517004,BENGALURU URBAN,1.0,1,170.053193143662,170.053193143662
516214,BENGALURU URBAN,1.0,5,162.995810707373,814.9790535368651
516267,BENGALURU URBAN,1.0,1,159.54882120218,159.54882120218
516107,BENGALURU URBAN,1.0,3,219.936109515382,659.808328546146
515661,BENGALURU URBAN,1.0,7,176.727452390678,1237.092166734746
515521,BENGALURU URBAN,1.0,1,145.529888033448,145.529888033448
515591,BENGALURU URBAN,1.0,8,145.275144187384,1162.201153499072
515261,BENGALURU URBAN,1.0,2,106.763649707229,213.527299414458
518396,BENGALURU URBAN,1.0,1,262.923485109511,262.923485109511
518005,HYDERABAD,1.0,6,186.079017905024,1116.474107430144
518001,HYDERABAD,1.0,9,186.305085369894,1676.7457683290459
518102,24 PARAGANAS NORTH,1.0,0,1242.29310909734,0.0
518218,HYDERABAD,1.0,2,209.344845006638,418.689690013276
518124,HYDERABAD,1.0,7,238.616958105332,1670.318706737324
518502,HYDERABAD,1.0,8,216.85086021465,1734.8068817172
517101,BENGALURU URBAN,1.0,2,195.640695526925,391.28139105385
517235,24 PARAGANAS NORTH,1.0,0,1424.04190115366,0.0
517102,BENGALURU URBAN,1.0,11,201.821016389256,2220.031180281816
517561,BENGALURU URBAN,1.0,1,209.524407594746,209.524407594746
534005,HYDERABAD,1.0,6,287.865237241269,1727.1914234476142
521301,HYDERABAD,1.0,23,287.115458667438,6603.655549351074
521201,HYDERABAD,1.0,20,258.30140367492,5166.0280734984
507125,HYDERABAD,1.0,1,224.202331728526,224.202331728526
507119,HYDERABAD,1.0,1,226.714864767687,226.714864767687
521126,HYDERABAD,1.0,6,296.732050378594,1780.392302271564
524201,BENGALURU URBAN,1.0,17,291.264697962679,4951.499865365543
522113,HYDERABAD,1.0,2,260.937823449888,521.875646899776
522268,HYDERABAD,1.0,2,10.4902720741604,20.9805441483208
522124,HYDERABAD,1.0,8,266.299794715195,2130.39835772156
522318,HYDERABAD,1.0,2,262.602744878501,525.205489757002
522211,HYDERABAD,1.0,1,260.369273139469,260.369273139469
522324,HYDERABAD,1.0,2,280.703873920489,561.407747840978
522201,HYDERABAD,1.0,19,264.232253271034,5020.412812149646
522213,HYDERABAD,1.0,6,257.950411718667,1547.7024703120019
520007,HYDERABAD,1.0,75,251.505357496252,18862.9018122189
520010,HYDERABAD,1.0,49,249.032131882559,12202.574462245391
521108,HYDERABAD,1.0,20,252.573260915541,5051.46521831082
520003,HYDERABAD,1.0,31,248.383661900206,7699.893518906386
521225,HYDERABAD,1.0,20,241.282908069627,4825.65816139254
520011,HYDERABAD,1.0,10,248.37040981524,2483.7040981524
533214,MUMBAI SUBURBAN,1.0,0,1000.37416861814,0.0
533221,HYDERABAD,1.0,2,378.921960493611,757.843920987222
533210,HYDERABAD,1.0,3,384.319710041293,1152.9591301238788
533216,BENGALURU URBAN,1.0,1,495.283570612854,495.283570612854
533235,HYDERABAD,1.0,1,354.301840416441,354.301840416441
533440,HYDERABAD,1.0,3,391.387255534681,1174.161766604043
533264,HYDERABAD,1.0,2,373.206439010821,746.412878021642
530020,HYDERABAD,1.0,5,508.441677600481,2542.208388002405
530040,HYDERABAD,1.0,20,507.162032362215,10143.2406472443
530013,HYDERABAD,1.0,61,509.638937312149,31087.975176041087
530024,HYDERABAD,1.0,8,507.670338767366,4061.362710138928
530043,HYDERABAD,1.0,11,513.489764920642,5648.387414127062
530008,HYDERABAD,1.0,10,504.663161277962,5046.63161277962
530005,HYDERABAD,1.0,9,502.93253768115,4526.39283913035
530014,HYDERABAD,1.0,17,504.101660435401,8569.728227401818
530047,HYDERABAD,1.0,15,499.336397013155,7490.045955197325
786623,MUMBAI SUBURBAN,1.0,0,2462.47266852735,0.0
785610,24 PARAGANAS NORTH,1.0,2,688.169896828763,1376.339793657526
785013,24 PARAGANAS NORTH,1.0,6,731.808860579457,4390.853163476742
783384,24 PARAGANAS NORTH,1.0,3,457.990142044761,1373.9704261342831
783122,24 PARAGANAS NORTH,1.0,4,373.745758987794,1494.983035951176
783129,24 PARAGANAS NORTH,1.0,2,411.284671179458,822.569342358916
781003,24 PARAGANAS NORTH,1.0,47,510.121385951652,23975.705139727645
781028,24 PARAGANAS NORTH,1.0,58,506.611839635717,29383.486698871584
781038,24 PARAGANAS NORTH,1.0,28,506.854074838154,14191.914095468313
782403,24 PARAGANAS NORTH,1.0,1,508.911894497643,508.911894497643
781008,24 PARAGANAS NORTH,1.0,10,508.568496131099,5085.68496131099
781120,24 PARAGANAS NORTH,1.0,2,487.517619749007,975.035239498014
788103,24 PARAGANAS NORTH,1.0,3,502.323128920883,1506.969386762649
788015,24 PARAGANAS NORTH,1.0,2,502.323128920883,1004.646257841766
784154,24 PARAGANAS NORTH,1.0,3,617.292531333463,1851.8775940003889
851135,24 PARAGANAS NORTH,1.0,1,374.433934391505,374.433934391505
846006,24 PARAGANAS NORTH,1.0,1,455.150354323474,455.150354323474
854328,24 PARAGANAS NORTH,1.0,11,415.981587938175,4575.797467319925
812002,24 PARAGANAS NORTH,1.0,16,311.433309615913,4982.932953854608
802301,24 PARAGANAS NORTH,1.0,20,491.30686545717,9826.1373091434
804419,24 PARAGANAS NORTH,1.0,1,458.565128917351,458.565128917351
828207,24 PARAGANAS NORTH,1.0,1,199.026700691833,199.026700691833
828119,24 PARAGANAS NORTH,1.0,1,226.628396871055,226.628396871055
828122,24 PARAGANAS NORTH,1.0,5,220.324821344713,1101.624106723565
828126,24 PARAGANAS NORTH,1.0,1,223.821881375669,223.821881375669
828404,24 PARAGANAS NORTH,1.0,1,256.447674411905,256.447674411905
815301,24 PARAGANAS NORTH,1.0,25,261.12461893372,6528.115473343
825301,24 PARAGANAS NORTH,1.0,36,340.257438027307,12249.267768983053
825336,24 PARAGANAS NORTH,1.0,1,325.978085650103,325.978085650103
829102,24 PARAGANAS NORTH,1.0,1,315.04565460165,315.04565460165
822101,24 PARAGANAS NORTH,1.0,11,464.601435876873,5110.615794645602
814112,24 PARAGANAS NORTH,1.0,19,259.343276034673,4927.522244658787
833212,24 PARAGANAS NORTH,1.0,2,296.57194805725,593.1438961145
831006,24 PARAGANAS NORTH,1.0,6,227.407669685748,1364.446018114488
831005,24 PARAGANAS NORTH,1.0,30,229.241411439975,6877.24234319925
560047,BENGALURU URBAN,1.0,89,4.26806292835789,379.8576006238522
560071,BENGALURU URBAN,1.0,46,99.6652188410365,4584.600066687679
560008,BENGALURU URBAN,1.0,105,99.9708807754868,10496.942481426115
560048,BENGALURU URBAN,1.0,229,14.3315984283481,3281.936040091715
560051,BENGALURU URBAN,1.0,13,98.5370341998858,1280.9814445985153
560095,BENGALURU URBAN,1.0,67,4.05671456344739,271.7998757509751
560059,BENGALURU URBAN,1.0,33,9.03423392971132,298.12971968047356
560085,BENGALURU URBAN,1.0,204,4.34801108444109,886.9942612259824
560061,BENGALURU URBAN,1.0,227,4.63520341056858,1052.1911741990675
560082,BENGALURU URBAN,1.0,49,14.5106607675057,711.0223776077793
560021,BENGALURU URBAN,1.0,46,8.37011720346687,385.02539135947603
560023,BENGALURU URBAN,1.0,47,4.99221003078218,234.63387144676247
560086,BENGALURU URBAN,1.0,75,9.1538859475206,686.541446064045
587104,HYDERABAD,1.0,1,330.94705630551,330.94705630551
590016,MUMBAI SUBURBAN,1.0,11,401.624911676387,4417.8740284402575
585328,HYDERABAD,1.0,2,153.148135370089,306.296270740178
585412,HYDERABAD,1.0,5,140.732640325453,703.6632016272649
586103,HYDERABAD,1.0,10,305.273942669606,3052.73942669606
580021,BENGALURU URBAN,1.0,17,377.74363483509,6421.64179219653
582203,HYDERABAD,1.0,2,354.637316297215,709.27463259443
583233,BENGALURU URBAN,1.0,2,293.377697143395,586.75539428679
581306,BENGALURU URBAN,1.0,3,425.578571025465,1276.735713076395
581303,BENGALURU URBAN,1.0,4,428.175217285896,1712.700869143584
581350,BENGALURU URBAN,1.0,2,358.451051506544,716.902103013088
581401,BENGALURU URBAN,1.0,14,351.336755857569,4918.714582005966
581411,BENGALURU URBAN,1.0,2,347.22975320614,694.45950641228
577135,BENGALURU URBAN,1.0,1,188.108790772694,188.108790772694
573201,BENGALURU URBAN,1.0,53,159.184685948107,8436.78835524967
573202,MUMBAI SUBURBAN,1.0,3,1164.28553270262,3492.85659810786
571248,BENGALURU URBAN,1.0,1,213.719422501231,213.719422501231
563117,BENGALURU URBAN,1.0,1,73.6447547944309,73.6447547944309
563122,BENGALURU URBAN,1.0,19,74.6313404906701,1417.9954693227319
571428,BENGALURU URBAN,1.0,5,69.3192604165933,346.5963020829665
571448,BENGALURU URBAN,1.0,6,92.3478167135429,554.0869002812574
571426,BENGALURU URBAN,1.0,4,122.29667725635,489.1867090254
574267,BENGALURU URBAN,1.0,1,283.542932388922,283.542932388922
575007,BENGALURU URBAN,1.0,15,292.534912541851,4388.023688127765
575006,BENGALURU URBAN,1.0,75,297.651751401313,22323.881355098474
575003,BENGALURU URBAN,1.0,37,298.860229526534,11057.828492481758
575015,BENGALURU URBAN,1.0,11,295.180194190362,3246.982136093982
576121,BENGALURU URBAN,1.0,1,294.48949061572,294.48949061572
570028,BENGALURU URBAN,1.0,7,118.915360346297,832.407522424079
570004,BENGALURU URBAN,1.0,12,124.033758498292,1488.405101979504
570007,BENGALURU URBAN,1.0,12,120.137785072899,1441.653420874788
570003,BENGALURU URBAN,1.0,4,120.294697123416,481.178788493664
570010,BENGALURU URBAN,1.0,8,121.281953021808,970.255624174464
570029,BENGALURU URBAN,1.0,10,121.89318962442,1218.9318962442
570020,BENGALURU URBAN,1.0,19,123.116201152583,2339.207821899077
570023,BENGALURU URBAN,1.0,66,121.89318962442,8044.95051521172
570034,BENGALURU URBAN,1.0,1,127.405101737002,127.405101737002
571130,BENGALURU URBAN,1.0,3,129.845516899039,389.53655069711704
571302,BENGALURU URBAN,1.0,2,130.106471009813,260.212942019626
574244,BENGALURU URBAN,1.0,2,291.392772949098,582.785545898196
574114,BENGALURU URBAN,1.0,1,281.802657723269,281.802657723269
577423,BENGALURU URBAN,1.0,1,266.671417448819,266.671417448819
577211,BENGALURU URBAN,1.0,1,266.671417448819,266.671417448819
577205,BENGALURU URBAN,1.0,12,346.319576807579,4155.834921690948
577226,BENGALURU URBAN,1.0,1,248.390257783342,248.390257783342
576257,24 PARAGANAS NORTH,1.0,0,1770.86703296805,0.0
576114,BENGALURU URBAN,1.0,3,312.222239453763,936.666718361289
688503,BENGALURU URBAN,1.0,2,408.282069681118,816.564139362236
688533,BENGALURU URBAN,1.0,1,377.072121364523,377.072121364523
688541,BENGALURU URBAN,1.0,2,377.923968715906,755.847937431812
683511,BENGALURU URBAN,1.0,15,341.881195928235,5128.217938923525
683589,BENGALURU URBAN,1.0,1,335.501180465732,335.501180465732
683563,BENGALURU URBAN,1.0,4,345.426495256954,1381.705981027816
683580,BENGALURU URBAN,1.0,2,336.526946218702,673.053892437404
683522,BENGALURU URBAN,1.0,1,342.961809597024,342.961809597024
686548,BENGALURU URBAN,1.0,4,405.849996299632,1623.399985198528
686542,BENGALURU URBAN,1.0,2,393.862427327183,787.724854654366
686537,BENGALURU URBAN,1.0,2,405.635525043449,811.271050086898
686517,BENGALURU URBAN,1.0,3,389.353303827948,1168.0599114838442
686515,BENGALURU URBAN,1.0,7,388.031684184851,2716.221789293957
686504,BENGALURU URBAN,1.0,7,386.634106320299,2706.438744242093
682034,BENGALURU URBAN,1.0,16,350.399605123594,5606.393681977504
682024,BENGALURU URBAN,1.0,71,352.943155007382,25058.96400552412
683503,BENGALURU URBAN,1.0,3,349.442402997586,1048.327208992758
682016,BENGALURU URBAN,1.0,6,357.121079407733,2142.726476446398
682040,BENGALURU URBAN,1.0,4,361.524959130179,1446.099836520716
682039,BENGALURU URBAN,1.0,7,341.244790756914,2388.7135352983983
682013,BENGALURU URBAN,1.0,7,361.526233121543,2530.683631850801
682502,BENGALURU URBAN,1.0,5,349.682287139063,1748.411435695315
682503,BENGALURU URBAN,1.0,1,356.304998234537,356.304998234537
682507,BENGALURU URBAN,1.0,10,364.763803883827,3647.63803883827
682009,BENGALURU URBAN,1.0,2,360.077521676882,720.155043353764
680732,BENGALURU URBAN,1.0,4,332.33640753937,1329.34563015748
680561,BENGALURU URBAN,1.0,2,410.659638601514,821.319277203028
680702,BENGALURU URBAN,1.0,7,324.180253599116,2269.261775193812
680669,BENGALURU URBAN,1.0,1,338.756087094286,338.756087094286
680663,BENGALURU URBAN,1.0,5,334.258746019644,1671.2937300982198
686563,BENGALURU URBAN,1.0,3,392.230141900018,1176.690425700054
686018,BENGALURU URBAN,1.0,3,390.541768994719,1171.625306984157
686006,BENGALURU URBAN,1.0,16,387.716911107504,6203.470577720064
686001,BENGALURU URBAN,1.0,11,389.926772560293,4289.194498163223
686010,BENGALURU URBAN,1.0,10,388.136537492988,3881.36537492988
686610,BENGALURU URBAN,1.0,2,365.173532696134,730.347065392268
690504,BENGALURU URBAN,1.0,2,430.593618486274,861.187236972548
690531,BENGALURU URBAN,1.0,2,433.818057503219,867.636115006438
690104,BENGALURU URBAN,1.0,1,423.813996001832,423.813996001832
690509,BENGALURU URBAN,1.0,2,423.430861224719,846.861722449438
689521,BENGALURU URBAN,1.0,3,421.580190691292,1264.740572073876
680101,BENGALURU URBAN,1.0,14,309.555560671345,4333.77784939883
680501,BENGALURU URBAN,1.0,3,302.729943622939,908.189830868817
679561,BENGALURU URBAN,1.0,3,305.201808704228,915.605426112684
680103,BENGALURU URBAN,1.0,4,308.629630405738,1234.518521622952
680104,BENGALURU URBAN,1.0,12,308.061077625779,3696.7329315093475
679562,BENGALURU URBAN,1.0,2,305.482634605258,610.965269210516
680613,BENGALURU URBAN,1.0,2,318.161223042015,636.32244608403
680612,BENGALURU URBAN,1.0,1,316.581971757301,316.581971757301
680617,BENGALURU URBAN,1.0,1,315.442620581535,315.442620581535
680655,BENGALURU URBAN,1.0,6,305.138463312948,1830.8307798776877
680306,BENGALURU URBAN,1.0,12,310.173166483856,3722.077997806272
680545,BENGALURU URBAN,1.0,2,304.624318820813,609.248637641626
680004,BENGALURU URBAN,1.0,17,307.720939185575,5231.255966154775
680012,BENGALURU URBAN,1.0,7,309.444168502477,2166.109179517339
680551,BENGALURU URBAN,1.0,4,306.804156856545,1227.21662742618
680553,BENGALURU URBAN,1.0,7,306.066871378736,2142.468099651152
680631,BENGALURU URBAN,1.0,7,302.13439576233,2114.94077033631
680021,BENGALURU URBAN,1.0,2,307.818855656229,615.637711312458
680586,BENGALURU URBAN,1.0,6,283.588525486604,1701.531152919624
680591,BENGALURU URBAN,1.0,1,282.277912842976,282.277912842976
680585,BENGALURU URBAN,1.0,4,287.733187884793,1150.932751539172
690522,BENGALURU URBAN,1.0,2,410.493270491827,820.986540983654
689675,BENGALURU URBAN,1.0,1,360.613410586564,360.613410586564
689641,BENGALURU URBAN,1.0,5,416.407825478842,2082.03912739421
689645,BENGALURU URBAN,1.0,3,436.984595124183,1310.953785372549
691583,BENGALURU URBAN,1.0,5,452.451454836166,2262.25727418083
690546,BENGALURU URBAN,1.0,2,443.925929285772,887.851858571544
691502,BENGALURU URBAN,1.0,1,447.140577114514,447.140577114514
691301,BENGALURU URBAN,1.0,5,469.449019136802,2347.2450956840103
691504,BENGALURU URBAN,1.0,1,455.090945497483,455.090945497483
691007,BENGALURU URBAN,1.0,2,464.317911858543,928.635823717086
691589,BENGALURU URBAN,1.0,4,463.165130022855,1852.66052009142
691010,BENGALURU URBAN,1.0,4,463.049930527554,1852.199722110216
691520,BENGALURU URBAN,1.0,1,452.438697154328,452.438697154328
691543,SOUTH,1.0,0,2170.67128321024,0.0
689126,BENGALURU URBAN,1.0,3,419.517350272584,1258.552050817752
689511,BENGALURU URBAN,1.0,2,421.116985463427,842.233970926854
689531,BENGALURU URBAN,1.0,1,412.069017361699,412.069017361699
689626,BENGALURU URBAN,1.0,2,422.523040348628,845.046080697256
689572,BENGALURU URBAN,1.0,3,385.721482379885,1157.164447139655
695611,BENGALURU URBAN,1.0,2,475.479383759392,950.958767518784
695308,BENGALURU URBAN,1.0,1,480.704241186815,480.704241186815
695029,BENGALURU URBAN,1.0,13,498.512775771597,6480.666085030761
695024,BENGALURU URBAN,1.0,15,528.01469828028,7920.2204742041995
695036,BENGALURU URBAN,1.0,4,499.953367158323,1999.813468633292
695008,BENGALURU URBAN,1.0,16,500.235008207288,8003.760131316608
695035,BENGALURU URBAN,1.0,20,499.301765603463,9986.03531206926
695005,BENGALURU URBAN,1.0,33,524.9533169393,17323.4594589969
695009,BENGALURU URBAN,1.0,20,500.84477002108,10016.895400421601
673020,BENGALURU URBAN,1.0,14,267.611988802646,3746.567843237044
673006,BENGALURU URBAN,1.0,8,268.844605320214,2150.756842561712
673028,BENGALURU URBAN,1.0,7,273.092768083951,1911.6493765876571
673631,BENGALURU URBAN,1.0,5,272.908312369077,1364.541561845385
673001,BENGALURU URBAN,1.0,20,272.158533238963,5443.17066477926
670005,BENGALURU URBAN,1.0,3,267.602323590329,802.8069707709869
670004,BENGALURU URBAN,1.0,13,267.602323590329,3478.8302066742767
670010,BENGALURU URBAN,1.0,2,267.602323590329,535.204647180658
670327,BENGALURU URBAN,1.0,3,261.205184070547,783.615552211641
670310,BENGALURU URBAN,1.0,7,261.205184070547,1828.436288493829
670143,BENGALURU URBAN,1.0,2,261.205184070547,522.410368141094
676506,BENGALURU URBAN,1.0,3,264.588777724253,793.766333172759
676121,BENGALURU URBAN,1.0,6,256.993456063536,1541.9607363812158
679554,BENGALURU URBAN,1.0,1,284.976912222571,284.976912222571
679516,BENGALURU URBAN,1.0,2,264.495218419891,528.990436839782
678721,BENGALURU URBAN,1.0,3,278.901949782465,836.7058493473951
678003,BENGALURU URBAN,1.0,4,258.60638725792,1034.42554903168
678612,BENGALURU URBAN,1.0,1,258.60638725792,258.60638725792
678101,BENGALURU URBAN,1.0,6,258.60638725792,1551.63832354752
678501,BENGALURU URBAN,1.0,2,258.60638725792,517.21277451584
678551,BENGALURU URBAN,1.0,5,258.60638725792,1293.0319362896
678531,BENGALURU URBAN,1.0,2,258.60638725792,517.21277451584
678102,BENGALURU URBAN,1.0,2,268.245072682854,536.490145365708
670701,24 PARAGANAS NORTH,1.0,0,1836.35285472817,0.0
670661,BENGALURU URBAN,1.0,13,262.432044291956,3411.616575795428
676312,BENGALURU URBAN,1.0,1,279.191204435617,279.191204435617
676309,BENGALURU URBAN,1.0,2,280.470729701589,560.941459403178
676109,BENGALURU URBAN,1.0,1,288.5290313072,288.5290313072
676106,BENGALURU URBAN,1.0,2,283.363104647044,566.726209294088
676508,BENGALURU URBAN,1.0,3,276.429040583767,829.287121751301
481111,HYDERABAD,1.0,3,560.058010453964,1680.174031361892
481441,HYDERABAD,1.0,1,524.682247960494,524.682247960494
481556,BENGALURU URBAN,1.0,0,1107.419652103,0.0
462066,SOUTH,1.0,1,582.124410290567,582.124410290567
462002,SOUTH,1.0,2,587.882057635304,1175.764115270608
460447,HYDERABAD,1.0,2,519.43770195124,1038.87540390248
461441,MUMBAI SUBURBAN,1.0,1,534.830291185317,534.830291185317
461771,HYDERABAD,1.0,4,584.771884990348,2339.087539961392
470002,SOUTH,1.0,15,541.659899552736,8124.89849329104
486885,24 PARAGANAS NORTH,1.0,11,605.381745739539,6659.199203134929
452012,MUMBAI SUBURBAN,1.0,29,454.363959166691,13176.554815834039
452006,MUMBAI SUBURBAN,1.0,10,505.407414112223,5054.07414112223
452002,MUMBAI SUBURBAN,1.0,8,503.703074842711,4029.624598741688
452011,MUMBAI SUBURBAN,1.0,8,509.292929218154,4074.343433745232
452007,MUMBAI SUBURBAN,1.0,11,505.933588779237,5565.269476571607
452009,MUMBAI SUBURBAN,1.0,47,502.087375865157,23598.10666566238
457993,MUMBAI SUBURBAN,1.0,1,427.468489790705,427.468489790705
474002,SOUTH,1.0,12,276.453970999823,3317.447651997876
474012,SOUTH,1.0,8,276.453970999823,2211.631767998584
277401,24 PARAGANAS NORTH,1.0,1,540.009363252222,540.009363252222
277210,24 PARAGANAS NORTH,1.0,1,477.89151296215,477.89151296215
221713,24 PARAGANAS NORTH,1.0,3,555.452498608017,1666.357495824051
272150,SOUTH,1.0,2,577.584599450915,1155.16919890183
274404,24 PARAGANAS NORTH,1.0,1,625.875064806964,625.875064806964
271310,SOUTH,1.0,1,506.398110726971,506.398110726971
271303,24 PARAGANAS NORTH,1.0,2,625.868165939283,1251.736331878566
273013,SOUTH,1.0,11,634.550534246586,6980.055876712447
273161,SOUTH,1.0,4,604.68930146009,2418.75720584036
273311,HYDERABAD,1.0,1,503.209699307923,503.209699307923
210301,SOUTH,1.0,7,407.269085709684,2850.883599967788
209651,24 PARAGANAS NORTH,1.0,1,568.981678643988,568.981678643988
209732,SOUTH,1.0,9,307.175317237994,2764.577855141946
209301,SOUTH,1.0,1,344.63346156582,344.63346156582
811104,24 PARAGANAS NORTH,1.0,1,383.093257362197,383.093257362197
800004,24 PARAGANAS NORTH,1.0,33,456.903686507499,15077.821654747468
800005,SOUTH,1.0,0,850.582840353561,0.0
800003,24 PARAGANAS NORTH,1.0,16,457.23876336661,7315.82021386576
801105,24 PARAGANAS NORTH,1.0,18,463.462073660405,8342.31732588729
800002,24 PARAGANAS NORTH,1.0,18,458.894765894527,8260.105786101485
844101,24 PARAGANAS NORTH,1.0,18,456.802464313621,8222.444357645178
494226,HYDERABAD,1.0,4,411.218541821468,1644.874167285872
495452,24 PARAGANAS NORTH,1.0,5,584.418995461398,2922.09497730699
490001,HYDERABAD,1.0,14,497.480955518678,6964.733377261492
490022,HYDERABAD,1.0,1,592.236682629263,592.236682629263
493881,HYDERABAD,1.0,2,470.095549762048,940.191099524096
492004,HYDERABAD,1.0,6,536.520549400975,3219.12329640585
492005,HYDERABAD,1.0,2,534.438395593749,1068.876791187498
110031,SOUTH,1.0,32,15.7740829620998,504.7706547871936
110091,SOUTH,1.0,158,11.1843474381686,1767.1268952306389
110007,SOUTH,1.0,46,16.7502526557024,770.5116221623105
110085,SOUTH,1.0,312,22.6560299517268,7068.681344938762
110034,SOUTH,1.0,150,20.09413446752,3014.120170128
110003,SOUTH,1.0,57,9.5116183106581,542.1622437075117
110080,SOUTH,1.0,18,3.81729467792177,68.71130420259186
110048,SOUTH,1.0,74,3.45174341900689,255.42901300650988
110013,SOUTH,1.0,16,7.70829158496006,123.33266535936096
110061,SOUTH,1.0,8,16.385401526267,131.083212210136
110016,SOUTH,1.0,92,3.8136952258711,350.8599607801412
110066,SOUTH,1.0,9,5.73793960571717,51.64145645145453
110075,SOUTH,1.0,245,16.8017198089156,4116.421353184322
110078,SOUTH,1.0,113,20.0950271105031,2270.7380634868505
110046,SOUTH,1.0,39,14.8448015621272,578.9472609229608
110026,SOUTH,1.0,32,17.5217694725123,560.6966231203936
380019,MUMBAI SUBURBAN,1.0,7,443.640352988064,3105.482470916448
380013,MUMBAI SUBURBAN,1.0,54,438.001892890219,23652.102216071824
380014,MUMBAI SUBURBAN,1.0,10,436.416779533244,4364.16779533244
380005,MUMBAI SUBURBAN,1.0,38,440.772452557484,16749.35319718439
380016,MUMBAI SUBURBAN,1.0,8,437.346151685103,3498.769213480824
382340,MUMBAI SUBURBAN,1.0,12,441.694240501644,5300.3308860197285
382415,MUMBAI SUBURBAN,1.0,10,433.792354865692,4337.92354865692
380018,MUMBAI SUBURBAN,1.0,2,434.590392750811,869.180785501622
380023,MUMBAI SUBURBAN,1.0,1,433.054714309734,433.054714309734
382443,MUMBAI SUBURBAN,1.0,9,430.017454003129,3870.157086028161
382115,MUMBAI SUBURBAN,1.0,5,435.126310795939,2175.631553979695
382006,MUMBAI SUBURBAN,1.0,24,455.660357676153,10935.848584227671
384002,MUMBAI SUBURBAN,1.0,19,510.151480437887,9692.878128319853
360577,MUMBAI SUBURBAN,1.0,1,436.801930541038,436.801930541038
388120,MUMBAI SUBURBAN,1.0,7,380.814787018907,2665.703509132349
394660,MUMBAI SUBURBAN,1.0,2,233.179501296906,466.359002593812
387002,MUMBAI SUBURBAN,1.0,16,396.811413130549,6348.982610088784
387001,MUMBAI SUBURBAN,1.0,14,401.022495511179,5614.314937156506
394516,MUMBAI SUBURBAN,1.0,1,230.648007724309,230.648007724309
395023,MUMBAI SUBURBAN,1.0,5,222.950422001773,1114.752110008865
395001,MUMBAI SUBURBAN,1.0,23,325.842350419692,7494.374059652917
394515,MUMBAI SUBURBAN,1.0,1,227.882013997473,227.882013997473
395007,MUMBAI SUBURBAN,1.0,101,227.387276914128,22966.11496832693
395008,MUMBAI SUBURBAN,1.0,5,232.989962957532,1164.94981478766
390025,MUMBAI SUBURBAN,1.0,14,355.060677184715,4970.84948058601
390016,MUMBAI SUBURBAN,1.0,11,355.060677184715,3905.667449031865
391345,MUMBAI SUBURBAN,1.0,5,359.968823073826,1799.8441153691301
133006,SOUTH,1.0,1,203.661793204797,203.661793204797
121007,SOUTH,1.0,24,18.9003342380605,453.608021713452
122009,SOUTH,1.0,62,49.6771214109166,3079.981527476829
123501,SOUTH,1.0,3,80.1540034410992,240.46201032329762
125006,SOUTH,1.0,2,151.286382890675,302.57276578135
125052,SOUTH,1.0,1,172.945987854272,172.945987854272
125005,SOUTH,1.0,9,159.483523470467,1435.3517112342029
125102,SOUTH,1.0,1,269.022041330915,269.022041330915
124507,SOUTH,1.0,41,35.4370668532253,1452.9197409822375
176305,SOUTH,1.0,2,462.779962277606,925.559924555212
176402,SOUTH,1.0,1,433.778324593987,433.778324593987
173213,SOUTH,1.0,2,266.871762233667,533.743524467334
173202,SOUTH,1.0,2,265.200486874866,530.400973749732
180015,SOUTH,1.0,7,513.983075199757,3597.881526398299
180010,SOUTH,1.0,13,512.741388614236,6665.638051985068
180011,SOUTH,1.0,8,511.233351150184,4089.866809201472
180007,SOUTH,1.0,15,522.273603777277,7834.104056659155
181205,SOUTH,1.0,5,729.472946116704,3647.3647305835198
190020,SOUTH,1.0,4,666.514491733621,2666.057966934484
190002,SOUTH,1.0,7,659.782979572313,4618.480857006191
190021,SOUTH,1.0,1,653.928655486878,653.928655486878
190014,SOUTH,1.0,3,655.035323881322,1965.105971643966
190003,SOUTH,1.0,11,657.756197543316,7235.3181729764765
190008,SOUTH,1.0,6,656.520468929551,3939.1228135773063
827012,24 PARAGANAS NORTH,1.0,14,250.664727567063,3509.306185938882
828104,24 PARAGANAS NORTH,1.0,3,235.575092316005,706.725276948015
826004,24 PARAGANAS NORTH,1.0,15,231.739095044531,3476.086425667965
262520,SOUTH,1.0,1,318.283383796386,318.283383796386
743247,24 PARAGANAS NORTH,1.0,2,44.0529213070124,88.1058426140248
743262,24 PARAGANAS NORTH,1.0,2,51.1438902418903,102.2877804837806
743263,24 PARAGANAS NORTH,1.0,4,27.7534883353941,111.0139533415764
743272,24 PARAGANAS NORTH,1.0,2,24.9586107629146,49.9172215258292
743273,24 PARAGANAS NORTH,1.0,3,55.3426591738298,166.0279775214894
743438,24 PARAGANAS NORTH,1.0,1,34.2451184124195,34.2451184124195
743711,24 PARAGANAS NORTH,1.0,1,15.2570050624929,15.2570050624929
743412,24 PARAGANAS NORTH,1.0,2,52.3423399831196,104.6846799662392
700157,24 PARAGANAS NORTH,1.0,33,48.1171046839655,1587.8644545708614
700105,24 PARAGANAS NORTH,1.0,10,52.5109271108867,525.109271108867
742305,24 PARAGANAS NORTH,1.0,2,94.1332766310213,188.2665532620426
742201,24 PARAGANAS NORTH,1.0,1,154.652538886442,154.652538886442
741245,24 PARAGANAS NORTH,1.0,4,28.1482883577413,112.5931534309652
743166,24 PARAGANAS NORTH,1.0,1,13.7228565844952,13.7228565844952
743135,24 PARAGANAS NORTH,1.0,4,17.6478904799283,70.5915619197132
743145,24 PARAGANAS NORTH,1.0,10,17.6478904799283,176.478904799283
743165,24 PARAGANAS NORTH,1.0,7,13.9415509954975,97.59085696848251
700083,24 PARAGANAS NORTH,1.0,3,11.0635297128053,33.1905891384159
743377,24 PARAGANAS NORTH,1.0,1,43.8544829546896,43.8544829546896
743330,24 PARAGANAS NORTH,1.0,1,39.1073087840981,39.1073087840981
700103,24 PARAGANAS NORTH,1.0,42,42.4532131774855,1783.0349534543911
734311,24 PARAGANAS NORTH,1.0,3,488.544384437272,1465.633153311816
734221,24 PARAGANAS NORTH,1.0,2,474.956505495672,949.913010991344
734427,MUMBAI SUBURBAN,1.0,4,4745.34732178907,18981.38928715628
734429,MUMBAI SUBURBAN,1.0,0,1782.01087913342,0.0
734013,24 PARAGANAS NORTH,1.0,5,474.949024784785,2374.7451239239253
734005,SOUTH,1.0,17,19.7405077998099,335.5886325967683
735102,24 PARAGANAS NORTH,1.0,1,414.39209049384,414.39209049384
734501,24 PARAGANAS NORTH,1.0,1,456.572625608854,456.572625608854
735206,24 PARAGANAS NORTH,1.0,1,452.465305721045,452.465305721045
732208,24 PARAGANAS NORTH,1.0,1,251.023024512164,251.023024512164
732141,24 PARAGANAS NORTH,1.0,1,280.436436743309,280.436436743309
283103,SOUTH,1.0,1,463.089636751605,463.089636751605
283207,SOUTH,1.0,1,461.895697686093,461.895697686093
281406,SOUTH,1.0,5,126.08899932458,630.4449966229
281004,SOUTH,1.0,16,126.08899932458,2017.42398919328
281006,SOUTH,1.0,3,126.08899932458,378.26699797374
281206,SOUTH,1.0,1,126.08899932458,126.08899932458
281121,SOUTH,1.0,25,126.08899932458,3152.2249831145
211008,SOUTH,1.0,29,576.750803096043,16725.773289785247
211007,SOUTH,1.0,4,570.139087542523,2280.556350170092
211019,SOUTH,1.0,28,578.480729663598,16197.460430580744
232333,24 PARAGANAS NORTH,1.0,1,555.898774770956,555.898774770956
222143,24 PARAGANAS NORTH,1.0,1,651.333602841327,651.333602841327
222141,SOUTH,1.0,1,539.277367618071,539.277367618071
222131,SOUTH,1.0,1,570.956855683026,570.956855683026
231312,SOUTH,1.0,2,647.651443131048,1295.302886262096
231222,24 PARAGANAS NORTH,1.0,1,603.080881521377,603.080881521377
231306,24 PARAGANAS NORTH,1.0,2,619.885699446417,1239.771398892834
243501,SOUTH,1.0,1,216.868716647075,216.868716647075
243401,SOUTH,1.0,1,227.770911933836,227.770911933836
250342,SOUTH,1.0,2,82.6406616206359,165.2813232412718
244925,SOUTH,1.0,1,174.938169022947,174.938169022947
251315,SOUTH,1.0,1,107.834407895508,107.834407895508
242226,SOUTH,1.0,1,273.359249553452,273.359249553452
276406,MUMBAI SUBURBAN,1.0,3,5425.61326122754,16276.839783682619
275105,SOUTH,1.0,0,681.452855137354,0.0
275102,BENGALURU URBAN,1.0,3,99.8661880232162,299.5985640696486
733133,24 PARAGANAS NORTH,1.0,1,286.19030277524,286.19030277524
713324,24 PARAGANAS NORTH,1.0,1,194.930032566902,194.930032566902
713385,24 PARAGANAS NORTH,1.0,4,150.045527702496,600.182110809984
713358,24 PARAGANAS NORTH,1.0,6,164.664375271238,987.9862516274279
722149,24 PARAGANAS NORTH,1.0,2,121.441359274369,242.882718548738
713407,24 PARAGANAS NORTH,1.0,2,66.617011072478,133.234022144956
721424,24 PARAGANAS NORTH,1.0,1,130.900648042848,130.900648042848
712103,24 PARAGANAS NORTH,1.0,4,49.6914955235766,198.7659820943064
712403,24 PARAGANAS NORTH,1.0,2,28.4403899141967,56.8807798283934
711405,24 PARAGANAS NORTH,1.0,2,58.2261656185691,116.4523312371382
711409,24 PARAGANAS NORTH,1.0,3,21.8495474839235,65.5486424517705
711410,24 PARAGANAS NORTH,1.0,1,39.237117175252,39.237117175252
711227,24 PARAGANAS NORTH,1.0,13,316.098690537204,4109.282976983652
711204,24 PARAGANAS NORTH,1.0,14,164.262001428314,2299.6680199963957
721145,24 PARAGANAS NORTH,1.0,2,127.533452599594,255.066905199188
723143,24 PARAGANAS NORTH,1.0,1,218.915279512516,218.915279512516
721648,24 PARAGANAS NORTH,1.0,1,194.405766895853,194.405766895853
721602,24 PARAGANAS NORTH,1.0,1,84.7062990253187,84.7062990253187
721134,24 PARAGANAS NORTH,1.0,1,67.2645864267013,67.2645864267013
504208,HYDERABAD,1.0,16,187.330453643649,2997.287258298384
506167,HYDERABAD,1.0,8,74.4336065726942,595.4688525815536
508207,HYDERABAD,1.0,17,128.912069275106,2191.5051776768023
224152,SOUTH,1.0,1,557.854609605308,557.854609605308
224120,SOUTH,1.0,1,495.758330727372,495.758330727372
201003,SOUTH,1.0,22,28.9478212549941,636.8520676098702
201005,SOUTH,1.0,127,23.0876965256495,2932.1374587574865
201312,SOUTH,1.0,4,11.5365486213181,46.1461944852724
201008,SOUTH,1.0,5,16.8225054861059,84.1125274305295
226003,SOUTH,1.0,88,408.332210884735,35933.23455785668
226028,SOUTH,1.0,70,415.61868174797,29093.307722357902
226026,SOUTH,1.0,14,408.827105398187,5723.579475574617
229207,SOUTH,1.0,1,436.76495022777,436.76495022777
229801,SOUTH,1.0,1,473.264511004614,473.264511004614
227412,SOUTH,1.0,6,521.953998928479,3131.723993570874
263629,SOUTH,1.0,1,272.960338249178,272.960338249178
246401,24 PARAGANAS NORTH,1.0,7,1588.42432194732,11118.97025363124
248142,SOUTH,1.0,2,218.30171633347,436.60343266694
248121,SOUTH,1.0,4,209.335103808596,837.340415234384
263152,SOUTH,1.0,1,206.069850481237,206.069850481237
263132,SOUTH,1.0,6,242.322383613923,1453.934301683538
246194,SOUTH,1.0,3,233.349727087261,700.0491812617829
403801,MUMBAI SUBURBAN,1.0,17,428.168394444654,7278.862705559118
403806,MUMBAI SUBURBAN,1.0,1,429.726361865115,429.726361865115
403715,MUMBAI SUBURBAN,1.0,10,450.717905881478,4507.17905881478
403721,MUMBAI SUBURBAN,1.0,7,447.438254721253,3132.0677830487707
403101,MUMBAI SUBURBAN,1.0,4,414.528860101858,1658.115440407432
403523,MUMBAI SUBURBAN,1.0,4,408.346131390982,1633.384525563928
403206,MUMBAI SUBURBAN,1.0,11,419.474241844586,4614.216660290446
403403,MUMBAI SUBURBAN,1.0,1,414.556918093802,414.556918093802
416101,MUMBAI SUBURBAN,1.0,3,315.499735597755,946.4992067932649
416002,MUMBAI SUBURBAN,1.0,1,285.329040380525,285.329040380525
416007,MUMBAI SUBURBAN,1.0,8,308.207638621692,2465.661108973536
416505,MUMBAI SUBURBAN,1.0,1,362.698334780424,362.698334780424
416509,MUMBAI SUBURBAN,1.0,2,379.534413743172,759.068827486344
416508,24 PARAGANAS NORTH,1.0,0,1651.04378813586,0.0
416503,24 PARAGANAS NORTH,1.0,0,1647.18670922293,0.0
416223,MUMBAI SUBURBAN,1.0,1,337.94954241851,337.94954241851
416118,MUMBAI SUBURBAN,1.0,4,309.731376766599,1238.925507066396
415601,24 PARAGANAS NORTH,1.0,0,1648.78523567235,0.0
416416,MUMBAI SUBURBAN,1.0,40,309.299537901063,12371.98151604252
416811,MUMBAI SUBURBAN,1.0,1,315.914903278637,315.914903278637
400003,MUMBAI SUBURBAN,1.0,13,19.2391054193699,250.1083704518087
400033,MUMBAI SUBURBAN,1.0,28,20.6184335840138,577.3161403523864
400010,MUMBAI SUBURBAN,1.0,41,17.4443948872015,715.2201903752615
400015,MUMBAI SUBURBAN,1.0,19,16.6414557563133,316.18765936995266
400027,MUMBAI SUBURBAN,1.0,12,17.1046702514289,205.2560430171468
400014,MUMBAI SUBURBAN,1.0,38,11.8943831364933,451.9865591867454
400037,MUMBAI SUBURBAN,1.0,96,125.419052973996,12040.229085503615
400019,MUMBAI SUBURBAN,1.0,43,11.0315764297995,474.3577864813785
400009,MUMBAI SUBURBAN,1.0,19,18.1243826295532,344.3632699615108
400099,MUMBAI SUBURBAN,1.0,41,3.05478395767492,125.24614226467172
400049,MUMBAI SUBURBAN,1.0,57,5.59646881582714,318.99872250214696
400098,MUMBAI SUBURBAN,1.0,45,5.94825090683979,267.6712908077905
400084,MUMBAI SUBURBAN,1.0,29,4.1462034536713,120.23990015646771
400078,MUMBAI SUBURBAN,1.0,201,6.45961905704158,1298.3834304653576
400089,MUMBAI SUBURBAN,1.0,64,7.28528962605786,466.25853606770306
400082,MUMBAI SUBURBAN,1.0,22,8.61780562010592,189.59172364233024
400080,MUMBAI SUBURBAN,1.0,147,8.89275158522129,1307.2344830275297
400086,MUMBAI SUBURBAN,1.0,78,4.63624656556225,361.62723211385554
400083,MUMBAI SUBURBAN,1.0,61,6.16825141406406,376.26333625790767
400060,MUMBAI SUBURBAN,1.0,77,1.68658231652779,129.86683837263982
400095,MUMBAI SUBURBAN,1.0,96,9.56887086453865,918.6116029957104
400064,MUMBAI SUBURBAN,1.0,197,7.8728262671731,1550.9467746331009
400102,MUMBAI SUBURBAN,1.0,57,3.21279606020207,183.12937543151799
400097,MUMBAI SUBURBAN,1.0,138,7.13807101926349,985.0538006583616
400025,MUMBAI SUBURBAN,1.0,51,13.6504318193969,696.1720227892419
400030,MUMBAI SUBURBAN,1.0,30,14.4075233385933,432.225700157799
400018,MUMBAI SUBURBAN,1.0,54,15.6936875328083,847.4591267716481
400011,MUMBAI SUBURBAN,1.0,41,17.3231118070262,710.2475840880743
400034,MUMBAI SUBURBAN,1.0,31,17.2404841891804,534.4550098645924
400035,MUMBAI SUBURBAN,1.0,2,21.9225517771981,43.8451035543962
400701,MUMBAI SUBURBAN,1.0,83,12.7020334784248,1054.2687787092584
410218,MUMBAI SUBURBAN,1.0,41,26.3251826275879,1079.3324877311038
410210,MUMBAI SUBURBAN,1.0,211,33.3091308084508,7028.22660058312
410207,MUMBAI SUBURBAN,1.0,2,40.5332229936905,81.066445987381
400703,MUMBAI SUBURBAN,1.0,115,14.6981688722353,1690.2894203070596
421306,MUMBAI SUBURBAN,1.0,107,30.0551274089846,3215.898632761352
400601,MUMBAI SUBURBAN,1.0,184,13.0264586826188,2396.868397601859
401701,MUMBAI SUBURBAN,1.0,2,43.976793719279,87.953587438558
401401,MUMBAI SUBURBAN,1.0,1,13.6096332901763,13.6096332901763
442401,HYDERABAD,1.0,31,290.755545658192,9013.421915403951
440008,HYDERABAD,1.0,17,416.506341142979,7080.607799430643
440002,HYDERABAD,1.0,15,417.749480642877,6266.242209643156
440012,HYDERABAD,1.0,18,414.346693016447,7458.240474296045
440005,HYDERABAD,1.0,2,493.372952168993,986.745904337986
440020,HYDERABAD,1.0,2,413.142888484893,826.285776969786
440010,HYDERABAD,1.0,52,414.140097947918,21535.285093291735
440016,MUMBAI SUBURBAN,1.0,9,128.785303074295,1159.067727668655
440033,HYDERABAD,1.0,22,416.341520043234,9159.513440951148
440015,HYDERABAD,1.0,49,412.354338240384,20205.362573778813
441904,HYDERABAD,1.0,18,431.907087397413,7774.327573153434
413108,MUMBAI SUBURBAN,1.0,3,267.001030141279,801.003090423837
411039,MUMBAI SUBURBAN,1.0,25,116.587930742868,2914.6982685717
411019,MUMBAI SUBURBAN,1.0,56,110.730624413651,6200.914967164456
411012,MUMBAI SUBURBAN,1.0,18,117.352419355725,2112.34354840305
411015,MUMBAI SUBURBAN,1.0,184,120.760979783494,22220.020280162895
411028,MUMBAI SUBURBAN,1.0,228,130.77095928115,29815.7787161022
411013,MUMBAI SUBURBAN,1.0,55,129.229462998416,7107.62046491288
411032,MUMBAI SUBURBAN,1.0,24,124.884899245657,2997.237581895768
411048,MUMBAI SUBURBAN,1.0,144,129.371367299823,18629.476891174512
411016,MUMBAI SUBURBAN,1.0,61,119.868224625907,7311.961702180327
411011,MUMBAI SUBURBAN,1.0,23,123.82065050367,2847.87496158441
412101,MUMBAI SUBURBAN,1.0,104,102.715131872372,10682.373714726687
410402,MUMBAI SUBURBAN,1.0,4,69.1488223973522,276.5952895894088
412308,MUMBAI SUBURBAN,1.0,74,136.858581748172,10127.53504936473
412306,MUMBAI SUBURBAN,1.0,3,186.734716884137,560.2041506524109
415110,MUMBAI SUBURBAN,1.0,18,246.429103832199,4435.723868979582
415108,BENGALURU URBAN,1.0,0,591.054632400534,0.0
413001,HYDERABAD,1.0,11,278.247419255364,3060.7216118090037
431010,MUMBAI SUBURBAN,1.0,1,270.403851757045,270.403851757045
425201,MUMBAI SUBURBAN,1.0,14,371.4136559423,5199.7911831922
424206,MUMBAI SUBURBAN,1.0,1,355.597431738901,355.597431738901
422001,MUMBAI SUBURBAN,1.0,16,138.357087183918,2213.713394942688
422002,MUMBAI SUBURBAN,1.0,24,140.36644129479,3368.7945910749604
796008,24 PARAGANAS NORTH,1.0,3,453.392620317857,1360.1778609535709
799005,24 PARAGANAS NORTH,1.0,3,317.933005120508,953.7990153615241
799006,24 PARAGANAS NORTH,1.0,20,318.272145026419,6365.44290052838
799287,24 PARAGANAS NORTH,1.0,1,387.331168750792,387.331168750792
793017,24 PARAGANAS NORTH,1.0,6,471.141096988977,2826.8465819338617
793012,24 PARAGANAS NORTH,1.0,2,471.141096988977,942.282193977954
793006,24 PARAGANAS NORTH,1.0,10,473.089073203113,4730.89073203113
751023,24 PARAGANAS NORTH,1.0,10,382.062298790478,3820.62298790478
753012,24 PARAGANAS NORTH,1.0,17,366.352414437875,6227.991045443875
753013,24 PARAGANAS NORTH,1.0,5,365.121147100977,1825.605735504885
755050,24 PARAGANAS NORTH,1.0,2,320.926948583238,641.853897166476
757043,24 PARAGANAS NORTH,1.0,4,236.105192431188,944.420769724752
757048,24 PARAGANAS NORTH,1.0,1,226.100308490372,226.100308490372
752079,24 PARAGANAS NORTH,1.0,1,447.516220395938,447.516220395938
759111,24 PARAGANAS NORTH,1.0,0,403.1796789445,0.0
768016,24 PARAGANAS NORTH,1.0,1,474.319473146836,474.319473146836
769001,24 PARAGANAS NORTH,1.0,3,369.655183808837,1108.965551426511
769003,24 PARAGANAS NORTH,1.0,4,369.409462688231,1477.637850752924
770001,24 PARAGANAS NORTH,1.0,17,454.20901627731,7721.55327671427
761110,24 PARAGANAS NORTH,1.0,5,523.05440284726,2615.2720142363
760008,24 PARAGANAS NORTH,1.0,13,535.532348625699,6961.920532134087
760009,24 PARAGANAS NORTH,1.0,2,537.792058570402,1075.584117140804
766001,HYDERABAD,1.0,12,561.707442220915,6740.48930665098
766027,HYDERABAD,1.0,2,569.763155534512,1139.526311069024
766110,HYDERABAD,1.0,2,587.591431109669,1175.182862219338
764001,HYDERABAD,1.0,10,544.005333005212,5440.05333005212
763002,HYDERABAD,1.0,7,476.379224970944,3334.654574796608
762010,24 PARAGANAS NORTH,1.0,1,504.962089614629,504.962089614629
160002,SOUTH,1.0,12,244.531183244074,2934.374198928888
160011,SOUTH,1.0,5,252.047932280741,1260.239661403705
160012,SOUTH,1.0,2,250.102188968116,500.204377936232
160036,SOUTH,1.0,64,246.984086042985,15806.98150675104
160009,SOUTH,1.0,5,249.727381549058,1248.63690774529
141010,SOUTH,1.0,8,291.195687148681,2329.565497189448
141002,SOUTH,1.0,16,297.792823751114,4764.685180017824
141123,SOUTH,1.0,2,297.792823751114,595.585647502228
147003,SOUTH,1.0,4,217.940552686296,871.762210745184
147002,SOUTH,1.0,20,217.078168379331,4341.56336758662
151004,SOUTH,1.0,3,286.532640409209,859.597921227627
151001,SOUTH,1.0,53,289.207530918166,15327.999138662799
142001,SOUTH,1.0,11,322.056877571966,3542.6256532916263
144216,SOUTH,1.0,2,402.459026214651,804.918052429302
144001,SOUTH,1.0,67,349.845551035822,23439.651919400072
144601,SOUTH,1.0,10,356.855481971244,3568.55481971244
144401,SOUTH,1.0,13,331.919817719277,4314.957630350601
305006,SOUTH,1.0,1,344.664996363979,344.664996363979
311022,SOUTH,1.0,3,384.12852894666,1152.38558683998
312001,SOUTH,1.0,12,479.628092019368,5755.537104232416
324009,SOUTH,1.0,13,452.558310299075,5883.258033887975
324003,SOUTH,1.0,0,397.805433416613,0.0
324005,SOUTH,1.0,36,400.847197481915,14430.499109348939
301705,SOUTH,1.0,9,98.2978814240104,884.6809328160936
302016,SOUTH,1.0,34,569.703270321033,19369.91119091512
302026,SOUTH,1.0,13,237.082671951264,3082.074735366432
302013,SOUTH,1.0,14,223.07825828107,3123.09561593498
302019,SOUTH,1.0,51,231.647513044163,11814.023165252313
303905,SOUTH,1.0,5,240.313780927005,1201.568904635025
303805,SOUTH,1.0,1,206.250448108927,206.250448108927
334006,SOUTH,1.0,1,383.898344027241,383.898344027241
342005,SOUTH,1.0,31,487.072412123906,15099.244775841087
342008,SOUTH,1.0,18,488.09912101674,8785.784178301321
342003,SOUTH,1.0,10,485.48877074968,4854.8877074967995
342013,SOUTH,1.0,1,490.170493894441,490.170493894441
603127,BENGALURU URBAN,1.0,6,283.606703037271,1701.640218223626
600005,BENGALURU URBAN,1.0,50,292.309748098973,14615.48740494865
600014,BENGALURU URBAN,1.0,29,289.865507710124,8406.099723593596
600018,BENGALURU URBAN,1.0,59,290.124298202936,17117.333593973224
600006,BENGALURU URBAN,1.0,19,289.218031285204,5495.142594418876
600087,BENGALURU URBAN,1.0,64,282.159276842037,18058.193717890368
600033,BENGALURU URBAN,1.0,72,286.776535765079,20647.91057508569
600026,BENGALURU URBAN,1.0,33,291.946970399065,9634.250023169145
600101,BENGALURU URBAN,1.0,48,283.36784823278,13601.656715173438
600106,BENGALURU URBAN,1.0,42,285.606212261955,11995.460915002112
600083,BENGALURU URBAN,1.0,34,288.009743094142,9792.331265200828
600025,BENGALURU URBAN,1.0,2,288.009743094142,576.019486188284
600015,BENGALURU URBAN,1.0,45,287.300799202421,12928.535964108945
600020,BENGALURU URBAN,1.0,55,290.003319307205,15950.182561896276
600042,BENGALURU URBAN,1.0,141,286.105083987324,40340.816842212684
602001,BENGALURU URBAN,1.0,17,254.081527222406,4319.385962780902
605010,BENGALURU URBAN,1.0,30,264.122726508762,7923.681795262861
600057,BENGALURU URBAN,1.0,13,311.303775810497,4046.9490855364606
600050,BENGALURU URBAN,1.0,29,274.508707568848,7960.752519496593
600037,BENGALURU URBAN,1.0,93,282.317120896132,26255.492243340275
600056,BENGALURU URBAN,1.0,105,276.85104417891,29069.35963878555
600125,BENGALURU URBAN,1.0,81,283.606703037271,22972.142946018954
600117,BENGALURU URBAN,1.0,95,281.397410335684,26732.753981889982
603103,BENGALURU URBAN,1.0,124,316.200235061755,39208.82914765762
600127,BENGALURU URBAN,1.0,34,283.606703037271,9642.627903267214
600047,BENGALURU URBAN,1.0,11,276.55261349322,3042.07874842542
632010,BENGALURU URBAN,1.0,1,164.145775067023,164.145775067023
632006,BENGALURU URBAN,1.0,19,168.023226360404,3192.4413008476763
632009,BENGALURU URBAN,1.0,23,236.624214654164,5442.356937045772
641201,BENGALURU URBAN,1.0,2,232.501026015854,465.002052031708
641049,BENGALURU URBAN,1.0,6,218.326658585367,1309.959951512202
641014,BENGALURU URBAN,1.0,22,221.326290697576,4869.178395346672
641001,BENGALURU URBAN,1.0,20,226.261001813734,4525.22003627468
641008,BENGALURU URBAN,1.0,12,227.144763932407,2725.737167188884
641004,BENGALURU URBAN,1.0,42,219.850297927611,9233.712512959662
641042,BENGALURU URBAN,1.0,25,231.332370688502,5783.30926721255
641005,BENGALURU URBAN,1.0,19,223.459612034621,4245.732628657799
641003,BENGALURU URBAN,1.0,2,225.293020165472,450.586040330944
641041,BENGALURU URBAN,1.0,44,224.815351712099,9891.875475332356
641011,BENGALURU URBAN,1.0,8,223.270713535209,1786.165708281672
641039,BENGALURU URBAN,1.0,1,202.600465509157,202.600465509157
638107,BENGALURU URBAN,1.0,2,176.950006383961,353.900012767922
638011,BENGALURU URBAN,1.0,19,178.209915373852,3385.988392103188
642103,BENGALURU URBAN,1.0,1,265.327838796453,265.327838796453
642104,BENGALURU URBAN,1.0,2,271.150330723481,542.300661446962
642006,BENGALURU URBAN,1.0,2,262.109857490843,524.219714981686
642005,BENGALURU URBAN,1.0,2,259.833370655345,519.66674131069
642111,BENGALURU URBAN,1.0,1,265.595214111647,265.595214111647
642128,BENGALURU URBAN,1.0,1,264.372662097585,264.372662097585
636014,BENGALURU URBAN,1.0,2,156.640284717468,313.280569434936
636015,BENGALURU URBAN,1.0,2,156.123355743965,312.24671148793
636402,BENGALURU URBAN,1.0,4,128.412498380682,513.649993522728
636401,BENGALURU URBAN,1.0,9,129.710190596831,1167.3917153714792
636457,BENGALURU URBAN,1.0,1,135.610832997481,135.610832997481
641407,BENGALURU URBAN,1.0,1,211.990656333298,211.990656333298
641603,BENGALURU URBAN,1.0,11,202.371756177417,2226.089317951587
629703,BENGALURU URBAN,1.0,5,518.369649521094,2591.8482476054696
629159,BENGALURU URBAN,1.0,1,526.81303628888,526.81303628888
630106,BENGALURU URBAN,1.0,0,340.752955209873,0.0
627764,BENGALURU URBAN,1.0,1,405.644954033765,405.644954033765
625003,BENGALURU URBAN,1.0,11,342.324978926591,3765.574768192501
625007,BENGALURU URBAN,1.0,33,338.428613662797,11168.1442508723
625009,BENGALURU URBAN,1.0,22,341.115068235452,7504.531501179944
623409,BENGALURU URBAN,1.0,1,387.903516721317,387.903516721317
628204,BENGALURU URBAN,1.0,6,489.72800070266,2938.36800421596
628005,BENGALURU URBAN,1.0,1,469.88842707679,469.88842707679
628004,BENGALURU URBAN,1.0,3,469.85716387919,1409.57149163757
626122,BENGALURU URBAN,1.0,2,394.585540896007,789.171081792014
626126,BENGALURU URBAN,1.0,3,369.614732644448,1108.844197933344
608001,BENGALURU URBAN,1.0,20,284.913834866691,5698.27669733382
607006,BENGALURU URBAN,1.0,6,267.876238784615,1607.25743270769
612605,BENGALURU URBAN,1.0,1,305.889853790527,305.889853790527
612104,BENGALURU URBAN,1.0,1,296.421940842632,296.421940842632
609606,BENGALURU URBAN,1.0,1,339.581352586519,339.581352586519
613005,BENGALURU URBAN,1.0,13,294.54321404536,3829.06178258968
620004,BENGALURU URBAN,1.0,5,268.33729069001,1341.6864534500498
620014,BENGALURU URBAN,1.0,4,273.448947212164,1093.795788848656
620017,BENGALURU URBAN,1.0,11,264.094806216408,2905.042868380488
620002,BENGALURU URBAN,1.0,9,264.029697842411,2376.267280581699
620003,BENGALURU URBAN,1.0,12,262.658201187816,3151.898414253792
284128,SOUTH,1.0,11,367.56234786865,4043.18582655515
211011,SOUTH,1.0,21,565.170576838922,11868.582113617362
211016,SOUTH,1.0,21,571.09912108074,11993.08154269554
212208,MUMBAI SUBURBAN,1.0,0,1146.26617265785,0.0
211006,SOUTH,1.0,26,573.925839493623,14922.071826834199
211004,SOUTH,1.0,23,570.037884078821,13110.871333812882
212405,MUMBAI SUBURBAN,1.0,0,1193.94805302226,0.0
232329,24 PARAGANAS NORTH,1.0,1,573.387598150442,573.387598150442
231001,24 PARAGANAS NORTH,1.0,18,649.582321160577,11692.481780890384
221008,24 PARAGANAS NORTH,1.0,2,613.01702312792,1226.03404625584
221109,24 PARAGANAS NORTH,1.0,7,629.127372451548,4403.891607160836
243006,SOUTH,1.0,29,219.650020948604,6369.8506075095165
243005,SOUTH,1.0,7,217.239620486601,1520.677343406207
251003,SOUTH,1.0,1,115.639374057245,115.639374057245
276135,BENGALURU URBAN,1.0,0,1578.49686468015,0.0
272001,SOUTH,1.0,12,574.882916257936,6898.594995095233
273003,SOUTH,1.0,13,637.202905229874,8283.637767988363
208008,SOUTH,1.0,2,391.680726079703,783.361452159406
208015,SOUTH,1.0,16,389.726444400486,6235.623110407776
208023,SOUTH,1.0,6,384.91303264031,2309.47819584186
208022,SOUTH,1.0,16,383.943507173381,6143.096114774096
224238,SOUTH,1.0,2,570.349899473152,1140.699798946304
201011,SOUTH,1.0,60,18.9734599922652,1138.4075995359121
201303,SOUTH,1.0,113,364.444646156979,41182.24501573863
226009,SOUTH,1.0,1,409.844676710161,409.844676710161
226020,SOUTH,1.0,55,408.980846960539,22493.946582829645
226202,SOUTH,1.0,1,411.671265409606,411.671265409606
226022,SOUTH,1.0,75,411.207704218978,30840.57781642335
226006,SOUTH,1.0,33,411.58785345616,13582.39916405328
248002,SOUTH,1.0,24,207.798550082354,4987.165201976496
249205,SOUTH,1.0,1,193.245673703263,193.245673703263
249401,SOUTH,1.0,11,183.139438338548,2014.5338217240278
263149,SOUTH,1.0,1,209.136445734589,209.136445734589
263156,SOUTH,1.0,2,245.132199028121,490.264398056242
700024,24 PARAGANAS NORTH,1.0,10,29.0656862547091,290.656862547091
700053,24 PARAGANAS NORTH,1.0,43,30.930103124054,1329.994434334322
700044,24 PARAGANAS NORTH,1.0,2,27.5292090001765,55.058418000353
700038,24 PARAGANAS NORTH,1.0,28,30.0996995805549,842.7915882555372
700043,24 PARAGANAS NORTH,1.0,5,31.9429323045417,159.7146615227085
700023,24 PARAGANAS NORTH,1.0,30,26.2727684623918,788.1830538717539
700005,24 PARAGANAS NORTH,1.0,9,19.747842747473,177.730584727257
700067,24 PARAGANAS NORTH,1.0,6,19.5947790680903,117.5686744085418
743294,24 PARAGANAS NORTH,1.0,2,13.8105587839707,27.6211175679414
700129,24 PARAGANAS NORTH,1.0,23,9.89135458163046,227.5011553775006
700020,24 PARAGANAS NORTH,1.0,29,25.6093722287809,742.6717946346461
700047,24 PARAGANAS NORTH,1.0,34,31.9976021996126,1087.9184747868285
700082,24 PARAGANAS NORTH,1.0,27,22.3670798117745,603.9111549179115
700022,24 PARAGANAS NORTH,1.0,9,25.9141389765639,233.2272507890751
700045,24 PARAGANAS NORTH,1.0,24,29.3556202642432,704.5348863418368
700040,24 PARAGANAS NORTH,1.0,43,31.7615698657503,1365.7475042272629
700041,24 PARAGANAS NORTH,1.0,16,31.2617606160254,500.1881698564064
700106,24 PARAGANAS NORTH,1.0,19,21.6727410371335,411.7820797055365
700046,24 PARAGANAS NORTH,1.0,24,24.187808153196,580.5073956767039
700011,24 PARAGANAS NORTH,1.0,7,21.3221185405713,149.2548297839991
700015,24 PARAGANAS NORTH,1.0,20,49.3408350981487,986.8167019629741
700055,24 PARAGANAS NORTH,1.0,29,16.2090460148331,470.06233443015986
700014,24 PARAGANAS NORTH,1.0,50,51.9451155311411,2597.255776557055
700039,24 PARAGANAS NORTH,1.0,57,53.3760074061276,3042.432422149273
700100,24 PARAGANAS NORTH,1.0,3,26.8397251540433,80.51917546212991
700073,24 PARAGANAS NORTH,1.0,5,51.0101674406959,255.05083720347952
700037,24 PARAGANAS NORTH,1.0,9,17.6362183371259,158.7259650341331
700065,24 PARAGANAS NORTH,1.0,28,14.1604291638827,396.4920165887156
700074,24 PARAGANAS NORTH,1.0,29,15.8956818923157,460.9747748771553
700030,24 PARAGANAS NORTH,1.0,18,15.825464836131,284.85836705035797
700050,24 PARAGANAS NORTH,1.0,22,15.6004967199446,343.2109278387812
742137,24 PARAGANAS NORTH,1.0,2,137.828588145864,275.657176291728
742212,24 PARAGANAS NORTH,1.0,2,232.037392519642,464.074785039284
741235,24 PARAGANAS NORTH,1.0,23,22.085562996424,507.967948917752
741234,24 PARAGANAS NORTH,1.0,3,23.1549459514774,69.4648378544322
741151,24 PARAGANAS NORTH,1.0,1,51.111676202403,51.111676202403
741247,24 PARAGANAS NORTH,1.0,2,72.2700666116958,144.5401332233916
700120,24 PARAGANAS NORTH,1.0,13,5.71276363911736,74.26592730852568
700123,24 PARAGANAS NORTH,1.0,16,5.71276363911736,91.40421822587776
743133,24 PARAGANAS NORTH,1.0,1,6.9644865292974,6.9644865292974
743125,24 PARAGANAS NORTH,1.0,1,10.7061038072875,10.7061038072875
700109,24 PARAGANAS NORTH,1.0,8,9.7674211851827,78.1393694814616
700117,24 PARAGANAS NORTH,1.0,4,5.47159086058448,21.88636344233792
700115,24 PARAGANAS NORTH,1.0,14,7.28107571318542,101.93505998459588
743363,24 PARAGANAS NORTH,1.0,1,44.5316955867158,44.5316955867158
700148,24 PARAGANAS NORTH,1.0,10,38.9571824132296,389.571824132296
700153,24 PARAGANAS NORTH,1.0,8,34.9303958462409,279.4431667699272
700143,24 PARAGANAS NORTH,1.0,2,56.5623370726447,113.1246741452894
700147,24 PARAGANAS NORTH,1.0,5,60.0628832001093,300.3144160005465
744105,24 PARAGANAS NORTH,1.0,21,1317.12407017536,27659.60547368256
735203,24 PARAGANAS NORTH,1.0,3,447.678573694916,1343.035721084748
735209,24 PARAGANAS NORTH,1.0,1,454.830399948195,454.830399948195
713331,24 PARAGANAS NORTH,1.0,6,195.108645788978,1170.651874733868
713305,24 PARAGANAS NORTH,1.0,14,193.641046951782,2710.9746573249477
713386,24 PARAGANAS NORTH,1.0,2,193.641046951782,387.282093903564
713202,24 PARAGANAS NORTH,1.0,3,138.336902386712,415.010707160136
713214,24 PARAGANAS NORTH,1.0,4,139.884453702152,559.537814808608
713209,24 PARAGANAS NORTH,1.0,1,143.67142650395,143.67142650395
713338,24 PARAGANAS NORTH,1.0,3,156.470783148475,469.412349445425
713347,24 PARAGANAS NORTH,1.0,1,162.26478639089,162.26478639089
712104,24 PARAGANAS NORTH,1.0,2,23.8709638883957,47.7419277767914
712136,24 PARAGANAS NORTH,1.0,15,35.3344249425675,530.0163741385126
712248,24 PARAGANAS NORTH,1.0,12,6.59935350857569,79.19224210290828
712202,24 PARAGANAS NORTH,1.0,4,5.81007331546146,23.24029326184584
712706,24 PARAGANAS NORTH,1.0,1,13.52520994344,13.52520994344
712201,24 PARAGANAS NORTH,1.0,9,8.25435412595798,74.28918713362181
712125,24 PARAGANAS NORTH,1.0,1,13.52520994344,13.52520994344
712258,24 PARAGANAS NORTH,1.0,10,13.7191377483949,137.191377483949
711112,24 PARAGANAS NORTH,1.0,11,23.464744815521,258.11219297073103
711203,24 PARAGANAS NORTH,1.0,8,17.0476039629128,136.3808317033024
721305,24 PARAGANAS NORTH,1.0,11,119.289200919622,1312.181210115842
495682,24 PARAGANAS NORTH,1.0,2,583.833175868143,1167.666351736286
497235,SOUTH,1.0,0,810.518109322869,0.0
534210,HYDERABAD,1.0,1,341.213566822251,341.213566822251
507128,HYDERABAD,1.0,1,246.8436702015,246.8436702015
492099,HYDERABAD,1.0,8,548.855945156935,4390.84756125548
382405,MUMBAI SUBURBAN,1.0,5,428.651273631311,2143.2563681565553
382450,MUMBAI SUBURBAN,1.0,1,356.680114865655,356.680114865655
382028,MUMBAI SUBURBAN,1.0,1,461.776887946606,461.776887946606
380060,MUMBAI SUBURBAN,1.0,24,446.98056327735,10727.533518656399
380059,MUMBAI SUBURBAN,1.0,36,439.122267810353,15808.401641172708
382422,MUMBAI SUBURBAN,1.0,0,458.941888877968,0.0
365541,MUMBAI SUBURBAN,1.0,1,250.31875204719,250.31875204719
361140,MUMBAI SUBURBAN,1.0,1,478.944020429428,478.944020429428
520015,HYDERABAD,1.0,28,248.052196168494,6945.461492717832
521102,24 PARAGANAS NORTH,1.0,0,1059.22333602552,0.0
521241,HYDERABAD,1.0,3,237.119485744503,711.3584572335091
533244,HYDERABAD,1.0,5,374.811985191854,1874.05992595927
533233,HYDERABAD,1.0,2,362.676160015252,725.352320030504
502321,HYDERABAD,1.0,1,81.6882330983631,81.6882330983631
502032,HYDERABAD,1.0,233,24.6947387138876,5753.87412033581
782136,24 PARAGANAS NORTH,1.0,1,631.57423580197,631.57423580197
782138,24 PARAGANAS NORTH,1.0,6,588.746007230122,3532.4760433807323
786192,24 PARAGANAS NORTH,1.0,1,871.832182864071,871.832182864071
786158,24 PARAGANAS NORTH,1.0,1,941.769686430299,941.769686430299
786170,24 PARAGANAS NORTH,1.0,1,879.891854811527,879.891854811527
784184,24 PARAGANAS NORTH,1.0,1,678.123267763573,678.123267763573
370201,MUMBAI SUBURBAN,1.0,19,532.51995410002,10117.87912790038
360024,MUMBAI SUBURBAN,1.0,2,403.25442069151,806.50884138302
394641,MUMBAI SUBURBAN,1.0,1,227.375458790046,227.375458790046
392012,MUMBAI SUBURBAN,1.0,5,296.831112824229,1484.155564121145
394107,MUMBAI SUBURBAN,1.0,12,208.448426040652,2501.381112487824
390014,MUMBAI SUBURBAN,1.0,5,382.404467976043,1912.022339880215
391340,MUMBAI SUBURBAN,1.0,1,397.871701439716,397.871701439716
396210,MUMBAI SUBURBAN,1.0,11,147.099525973893,1618.094785712823
509358,HYDERABAD,1.0,1,262.885038062676,262.885038062676
515445,SOUTH,1.0,1,6278.92815507248,6278.92815507248
515005,BENGALURU URBAN,1.0,1,192.828749059938,192.828749059938
518422,HYDERABAD,1.0,5,158.22567436327,791.12837181635
134109,SOUTH,1.0,55,243.319521428819,13382.573678585046
127025,SOUTH,1.0,1,90.1251251601696,90.1251251601696
123401,SOUTH,1.0,49,68.9583367040416,3378.9584984980384
136020,24 PARAGANAS NORTH,1.0,0,1415.50941755953,0.0
136044,HYDERABAD,1.0,0,1364.61877219405,0.0
174305,SOUTH,1.0,1,339.410641306488,339.410641306488
171209,SOUTH,1.0,4,298.765684446562,1195.062737786248
814157,24 PARAGANAS NORTH,1.0,1,211.399804665328,211.399804665328
560099,BENGALURU URBAN,1.0,130,15.9171407533552,2069.228297936176
560089,BENGALURU URBAN,1.0,9,24.075514913416,216.679634220744
562125,BENGALURU URBAN,1.0,91,19.2579794132682,1752.476126607406
590005,MUMBAI SUBURBAN,1.0,2,409.604668189728,819.209336379456
580009,BENGALURU URBAN,1.0,5,389.761319998489,1948.806599992445
580025,BENGALURU URBAN,1.0,6,383.982153555295,2303.8929213317697
585314,HYDERABAD,1.0,1,203.289005803742,203.289005803742
431606,HYDERABAD,1.0,9,226.131928883423,2035.187359950807
482005,SOUTH,1.0,8,654.946202187019,5239.569617496152
473110,SOUTH,1.0,2,440.95478598088,881.90957196176
572118,BENGALURU URBAN,1.0,2,67.5082399294086,135.0164798588172
576226,BENGALURU URBAN,1.0,1,316.138723170733,316.138723170733
574115,BENGALURU URBAN,1.0,2,303.939036231928,607.878072463856
574118,BENGALURU URBAN,1.0,7,311.59583586363,2181.17085104541
688005,BENGALURU URBAN,1.0,11,414.388094839687,4558.269043236557
688505,BENGALURU URBAN,1.0,5,412.253904370318,2061.26952185159
688522,BENGALURU URBAN,1.0,2,398.958184409045,797.91636881809
688530,BENGALURU URBAN,1.0,3,387.380625862334,1162.141877587002
688529,BENGALURU URBAN,1.0,3,383.415973307577,1150.247919922731
688531,BENGALURU URBAN,1.0,1,381.738501036741,381.738501036741
683576,BENGALURU URBAN,1.0,2,324.177988189882,648.355976379764
686665,BENGALURU URBAN,1.0,2,362.365637565491,724.731275130982
682311,BENGALURU URBAN,1.0,8,348.595992082591,2788.767936660728
686667,BENGALURU URBAN,1.0,6,352.391983511453,2114.3519010687182
686670,BENGALURU URBAN,1.0,6,347.132000158647,2082.792000951882
683549,BENGALURU URBAN,1.0,3,336.192969865706,1008.578909597118
683545,BENGALURU URBAN,1.0,4,329.592219908318,1318.368879633272
686539,BENGALURU URBAN,1.0,3,395.001614453453,1185.004843360359
682030,BENGALURU URBAN,1.0,84,353.280257038713,29675.54159125189
682508,BENGALURU URBAN,1.0,5,360.04407614273,1800.2203807136498
680741,BENGALURU URBAN,1.0,4,312.618203447868,1250.472813791472
680564,BENGALURU URBAN,1.0,9,322.732801630007,2904.595214670063
680686,BENGALURU URBAN,1.0,3,334.000780063223,1002.002340189669
686602,HYDERABAD,1.0,3,297.106053980166,891.3181619404979
686016,HYDERABAD,1.0,10,295.320149656479,2953.2014965647895
686601,HYDERABAD,1.0,2,297.029199717489,594.058399434978
690507,BENGALURU URBAN,1.0,4,429.559987692892,1718.239950771568
690535,BENGALURU URBAN,1.0,5,438.078064136631,2190.390320683155
690106,BENGALURU URBAN,1.0,3,427.82743853898,1283.48231561694
690103,BENGALURU URBAN,1.0,1,424.816514363388,424.816514363388
691525,BENGALURU URBAN,1.0,4,428.698679904009,1714.794719616036
691004,BENGALURU URBAN,1.0,9,461.966635728838,4157.699721559542
691557,BENGALURU URBAN,1.0,2,441.311558191088,882.623116382176
691540,BENGALURU URBAN,1.0,1,454.971573182276,454.971573182276
689510,BENGALURU URBAN,1.0,6,418.484449584275,2510.9066975056503
689107,BENGALURU URBAN,1.0,1,407.641906806723,407.641906806723
695144,BENGALURU URBAN,1.0,6,476.886183311448,2861.3170998686883
695146,BENGALURU URBAN,1.0,2,471.73453665789,943.46907331578
695612,BENGALURU URBAN,1.0,4,471.534940686244,1886.139762744976
695501,BENGALURU URBAN,1.0,18,505.867191360823,9105.609444494814
695504,BENGALURU URBAN,1.0,3,505.162180088699,1515.486540266097
695523,BENGALURU URBAN,1.0,3,507.387132720958,1522.1613981628739
695564,BENGALURU URBAN,1.0,8,489.601178149447,3916.809425195576
695561,BENGALURU URBAN,1.0,1,476.37221640255,476.37221640255
695027,BENGALURU URBAN,1.0,5,506.713030265027,2533.565151325135
673003,BENGALURU URBAN,1.0,5,272.736784533054,1363.68392266527
673581,BENGALURU URBAN,1.0,1,214.450481843248,214.450481843248
670011,BENGALURU URBAN,1.0,7,266.534902443081,1865.744317101567
673636,BENGALURU URBAN,1.0,3,275.57146922619,826.7144076785701
679339,BENGALURU URBAN,1.0,1,237.436090598518,237.436090598518
679523,BENGALURU URBAN,1.0,3,285.084684490602,855.254053471806
678762,BENGALURU URBAN,1.0,2,279.063014967993,558.126029935986
679102,HYDERABAD,1.0,10,306.955677768832,3069.55677768832
678572,BENGALURU URBAN,1.0,3,275.54086954807,826.62260864421
678574,BENGALURU URBAN,1.0,1,275.54086954807,275.54086954807
678556,BENGALURU URBAN,1.0,2,257.67461333024,515.34922666048
670651,BENGALURU URBAN,1.0,1,221.705431004692,221.705431004692
670691,BENGALURU URBAN,1.0,7,249.002940415601,1743.020582909207
670641,BENGALURU URBAN,1.0,4,256.887234016346,1027.548936065384
676305,BENGALURU URBAN,1.0,1,269.051654869573,269.051654869573
676528,BENGALURU URBAN,1.0,6,270.475445381654,1622.8526722899242
676307,BENGALURU URBAN,1.0,4,286.90462793506,1147.61851174024
673522,BENGALURU URBAN,1.0,6,262.403356163442,1574.4201369806522
403708,SOUTH,1.0,6,6048.84872640028,36293.09235840168
403404,SOUTH,1.0,1,6106.58695500218,6106.58695500218
403114,SOUTH,1.0,8,6059.71192408443,48477.69539267544
415602,MUMBAI SUBURBAN,1.0,1,189.398071050935,189.398071050935
416436,MUMBAI SUBURBAN,1.0,3,314.460076548261,943.380229644783
416529,MUMBAI SUBURBAN,1.0,2,375.808396371186,751.616792742372
421103,MUMBAI SUBURBAN,1.0,6,29.5041924087115,177.025154452269
441111,HYDERABAD,1.0,20,428.70293468013,8574.0586936026
442305,HYDERABAD,1.0,2,344.656398371487,689.312796742974
412405,MUMBAI SUBURBAN,1.0,1,122.447708704278,122.447708704278
413133,MUMBAI SUBURBAN,1.0,2,205.552919468194,411.105838936388
412219,MUMBAI SUBURBAN,1.0,1,191.716762172844,191.716762172844
431109,MUMBAI SUBURBAN,1.0,1,232.508176981043,232.508176981043
171006,SOUTH,1.0,14,289.17191705027,4048.40683870378
173204,SOUTH,1.0,1,264.85372873142,264.85372873142
190015,SOUTH,1.0,16,670.255637795718,10724.090204731488
182312,MUMBAI SUBURBAN,1.0,1,8069.23253237714,8069.23253237714
828203,24 PARAGANAS NORTH,1.0,2,231.932602000729,463.865204001458
815311,24 PARAGANAS NORTH,1.0,1,274.599251504125,274.599251504125
829104,24 PARAGANAS NORTH,1.0,4,416.111622843354,1664.446491373416
829118,24 PARAGANAS NORTH,1.0,2,315.7235716778,631.4471433556
829210,24 PARAGANAS NORTH,1.0,1,360.133909418333,360.133909418333
581339,HYDERABAD,1.0,0,542.467400791372,0.0
571212,HYDERABAD,1.0,0,652.686857267096,0.0
574145,BENGALURU URBAN,1.0,1,285.037752276505,285.037752276505
575013,BENGALURU URBAN,1.0,8,297.170067766362,2377.360542130896
574509,MUMBAI SUBURBAN,1.0,0,711.102534355946,0.0
574226,BENGALURU URBAN,1.0,1,286.97324582402,286.97324582402
574253,BENGALURU URBAN,1.0,3,268.710521990582,806.1315659717459
577412,24 PARAGANAS NORTH,1.0,0,1691.58559342266,0.0
577230,BENGALURU URBAN,1.0,1,242.933265886922,242.933265886922
794101,24 PARAGANAS NORTH,1.0,4,360.949457667887,1443.797830671548
603101,BENGALURU URBAN,1.0,4,253.779555364227,1015.118221456908
603201,SOUTH,1.0,0,1786.63188643284,0.0
603209,BENGALURU URBAN,1.0,13,262.801036270773,3416.413471520049
603319,BENGALURU URBAN,1.0,5,261.891549563629,1309.457747818145
603002,BENGALURU URBAN,1.0,24,264.578304539284,6349.879308942815
603110,BENGALURU URBAN,1.0,7,282.926870442935,1980.488093100545
603003,BENGALURU URBAN,1.0,2,256.862594483794,513.725188967588
604202,BENGALURU URBAN,1.0,1,216.462081616367,216.462081616367
600063,BENGALURU URBAN,1.0,69,267.855704251846,18482.043593377377
641028,BENGALURU URBAN,1.0,21,223.073690915764,4684.5475092310435
641019,BENGALURU URBAN,1.0,3,206.830087096537,620.490261289611
638316,BENGALURU URBAN,1.0,3,166.988298145601,500.964894436803
638453,BENGALURU URBAN,1.0,1,162.920412293076,162.920412293076
759147,24 PARAGANAS NORTH,1.0,6,390.036388764682,2340.218332588092
768225,24 PARAGANAS NORTH,1.0,3,475.424952960433,1426.274858881299
770048,24 PARAGANAS NORTH,1.0,2,333.578852953094,667.157705906188
761215,24 PARAGANAS NORTH,1.0,2,613.427288565993,1226.854577131986
284127,SOUTH,1.0,1,388.886966190614,388.886966190614
212206,SOUTH,1.0,1,569.346345611589,569.346345611589
212404,SOUTH,1.0,6,582.859386549252,3497.156319295512
221401,SOUTH,1.0,8,635.214518963704,5081.716151709632
243403,SOUTH,1.0,3,204.721249785288,614.163749355864
262124,SOUTH,1.0,1,286.234062159368,286.234062159368
140112,SOUTH,1.0,1,283.557629097053,283.557629097053
140901,SOUTH,1.0,9,276.111278071719,2485.001502645471
140308,SOUTH,1.0,22,246.168785248867,5415.713275475075
143117,SOUTH,1.0,0,385.496105611202,0.0
302028,SOUTH,1.0,7,212.591096037595,1488.137672263165
303301,SOUTH,1.0,3,264.002724626381,792.008173879143
303012,SOUTH,1.0,1,6205.96735596661,6205.96735596661
333042,SOUTH,1.0,2,196.862101488489,393.724202976978
342304,SOUTH,1.0,3,476.629599170427,1429.8887975112812
144301,SOUTH,1.0,1,357.05620426235,357.05620426235
144819,SOUTH,1.0,3,381.419779879586,1144.2593396387579
326520,MUMBAI SUBURBAN,1.0,0,698.784317500298,0.0
325223,SOUTH,1.0,1,425.963185937661,425.963185937661
626109,BENGALURU URBAN,1.0,0,371.929880014826,0.0
639006,BENGALURU URBAN,1.0,8,222.78971616943,1782.31772935544
609111,SOUTH,1.0,0,1941.18804876389,0.0
609609,BENGALURU URBAN,1.0,5,328.077597154831,1640.387985774155
609603,BENGALURU URBAN,1.0,1,324.726910570096,324.726910570096
613401,BENGALURU URBAN,1.0,12,289.794337052773,3477.532044633276
620012,BENGALURU URBAN,1.0,4,273.062105784835,1092.24842313934
636140,BENGALURU URBAN,1.0,2,157.757521312099,315.515042624198
636501,BENGALURU URBAN,1.0,1,142.818563877608,142.818563877608
636403,BENGALURU URBAN,1.0,1,128.75017515843,128.75017515843
635852,BENGALURU URBAN,1.0,2,111.06888382705,222.1377676541
641606,SOUTH,1.0,8,1255.27612544158,10042.20900353264
624004,BENGALURU URBAN,1.0,1,284.809501818991,284.809501818991
629203,BENGALURU URBAN,1.0,1,530.543493647523,530.543493647523
629193,BENGALURU URBAN,1.0,1,525.991938822804,525.991938822804
629167,BENGALURU URBAN,1.0,3,520.841832485027,1562.525497455081
627804,BENGALURU URBAN,1.0,1,439.064206145365,439.064206145365
627809,BENGALURU URBAN,1.0,2,441.851013430776,883.702026861552
623522,BENGALURU URBAN,1.0,1,423.659071335587,423.659071335587
623504,BENGALURU URBAN,1.0,0,419.615901653296,0.0
627357,BENGALURU URBAN,1.0,1,457.755873557908,457.755873557908
628801,BENGALURU URBAN,1.0,2,481.147384427273,962.294768854546
626125,BENGALURU URBAN,1.0,10,376.612167037181,3766.12167037181
517551,BENGALURU URBAN,1.0,1,221.033074775195,221.033074775195
522006,HYDERABAD,1.0,70,237.656340190258,16635.94381331806
521125,BENGALURU URBAN,1.0,0,796.532777409554,0.0
521135,HYDERABAD,1.0,1,289.281912796088,289.281912796088
521366,HYDERABAD,1.0,1,308.655058377474,308.655058377474
522317,HYDERABAD,1.0,2,266.881992937616,533.763985875232
522313,HYDERABAD,1.0,1,268.589199436225,268.589199436225
522261,HYDERABAD,1.0,4,275.554587850205,1102.21835140082
520004,HYDERABAD,1.0,27,250.840007071001,6772.680190917027
520013,HYDERABAD,1.0,25,248.371729588398,6209.29323970995
533217,HYDERABAD,1.0,1,383.58375971033,383.58375971033
533213,HYDERABAD,1.0,0,388.126448692507,0.0
533223,HYDERABAD,1.0,2,367.927242905429,735.854485810858
533229,HYDERABAD,1.0,1,368.229627945928,368.229627945928
533249,HYDERABAD,1.0,1,372.695814578202,372.695814578202
533104,HYDERABAD,1.0,12,349.373486806929,4192.481841683148
533124,HYDERABAD,1.0,2,353.352735711523,706.705471423046
530016,HYDERABAD,1.0,66,508.560966855509,33565.023812463594
530001,HYDERABAD,1.0,22,507.208427617717,11158.585407589773
530022,HYDERABAD,1.0,12,510.92903096873,6131.14837162476
530052,HYDERABAD,1.0,4,516.987781626668,2067.951126506672
530015,HYDERABAD,1.0,1,500.140406814987,500.140406814987
785699,24 PARAGANAS NORTH,1.0,4,687.281909006009,2749.127636024036
785704,24 PARAGANAS NORTH,1.0,1,775.403759013329,775.403759013329
781023,24 PARAGANAS NORTH,1.0,4,487.517619749007,1950.070478996028
781006,24 PARAGANAS NORTH,1.0,44,508.911894497643,22392.123357896293
781021,24 PARAGANAS NORTH,1.0,20,511.288816501381,10225.77633002762
781029,24 PARAGANAS NORTH,1.0,29,506.275205799699,14681.98096819127
781036,24 PARAGANAS NORTH,1.0,8,509.394528574483,4075.156228595864
781019,24 PARAGANAS NORTH,1.0,14,506.153808817941,7086.153323451174
781022,24 PARAGANAS NORTH,1.0,34,508.593378372813,17292.174864675642
781004,24 PARAGANAS NORTH,1.0,4,510.724176246465,2042.89670498586
781034,24 PARAGANAS NORTH,1.0,16,504.836182860646,8077.378925770336
781015,24 PARAGANAS NORTH,1.0,5,491.787195761398,2458.93597880699
781013,24 PARAGANAS NORTH,1.0,6,499.698038342707,2998.188230056242
788001,24 PARAGANAS NORTH,1.0,6,502.323128920883,3013.938773525298
788014,24 PARAGANAS NORTH,1.0,1,502.323128920883,502.323128920883
784010,24 PARAGANAS NORTH,1.0,1,616.874029805344,616.874029805344
784028,24 PARAGANAS NORTH,1.0,4,625.21139517025,2500.845580681
851210,MUMBAI SUBURBAN,1.0,0,1531.39943280949,0.0
851117,24 PARAGANAS NORTH,1.0,6,374.433934391505,2246.60360634903
847211,24 PARAGANAS NORTH,1.0,5,462.611148068781,2313.055740343905
854302,24 PARAGANAS NORTH,1.0,1,347.27373328102,347.27373328102
845438,24 PARAGANAS NORTH,1.0,38,608.737568749834,23132.027612493694
812003,24 PARAGANAS NORTH,1.0,4,311.433309615913,1245.733238463652
811307,24 PARAGANAS NORTH,1.0,1,326.947703576285,326.947703576285
803121,24 PARAGANAS NORTH,1.0,1,398.168107387492,398.168107387492
801507,24 PARAGANAS NORTH,1.0,4,462.746128306694,1850.984513226776
800027,24 PARAGANAS NORTH,1.0,14,454.319715190159,6360.476012662226
801506,24 PARAGANAS NORTH,1.0,1,460.33683515389,460.33683515389
821307,24 PARAGANAS NORTH,1.0,9,490.593324781132,4415.339923030188
494661,HYDERABAD,1.0,1,352.354734181474,352.354734181474
490009,HYDERABAD,1.0,3,518.028293258683,1554.084879776049
492009,HYDERABAD,1.0,3,538.449107532648,1615.347322597944
492010,HYDERABAD,1.0,10,507.931949004359,5079.31949004359
492003,HYDERABAD,1.0,2,538.96415930741,1077.92831861482
110051,SOUTH,1.0,68,15.8713917702323,1079.2546403757965
110052,SOUTH,1.0,61,19.0352795712412,1161.1520538457132
110056,SOUTH,1.0,4,20.465543565657,81.862174262628
110004,SOUTH,1.0,1,10.9199777721261,10.9199777721261
110067,SOUTH,1.0,45,4.83235756001957,217.45609020088065
110072,SOUTH,1.0,3,73.4455112745607,220.3365338236821
110064,SOUTH,1.0,63,14.9615597913945,942.5782668578535
110027,SOUTH,1.0,95,16.0935709722371,1528.8892423625246
380009,MUMBAI SUBURBAN,1.0,29,436.534748606579,12659.507709590791
380051,MUMBAI SUBURBAN,1.0,41,433.041365127383,17754.695970222703
380007,MUMBAI SUBURBAN,1.0,73,433.015042743312,31610.098120261777
382480,MUMBAI SUBURBAN,1.0,19,440.36936577224,8367.01794967256
382418,MUMBAI SUBURBAN,1.0,18,432.12138271125,7778.184888802501
382007,MUMBAI SUBURBAN,1.0,25,454.813684078227,11370.342101955675
382030,MUMBAI SUBURBAN,1.0,2,456.731193171084,913.462386342168
384003,MUMBAI SUBURBAN,1.0,2,472.884638234738,945.769276469476
361005,MUMBAI SUBURBAN,1.0,10,472.345895909712,4723.45895909712
361001,MUMBAI SUBURBAN,1.0,15,462.313372226234,6934.70058339351
362570,MUMBAI SUBURBAN,1.0,6,274.191975611323,1645.1518536679382
388306,MUMBAI SUBURBAN,1.0,1,370.577902211634,370.577902211634
431604,HYDERABAD,1.0,3,226.718640790088,680.155922370264
422005,MUMBAI SUBURBAN,1.0,21,130.566237797771,2741.890993753191
422006,MUMBAI SUBURBAN,1.0,16,136.624717191248,2185.995475059968
795001,24 PARAGANAS NORTH,1.0,130,606.880705449268,78894.49170840484
796014,24 PARAGANAS NORTH,1.0,5,453.392620317857,2266.963101589285
799010,24 PARAGANAS NORTH,1.0,2,316.342708694794,632.685417389588
799210,24 PARAGANAS NORTH,1.0,1,325.978580611167,325.978580611167
799008,24 PARAGANAS NORTH,1.0,2,323.031082259388,646.062164518776
799114,24 PARAGANAS NORTH,1.0,1,325.580876199081,325.580876199081
793010,24 PARAGANAS NORTH,1.0,2,471.141096988977,942.282193977954
793003,24 PARAGANAS NORTH,1.0,15,472.137224530134,7082.0583679520105
793021,24 PARAGANAS NORTH,1.0,6,471.141096988977,2826.8465819338617
793009,24 PARAGANAS NORTH,1.0,3,471.141096988977,1413.4232909669308
793014,24 PARAGANAS NORTH,1.0,10,471.141096988977,4711.41096988977
793008,24 PARAGANAS NORTH,1.0,12,471.141096988977,5653.693163867723
793005,24 PARAGANAS NORTH,1.0,2,471.141096988977,942.282193977954
756032,24 PARAGANAS NORTH,1.0,2,162.695954566961,325.391909133922
751015,24 PARAGANAS NORTH,1.0,19,384.513503823996,7305.756572655924
751006,24 PARAGANAS NORTH,1.0,43,382.632732073727,16453.20747917026
751017,24 PARAGANAS NORTH,1.0,13,380.448407779747,4945.829301136711
751029,24 PARAGANAS NORTH,1.0,3,386.89600821295,1160.68802463885
753009,24 PARAGANAS NORTH,1.0,5,366.206156012191,1831.030780060955
755001,24 PARAGANAS NORTH,1.0,6,300.39267635303,1802.35605811818
757042,24 PARAGANAS NORTH,1.0,1,224.199022573008,224.199022573008
757035,24 PARAGANAS NORTH,1.0,1,276.7622522851,276.7622522851
768203,24 PARAGANAS NORTH,1.0,3,462.995408623927,1388.986225871781
768004,24 PARAGANAS NORTH,1.0,11,476.629319029347,5242.922509322817
768002,24 PARAGANAS NORTH,1.0,4,479.201961793463,1916.807847173852
769002,24 PARAGANAS NORTH,1.0,5,367.435544906978,1837.17772453489
769015,24 PARAGANAS NORTH,1.0,14,374.308276346747,5240.315868854458
760006,24 PARAGANAS NORTH,1.0,6,537.48286726371,3224.89720358226
766014,HYDERABAD,1.0,2,537.955488589585,1075.91097717917
160062,SOUTH,1.0,49,447.765563569373,21940.51261489928
160104,SOUTH,1.0,25,246.168785248867,6154.219631221676
160101,SOUTH,1.0,19,246.051907492566,4674.986242358754
160022,SOUTH,1.0,36,248.612685348105,8950.05667253178
141013,SOUTH,1.0,16,292.114710394632,4673.835366314112
141016,SOUTH,1.0,1,288.42853955871,288.42853955871
141106,SOUTH,1.0,2,291.458642756952,582.917285513904
143002,SOUTH,1.0,3,413.860134047403,1241.580402142209
144023,SOUTH,1.0,1,345.462801516753,345.462801516753
324006,SOUTH,1.0,4,396.950780835493,1587.803123341972
331501,SOUTH,1.0,1,295.432307866804,295.432307866804
342011,SOUTH,1.0,6,483.061398035634,2898.368388213804
335701,SOUTH,1.0,1,397.870393732645,397.870393732645
600031,BENGALURU URBAN,1.0,21,289.713393735103,6083.981268437164
603210,BENGALURU URBAN,1.0,25,271.01032546935,6775.25813673375
600094,BENGALURU URBAN,1.0,74,302.586654172987,22391.412408801036
600034,BENGALURU URBAN,1.0,38,308.723755830196,11731.50272154745
600092,BENGALURU URBAN,1.0,78,283.34906321733,22101.22693095174
600030,BENGALURU URBAN,1.0,14,287.016494165505,4018.2309183170696
600102,BENGALURU URBAN,1.0,28,286.258452117422,8015.236659287816
600023,BENGALURU URBAN,1.0,42,287.445029489537,12072.691238560554
600084,BENGALURU URBAN,1.0,15,289.713450084697,4345.701751270455
600010,BENGALURU URBAN,1.0,76,288.738030925263,21944.090350319988
600039,BENGALURU URBAN,1.0,51,290.99471408043,14840.73041810193
600091,BENGALURU URBAN,1.0,142,280.350471870793,39809.767005652604
600088,BENGALURU URBAN,1.0,79,311.997582463323,24647.809014602517
600090,BENGALURU URBAN,1.0,25,279.610246897184,6990.256172429601
600119,BENGALURU URBAN,1.0,80,286.824218171859,22945.93745374872
602003,BENGALURU URBAN,1.0,2,254.057877565801,508.115755131602
605008,BENGALURU URBAN,1.0,43,266.509488991428,11459.908026631403
605005,BENGALURU URBAN,1.0,13,266.746323348266,3467.702203527458
600051,BENGALURU URBAN,1.0,17,308.491464184948,5244.354891144116
600128,BENGALURU URBAN,1.0,23,253.205847970161,5823.734503313703
600116,BENGALURU URBAN,1.0,109,278.315739528745,30336.415608633204
600070,BENGALURU URBAN,1.0,22,275.298072417177,6056.557593177895
600075,BENGALURU URBAN,1.0,28,277.621466703863,7773.401067708164
600131,BENGALURU URBAN,1.0,2,279.100631836388,558.201263672776
632012,BENGALURU URBAN,1.0,4,168.023226360404,672.092905441616
641035,BENGALURU URBAN,1.0,74,216.258193962694,16003.106353239356
641029,BENGALURU URBAN,1.0,16,219.751910180162,3516.030562882592
641012,BENGALURU URBAN,1.0,12,223.753281619508,2685.0393794340957
638006,BENGALURU URBAN,1.0,2,175.311558770928,350.623117541856
635126,BENGALURU URBAN,1.0,14,30.3677650466915,425.148710653681
576220,BENGALURU URBAN,1.0,3,316.924096265671,950.772288797013
688521,BENGALURU URBAN,1.0,2,401.627584796476,803.255169592952
688535,BENGALURU URBAN,1.0,3,367.163635422076,1101.4909062662282
688525,BENGALURU URBAN,1.0,1,393.635558399272,393.635558399272
688528,BENGALURU URBAN,1.0,1,376.738188211542,376.738188211542
683106,BENGALURU URBAN,1.0,8,344.346664102736,2754.773312821888
683550,BENGALURU URBAN,1.0,6,347.214751328601,2083.288507971606
686531,BENGALURU URBAN,1.0,1,396.79749078933,396.79749078933
682033,BENGALURU URBAN,1.0,9,350.150843448543,3151.3575910368872
682037,BENGALURU URBAN,1.0,27,352.365885922377,9513.878919904178
682304,BENGALURU URBAN,1.0,12,360.469568051365,4325.63481661638
682506,BENGALURU URBAN,1.0,11,341.244790756914,3753.692698326054
682557,BENGALURU URBAN,1.0,1,534.579267148127,534.579267148127
685566,BENGALURU URBAN,1.0,4,334.883587800994,1339.534351203976
685584,BENGALURU URBAN,1.0,9,351.181711425158,3160.6354028264223
680711,BENGALURU URBAN,1.0,5,318.745087847204,1593.72543923602
680571,BENGALURU URBAN,1.0,6,320.189225692339,1921.1353541540338
680691,BENGALURU URBAN,1.0,2,332.71682471407,665.43364942814
680570,BENGALURU URBAN,1.0,3,321.476416444023,964.429249332069
686021,BENGALURU URBAN,1.0,1,392.777369411403,392.777369411403
686637,BENGALURU URBAN,1.0,3,382.396352918517,1147.1890587555508
686630,BENGALURU URBAN,1.0,3,382.73681327711,1148.21043983133
686609,BENGALURU URBAN,1.0,1,366.260197812728,366.260197812728
690548,BENGALURU URBAN,1.0,1,424.696709170949,424.696709170949
690107,BENGALURU URBAN,1.0,5,429.388696834858,2146.94348417429
679564,BENGALURU URBAN,1.0,1,306.283542438116,306.283542438116
680511,BENGALURU URBAN,1.0,3,309.899267040369,929.697801121107
680563,BENGALURU URBAN,1.0,11,314.280767895924,3457.088446855164
680641,BENGALURU URBAN,1.0,0,316.395366166869,0.0
680618,BENGALURU URBAN,1.0,5,308.541814649944,1542.70907324972
680008,BENGALURU URBAN,1.0,4,303.930179948071,1215.720719792284
680006,BENGALURU URBAN,1.0,12,308.101478689849,3697.2177442781876
680013,BENGALURU URBAN,1.0,2,303.589007472766,607.178014945532
680014,BENGALURU URBAN,1.0,4,307.096482215829,1228.385928863316
680005,BENGALURU URBAN,1.0,19,306.32226700728,5820.12307313832
680619,BENGALURU URBAN,1.0,1,318.31976316546,318.31976316546
680584,BENGALURU URBAN,1.0,6,294.282006095796,1765.692036574776
680590,BENGALURU URBAN,1.0,3,290.744847138768,872.2345414163041
680587,BENGALURU URBAN,1.0,1,280.429038683545,280.429038683545
691590,BENGALURU URBAN,1.0,1,452.177098980663,452.177098980663
691602,BENGALURU URBAN,1.0,1,457.059132966043,457.059132966043
691016,BENGALURU URBAN,1.0,2,465.464512552829,930.929025105658
691512,BENGALURU URBAN,1.0,4,451.977019577794,1807.908078311176
689547,BENGALURU URBAN,1.0,11,409.922326074886,4509.145586823745
689546,BENGALURU URBAN,1.0,3,412.150617442958,1236.4518523288739
689551,BENGALURU URBAN,1.0,10,411.483259460407,4114.8325946040695
689104,BENGALURU URBAN,1.0,5,410.935349387069,2054.676746935345
695586,BENGALURU URBAN,1.0,24,493.564419140972,11845.546059383329
695318,BENGALURU URBAN,1.0,2,478.979685451244,957.959370902488
695582,BENGALURU URBAN,1.0,28,492.544323551437,13791.241059440235
695017,BENGALURU URBAN,1.0,16,492.820351992841,7885.125631885456
695126,BENGALURU URBAN,1.0,1,503.812740529047,503.812740529047
695030,BENGALURU URBAN,1.0,5,495.247026920854,2476.23513460427
695522,BENGALURU URBAN,1.0,2,505.339045399997,1010.678090799994
695570,BENGALURU URBAN,1.0,1,495.457630038098,495.457630038098
673616,BENGALURU URBAN,1.0,2,261.858262290986,523.716524581972
673301,BENGALURU URBAN,1.0,2,276.282189515075,552.56437903015
673655,BENGALURU URBAN,1.0,5,272.398736573371,1361.9936828668551
670014,BENGALURU URBAN,1.0,4,267.602323590329,1070.409294361316
670002,BENGALURU URBAN,1.0,6,267.602323590329,1605.6139415419739
670591,BENGALURU URBAN,1.0,2,267.602323590329,535.204647180658
670001,BENGALURU URBAN,1.0,26,268.12643986076,6971.28743637976
670331,BENGALURU URBAN,1.0,9,267.602323590329,2408.420912312961
670334,BENGALURU URBAN,1.0,2,261.205184070547,522.410368141094
676505,BENGALURU URBAN,1.0,10,266.825990189011,2668.25990189011
678681,BENGALURU URBAN,1.0,5,278.901949782465,1394.509748912325
678703,BENGALURU URBAN,1.0,2,278.901949782465,557.80389956493
678011,BENGALURU URBAN,1.0,1,258.60638725792,258.60638725792
678502,BENGALURU URBAN,1.0,1,258.60638725792,258.60638725792
678623,BENGALURU URBAN,1.0,6,258.60638725792,1551.63832354752
670106,BENGALURU URBAN,1.0,2,262.432044291956,524.864088583912
673313,BENGALURU URBAN,1.0,1,262.432044291956,262.432044291956
670101,BENGALURU URBAN,1.0,5,263.088753807195,1315.443769035975
676107,BENGALURU URBAN,1.0,4,288.032125704615,1152.12850281846
676510,BENGALURU URBAN,1.0,4,278.388508324849,1113.554033299396
676105,BENGALURU URBAN,1.0,3,265.505600591576,796.516801774728
676101,BENGALURU URBAN,1.0,6,288.386753013054,1730.3205180783239
673309,BENGALURU URBAN,1.0,2,260.469621257883,520.939242515766
481449,HYDERABAD,1.0,1,482.604891298567,482.604891298567
481105,HYDERABAD,1.0,2,516.199641518783,1032.399283037566
481331,24 PARAGANAS NORTH,1.0,0,866.277545004449,0.0
462037,SOUTH,1.0,2,581.197442628547,1162.394885257094
462024,SOUTH,1.0,14,591.423562773035,8279.92987882249
461661,HYDERABAD,1.0,1,595.930656966493,595.930656966493
461223,HYDERABAD,1.0,1,567.256373449236,567.256373449236
461111,HYDERABAD,1.0,6,580.526078566351,3483.156471398106
487221,HYDERABAD,1.0,2,612.954823393742,1225.909646787484
487110,HYDERABAD,1.0,1,615.769119249458,615.769119249458
484117,HYDERABAD,1.0,1,614.939439813624,614.939439813624
452013,MUMBAI SUBURBAN,1.0,3,498.386746833128,1495.160240499384
452014,MUMBAI SUBURBAN,1.0,10,503.770238597813,5037.702385978129
452010,MUMBAI SUBURBAN,1.0,135,509.879436164528,68833.72388221128
474004,SOUTH,1.0,5,277.361211597232,1386.8060579861599
474007,SOUTH,1.0,1,277.361211597232,277.361211597232
403716,MUMBAI SUBURBAN,1.0,12,443.209025779448,5318.508309353376
403709,MUMBAI SUBURBAN,1.0,17,443.366802482524,7537.235642202908
403724,MUMBAI SUBURBAN,1.0,2,448.378528160586,896.757056321172
403202,MUMBAI SUBURBAN,1.0,11,420.113412253984,4621.247534793824
403529,MUMBAI SUBURBAN,1.0,2,410.127596186081,820.255192372162
403103,MUMBAI SUBURBAN,1.0,4,440.39277975293,1761.57111901172
416115,MUMBAI SUBURBAN,1.0,22,318.346465805339,7003.622247717458
416013,MUMBAI SUBURBAN,1.0,6,309.65097223323,1857.9058333993798
416005,MUMBAI SUBURBAN,1.0,7,305.924306240012,2141.470143680084
416011,MUMBAI SUBURBAN,1.0,1,306.527103083056,306.527103083056
416119,MUMBAI SUBURBAN,1.0,2,308.408942419548,616.817884839096
416006,MUMBAI SUBURBAN,1.0,3,302.630625598002,907.891876794006
416526,MUMBAI SUBURBAN,1.0,1,359.497023033606,359.497023033606
400029,MUMBAI SUBURBAN,1.0,16,5.11731371199461,81.87701939191376
400054,MUMBAI SUBURBAN,1.0,47,6.46926712149849,304.055554710429
400042,MUMBAI SUBURBAN,1.0,75,6.83715975000634,512.7869812504755
400076,MUMBAI SUBURBAN,1.0,111,4.50561732604028,500.1235231904711
400077,MUMBAI SUBURBAN,1.0,55,5.68379716605025,312.60884413276375
400066,MUMBAI SUBURBAN,1.0,139,11.9562400436619,1661.9173660690042
400068,MUMBAI SUBURBAN,1.0,170,13.9673437370974,2374.4484353065577
400101,MUMBAI SUBURBAN,1.0,282,9.28887849681487,2619.4637361017935
400017,MUMBAI SUBURBAN,1.0,23,9.11560160754125,209.65883697344873
410222,MUMBAI SUBURBAN,1.0,7,41.1019185022931,287.71342951605175
402125,MUMBAI SUBURBAN,1.0,1,64.9659514708782,64.9659514708782
421203,MUMBAI SUBURBAN,1.0,28,26.0812099529157,730.2738786816396
421201,MUMBAI SUBURBAN,1.0,205,33.4334636179492,6853.860041679586
421005,MUMBAI SUBURBAN,1.0,5,30.9638514479361,154.8192572396805
421202,MUMBAI SUBURBAN,1.0,117,24.2063338442427,2832.1410597763957
400602,MUMBAI SUBURBAN,1.0,55,13.6096332901763,748.5298309596965
421101,MUMBAI SUBURBAN,1.0,2,41.2554070563012,82.5108141126024
400603,MUMBAI SUBURBAN,1.0,44,12.3961589198784,545.4309924746497
401101,MUMBAI SUBURBAN,1.0,53,19.7612449093915,1047.3459801977494
401209,MUMBAI SUBURBAN,1.0,63,33.8453669001247,2132.2581147078563
401305,MUMBAI SUBURBAN,1.0,28,38.7808992022517,1085.8651776630477
444606,HYDERABAD,1.0,16,394.080722427686,6305.291558842976
444607,HYDERABAD,1.0,5,392.32226932577,1961.6113466288498
440014,HYDERABAD,1.0,18,419.64914980543,7553.68469649774
440034,HYDERABAD,1.0,28,411.321715209674,11517.008025870871
440030,HYDERABAD,1.0,30,419.434925749004,12583.04777247012
440006,HYDERABAD,1.0,7,417.497698400928,2922.483888806496
440022,HYDERABAD,1.0,56,413.705931330778,23167.532154523567
442111,HYDERABAD,1.0,0,371.41550650572,0.0
411027,MUMBAI SUBURBAN,1.0,187,114.806931823202,21468.896250938775
411026,MUMBAI SUBURBAN,1.0,12,114.897795481551,1378.773545778612
411037,MUMBAI SUBURBAN,1.0,90,126.130213708473,11351.71923376257
411004,MUMBAI SUBURBAN,1.0,41,121.957726304012,5000.266778464492
411051,MUMBAI SUBURBAN,1.0,40,123.345657554663,4933.8263021865205
411043,MUMBAI SUBURBAN,1.0,39,126.414170436031,4930.152647005209
411052,MUMBAI SUBURBAN,1.0,55,121.641381403534,6690.27597719437
411009,MUMBAI SUBURBAN,1.0,29,124.396601141853,3607.5014331137368
414609,MUMBAI SUBURBAN,1.0,1,223.294566766912,223.294566766912
413713,MUMBAI SUBURBAN,1.0,2,174.715115388518,349.430230777036
422608,MUMBAI SUBURBAN,1.0,1,147.893310902103,147.893310902103
413003,SOUTH,1.0,10,6131.36936584145,61313.6936584145
413007,HYDERABAD,1.0,1,277.998549355575,277.998549355575
425308,MUMBAI SUBURBAN,1.0,2,382.578217595854,765.156435191708
425305,MUMBAI SUBURBAN,1.0,4,380.37731627835,1521.5092651134
425107,MUMBAI SUBURBAN,1.0,4,345.3184293588,1381.2737174352
712306,24 PARAGANAS NORTH,1.0,1,13.52520994344,13.52520994344
712139,24 PARAGANAS NORTH,1.0,0,10.0168288130754,0.0
721147,24 PARAGANAS NORTH,1.0,3,112.315569118664,336.946707355992
723146,24 PARAGANAS NORTH,1.0,1,217.678913097675,217.678913097675
721607,24 PARAGANAS NORTH,1.0,7,90.281945220975,631.973616546825
721148,24 PARAGANAS NORTH,1.0,1,165.913015541402,165.913015541402
508116,HYDERABAD,1.0,5,41.1831190547893,205.9155952739465
503001,HYDERABAD,1.0,36,143.478189499466,5165.214821980776
502220,HYDERABAD,1.0,9,99.3314163516349,893.982747164714
500015,HYDERABAD,1.0,98,3.74500729727327,367.0107151327805
515201,BENGALURU URBAN,1.0,3,99.5258437392603,298.5775312177809
524101,BENGALURU URBAN,1.0,22,279.420966665464,6147.261266640207
507001,HYDERABAD,1.0,20,182.639736665038,3652.7947333007596
523240,HYDERABAD,1.0,1,235.952371314962,235.952371314962
533255,HYDERABAD,1.0,3,379.763938725454,1139.291816176362
532185,HYDERABAD,1.0,1,579.69897276541,579.69897276541
787001,24 PARAGANAS NORTH,1.0,7,759.605321623402,5317.237251363814
781014,24 PARAGANAS NORTH,1.0,12,500.729426037207,6008.753112446484
382721,MUMBAI SUBURBAN,1.0,10,459.53692462091,4595.3692462091
383001,MUMBAI SUBURBAN,1.0,21,498.128252391444,10460.693300220324
125055,SOUTH,1.0,15,240.452506643637,3606.787599654555
176310,SOUTH,1.0,22,460.772576231468,10136.996677092297
184101,SOUTH,1.0,9,457.142972877841,4114.286755900569
827001,24 PARAGANAS NORTH,1.0,16,251.890441679077,4030.247066865232
833201,24 PARAGANAS NORTH,1.0,17,267.974040432379,4555.5586873504435
585201,HYDERABAD,1.0,2,165.080386362176,330.160772724352
575005,BENGALURU URBAN,1.0,15,293.35403464532,4400.3105196798
571440,BENGALURU URBAN,1.0,3,100.159419532031,300.478258596093
686507,BENGALURU URBAN,1.0,2,385.645951762181,771.291903524362
685508,BENGALURU URBAN,1.0,1,357.256501477874,357.256501477874
680582,BENGALURU URBAN,1.0,1,292.026783712341,292.026783712341
691523,BENGALURU URBAN,1.0,3,430.356795714234,1291.070387142702
691305,BENGALURU URBAN,1.0,3,441.831966324611,1325.495898973833
689121,BENGALURU URBAN,1.0,6,415.915242134478,2495.491452806868
695121,BENGALURU URBAN,1.0,10,506.599760670512,5065.99760670512
673121,BENGALURU URBAN,1.0,10,219.859354291374,2198.59354291374
670141,BENGALURU URBAN,1.0,7,261.205184070547,1828.436288493829
671121,BENGALURU URBAN,1.0,10,285.529042191145,2855.29042191145
678002,BENGALURU URBAN,1.0,4,258.60638725792,1034.42554903168
673101,BENGALURU URBAN,1.0,9,262.74915805726,2364.74242251534
481001,HYDERABAD,1.0,15,516.208641945939,7743.129629189085
797001,24 PARAGANAS NORTH,1.0,21,662.16765850269,13905.52082855649
799250,24 PARAGANAS NORTH,1.0,3,422.499897944343,1267.499693833029
794001,24 PARAGANAS NORTH,1.0,27,356.553190789304,9626.936151311207
756100,24 PARAGANAS NORTH,1.0,4,273.01712931726,1092.06851726904
754029,24 PARAGANAS NORTH,1.0,1,380.92158645167,380.92158645167
754103,24 PARAGANAS NORTH,1.0,6,362.302068587085,2173.81241152251
761200,HYDERABAD,1.0,6,606.880459796168,3641.282758777008
143401,SOUTH,1.0,4,394.221340727759,1576.885362911036
632401,BENGALURU URBAN,1.0,7,189.730041170909,1328.110288196363
605001,BENGALURU URBAN,1.0,35,268.81308541308,9408.4579894578
642126,BENGALURU URBAN,1.0,6,263.982090750617,1583.8925445037019
630561,BENGALURU URBAN,1.0,3,356.4037400425,1069.2112201275
625601,BENGALURU URBAN,1.0,7,314.253978234667,2199.777847642669
628215,BENGALURU URBAN,1.0,3,496.782870052885,1490.348610158655
605757,BENGALURU URBAN,1.0,2,206.585084682294,413.170169364588
207001,SOUTH,1.0,7,177.32264724366,1241.25853070562
271801,SOUTH,1.0,19,442.181180435549,8401.44242827543
201001,SOUTH,1.0,97,26.0252675512982,2524.4509524759255
700124,24 PARAGANAS NORTH,1.0,27,9.78367918028939,264.1593378678135
734101,24 PARAGANAS NORTH,1.0,22,475.491316306518,10460.808958743397
735221,24 PARAGANAS NORTH,1.0,1,457.459374544554,457.459374544554
713130,24 PARAGANAS NORTH,1.0,1,101.936610060315,101.936610060315
504303,HYDERABAD,1.0,1,188.701036493826,188.701036493826
506004,HYDERABAD,1.0,10,122.652575701177,1226.52575701177
505326,HYDERABAD,1.0,5,154.492160117557,772.460800587785
502101,HYDERABAD,1.0,2,75.0888163936692,150.1776327873384
502278,HYDERABAD,1.0,7,47.1805005675203,330.26350397264207
502329,HYDERABAD,1.0,1,39.2084465864509,39.2084465864509
509207,HYDERABAD,1.0,2,63.6346389441201,127.2692778882402
509217,HYDERABAD,1.0,3,3.25733211361912,9.77199634085736
500045,HYDERABAD,1.0,57,9.08218368241499,517.6844698976545
500073,HYDERABAD,1.0,51,7.31788687317687,373.2122305320204
500046,HYDERABAD,1.0,40,20.0455621161524,801.822484646096
500053,HYDERABAD,1.0,51,12.9447179708647,660.1806165140997
500024,HYDERABAD,1.0,29,8.04499918845732,233.30497646526229
500112,HYDERABAD,1.0,1,15.5727445640612,15.5727445640612
500027,HYDERABAD,1.0,37,5.87642492388142,217.42772218361256
500076,HYDERABAD,1.0,76,4.40513868702504,334.79054021390306
500035,HYDERABAD,1.0,163,8.97401103001885,1462.7637978930727
500062,HYDERABAD,1.0,128,57.1721037950478,7318.029285766119
500007,HYDERABAD,1.0,36,3.74143809448931,134.69177140161517
500010,HYDERABAD,1.0,184,6.75441719584767,1242.8127640359712
500055,HYDERABAD,1.0,127,11.2269262435243,1425.819632927586
500009,HYDERABAD,1.0,56,3.72667672387718,208.69389653712207
500072,HYDERABAD,1.0,439,12.3909166086746,5439.612391208149
500090,HYDERABAD,1.0,400,15.0464587030745,6018.5834812298
516150,BENGALURU URBAN,1.0,2,221.652180658439,443.304361316878
516110,BENGALURU URBAN,1.0,1,226.954006774948,226.954006774948
515231,BENGALURU URBAN,1.0,8,118.25689134655,946.0551307724
515212,BENGALURU URBAN,1.0,2,102.901627539934,205.803255079868
518360,HYDERABAD,1.0,2,216.036963801633,432.073927603266
518405,HYDERABAD,1.0,2,187.745299689847,375.490599379694
518004,HYDERABAD,1.0,5,202.825003680744,1014.12501840372
518003,HYDERABAD,1.0,14,186.680602019093,2613.528428267302
523316,HYDERABAD,1.0,8,205.844633749859,1646.757069998872
517583,BENGALURU URBAN,1.0,11,220.410902424419,2424.519926668609
274602,24 PARAGANAS NORTH,1.0,2,595.514980926039,1191.029961852078
209504,SOUTH,1.0,1,234.945187834906,234.945187834906
208020,SOUTH,1.0,12,374.223121845679,4490.677462148147
226013,SOUTH,1.0,9,405.910939889957,3653.1984590096126
394518,MUMBAI SUBURBAN,1.0,3,230.648007724309,691.944023172927
395004,MUMBAI SUBURBAN,1.0,16,233.22868211183,3731.65891378928
395002,MUMBAI SUBURBAN,1.0,13,228.381990827152,2968.9658807529763
394101,MUMBAI SUBURBAN,1.0,10,230.648007724309,2306.48007724309
390013,MUMBAI SUBURBAN,1.0,12,355.060677184715,4260.72812621658
390012,MUMBAI SUBURBAN,1.0,35,355.060677184715,12427.123701465025
390024,MUMBAI SUBURBAN,1.0,18,359.079831598257,6463.436968768626
390021,MUMBAI SUBURBAN,1.0,57,355.060677184715,20238.458599528756
396002,MUMBAI SUBURBAN,1.0,1,163.633164894995,163.633164894995
134107,SOUTH,1.0,9,246.741871454935,2220.676843094415
133302,SOUTH,1.0,8,202.902848623451,1623.222788987608
133207,SOUTH,1.0,2,194.695830504447,389.391661008894
121008,SOUTH,1.0,40,16.8890527904686,675.562111618744
121005,SOUTH,1.0,20,18.4940656075527,369.881312151054
121012,SOUTH,1.0,5,16.8890527904686,84.445263952343
122002,SOUTH,1.0,251,12.8602245904988,3227.916372215199
122007,SOUTH,1.0,4,19.612632015333,78.450528061332
122051,SOUTH,1.0,13,34.3130670161229,446.0698712095977
122107,SOUTH,1.0,2,127.86358855463,255.72717710926
123106,SOUTH,1.0,14,52.44129584144,734.17814178016
125201,SOUTH,1.0,2,261.532026351061,523.064052702122
125076,SOUTH,1.0,1,256.527538968572,256.527538968572
176304,SOUTH,1.0,4,462.082082039943,1848.328328159772
176218,SOUTH,1.0,1,418.121238561008,418.121238561008
171218,SOUTH,1.0,1,277.874241135222,277.874241135222
171010,SOUTH,1.0,1,282.990892878115,282.990892878115
180012,SOUTH,1.0,7,516.379852050254,3614.658964351778
180016,SOUTH,1.0,1,518.905191520079,518.905191520079
180019,SOUTH,1.0,2,521.370566511646,1042.741133023292
190011,SOUTH,1.0,13,657.756197543316,8550.83056806311
190005,SOUTH,1.0,8,654.24518285404,5233.96146283232
827003,24 PARAGANAS NORTH,1.0,1,251.886931224514,251.886931224514
827004,24 PARAGANAS NORTH,1.0,21,251.815979585371,5288.135571292791
829116,24 PARAGANAS NORTH,1.0,1,280.383016102934,280.383016102934
835215,24 PARAGANAS NORTH,1.0,6,311.580940873668,1869.485645242008
814101,24 PARAGANAS NORTH,1.0,17,202.698819062826,3445.879924068042
833213,24 PARAGANAS NORTH,1.0,1,316.680283630542,316.680283630542
831009,24 PARAGANAS NORTH,1.0,20,223.40477180909,4468.0954361818
831011,24 PARAGANAS NORTH,1.0,33,228.953490704833,7555.465193259489
560093,BENGALURU URBAN,1.0,138,9.45473850385203,1304.75391353158
560036,BENGALURU URBAN,1.0,209,14.0267414486155,2931.5889627606393
560017,BENGALURU URBAN,1.0,138,99.47095021757,13726.99113002466
560075,BENGALURU URBAN,1.0,152,100.453188702093,15268.884682718137
560087,BENGALURU URBAN,1.0,212,17.8640550964435,3787.1796804460223
560063,BENGALURU URBAN,1.0,16,21.549275538171,344.788408610736
560094,BENGALURU URBAN,1.0,111,11.4255582369555,1268.2369643020604
560045,BENGALURU URBAN,1.0,75,11.5562949721381,866.7221229103575
560033,BENGALURU URBAN,1.0,75,51.7666908898017,3882.5018167351277
560030,BENGALURU URBAN,1.0,45,2.577429827573,115.984342240785
560078,BENGALURU URBAN,1.0,419,2.71426009065891,1137.2749779860833
560041,BENGALURU URBAN,1.0,50,1.55440073787932,77.72003689396601
560081,BENGALURU URBAN,1.0,4,19.9638373821522,79.8553495286088
560091,BENGALURU URBAN,1.0,137,11.8614947697759,1625.0247834592983
560054,BENGALURU URBAN,1.0,97,10.6473063029297,1032.788711384181
560009,BENGALURU URBAN,1.0,6,4.11867161008331,24.71202966049986
560055,BENGALURU URBAN,1.0,30,8.39418305050019,251.82549151500572
560096,BENGALURU URBAN,1.0,46,9.76699598734213,449.28181541773796
590017,MUMBAI SUBURBAN,1.0,2,401.065144174445,802.13028834889
585403,HYDERABAD,1.0,7,117.742841829206,824.199892804442
585330,HYDERABAD,1.0,3,151.153892176803,453.461676530409
581103,BENGALURU URBAN,1.0,1,413.518235784718,413.518235784718
580026,BENGALURU URBAN,1.0,1,383.858047030803,383.858047030803
591307,MUMBAI SUBURBAN,1.0,10,388.16223010207,3881.6223010207
581396,BENGALURU URBAN,1.0,1,412.590736928905,412.590736928905
581363,MUMBAI SUBURBAN,1.0,2,412.223894727265,824.44778945453
581365,BENGALURU URBAN,1.0,1,428.961384055119,428.961384055119
581329,BENGALURU URBAN,1.0,5,300.044359676787,1500.221798383935
581359,BENGALURU URBAN,1.0,3,382.778539360708,1148.335618082124
577001,BENGALURU URBAN,1.0,2,248.02374414613,496.04748829226
577003,BENGALURU URBAN,1.0,2,247.577174548203,495.154349096406
571247,BENGALURU URBAN,1.0,1,230.457136299758,230.457136299758
571419,BENGALURU URBAN,1.0,1,71.8463951493607,71.8463951493607
571463,BENGALURU URBAN,1.0,1,95.908938927624,95.908938927624
571429,BENGALURU URBAN,1.0,2,68.7076518187331,137.4153036374662
571606,BENGALURU URBAN,1.0,1,112.382574885398,112.382574885398
575016,BENGALURU URBAN,1.0,4,293.386810944502,1173.547243778008
575002,BENGALURU URBAN,1.0,54,295.769757831091,15971.566922878914
570016,BENGALURU URBAN,1.0,25,122.605652628543,3065.141315713575
570015,BENGALURU URBAN,1.0,11,120.31567276578,1323.47240042358
570030,BENGALURU URBAN,1.0,4,126.264120907523,505.056483630092
571104,BENGALURU URBAN,1.0,2,180.938380306466,361.876760612932
571114,BENGALURU URBAN,1.0,2,124.994201902153,249.988403804306
571107,BENGALURU URBAN,1.0,1,174.019820673814,174.019820673814
571439,BENGALURU URBAN,1.0,2,98.852247517849,197.704495035698
571122,BENGALURU URBAN,1.0,3,102.111741577758,306.335224733274
228118,SOUTH,1.0,2,541.004997294007,1082.009994588014
700126,24 PARAGANAS NORTH,1.0,27,4.89612013424722,132.19524362467496
700125,24 PARAGANAS NORTH,1.0,4,11.7530969021754,47.0123876087016
743428,24 PARAGANAS NORTH,1.0,1,41.4986076437687,41.4986076437687
731235,24 PARAGANAS NORTH,1.0,5,124.890588782386,624.45294391193
742224,24 PARAGANAS NORTH,1.0,1,211.573004910517,211.573004910517
741509,24 PARAGANAS NORTH,1.0,1,77.2193154052244,77.2193154052244
700138,24 PARAGANAS NORTH,1.0,2,43.4063188166587,86.8126376333174
736182,24 PARAGANAS NORTH,1.0,5,463.27074954798,2316.3537477399
734010,24 PARAGANAS NORTH,1.0,11,438.30594434767,4821.3653878243695
734009,24 PARAGANAS NORTH,1.0,8,448.843110488297,3590.744883906376
732142,24 PARAGANAS NORTH,1.0,2,280.436436743309,560.872873486618
713333,24 PARAGANAS NORTH,1.0,3,191.119716486517,573.359149459551
713337,24 PARAGANAS NORTH,1.0,1,168.184274822207,168.184274822207
713401,24 PARAGANAS NORTH,1.0,1,54.1933442228352,54.1933442228352
713519,24 PARAGANAS NORTH,1.0,2,64.2206698241457,128.4413396482914
250621,SOUTH,1.0,0,69.842334484067,0.0
277506,24 PARAGANAS NORTH,1.0,2,548.01789569777,1096.03579139554
643105,BENGALURU URBAN,1.0,1,196.780011927546,196.780011927546
636002,BENGALURU URBAN,1.0,4,155.064299363566,620.257197454264
636454,BENGALURU URBAN,1.0,1,135.070275374258,135.070275374258
635814,BENGALURU URBAN,1.0,1,123.91565471124,123.91565471124
624204,BENGALURU URBAN,1.0,1,301.945919612657,301.945919612657
629202,BENGALURU URBAN,1.0,1,535.968063515099,535.968063515099
629004,BENGALURU URBAN,1.0,19,531.035969906617,10089.683428225722
629804,BENGALURU URBAN,1.0,2,524.956538052967,1049.913076105934
629155,BENGALURU URBAN,1.0,1,517.359766155306,517.359766155306
627005,BENGALURU URBAN,1.0,5,470.986569513411,2354.932847567055
627003,BENGALURU URBAN,1.0,2,467.751985818103,935.503971636206
628216,BENGALURU URBAN,1.0,5,494.479243677587,2472.3962183879353
607803,BENGALURU URBAN,1.0,11,255.93255600047,2815.25811600517
607108,BENGALURU URBAN,1.0,1,247.93093234829,247.93093234829
609314,BENGALURU URBAN,1.0,2,345.331943245436,690.663886490872
610005,BENGALURU URBAN,1.0,1,324.130295384,324.130295384
621801,BENGALURU URBAN,1.0,1,262.648519216739,262.648519216739
620024,BENGALURU URBAN,1.0,4,281.28466106632,1125.13864426528
284135,SOUTH,1.0,5,372.673467396436,1863.3673369821802
281003,SOUTH,1.0,11,120.41040918988,1324.51450108868
232325,24 PARAGANAS NORTH,1.0,1,581.240328516093,581.240328516093
275202,24 PARAGANAS NORTH,1.0,2,607.268509209559,1214.537018419118
275203,24 PARAGANAS NORTH,1.0,2,608.100572704299,1216.201145408598
275204,24 PARAGANAS NORTH,1.0,1,609.94625695614,609.94625695614
233305,24 PARAGANAS NORTH,1.0,1,587.467996570246,587.467996570246
221103,24 PARAGANAS NORTH,1.0,2,619.771294068717,1239.542588137434
250003,SOUTH,1.0,5,71.7918715329964,358.959357664982
244928,SOUTH,1.0,1,190.725339130472,190.725339130472
274801,24 PARAGANAS NORTH,1.0,1,646.188490049673,646.188490049673
273009,SOUTH,1.0,1,638.176668147588,638.176668147588
273017,SOUTH,1.0,2,639.413107406956,1278.826214813912
208011,SOUTH,1.0,42,384.690979024093,16157.021119011906
208027,SOUTH,1.0,40,384.0951170742,15363.804682968
208007,SOUTH,1.0,22,391.287146989489,8608.317233768757
208005,SOUTH,1.0,15,380.564906316496,5708.47359474744
201004,SOUTH,1.0,3,29.2352184237084,87.7056552711252
201010,SOUTH,1.0,189,20.6607928730326,3904.8898530031615
201007,SOUTH,1.0,29,22.8443554458537,662.4863079297573
201302,SOUTH,1.0,3,10.9782033955817,32.9346101867451
226015,SOUTH,1.0,14,412.490799134446,5774.871187882243
226019,SOUTH,1.0,3,418.306240741267,1254.918722223801
229406,SOUTH,1.0,11,471.689687095191,5188.586558047101
227817,SOUTH,1.0,4,485.529985280401,1942.119941121604
248195,SOUTH,1.0,4,217.14433603271,868.57734413084
248011,SOUTH,1.0,6,212.616052799331,1275.696316795986
249202,SOUTH,1.0,8,200.096394316702,1600.771154533616
249405,SOUTH,1.0,4,163.108150991252,652.432603965008
263151,SOUTH,1.0,2,243.375572790091,486.751145580182
700061,24 PARAGANAS NORTH,1.0,43,34.4700070323922,1482.2103023928648
700086,24 PARAGANAS NORTH,1.0,17,31.6327189585254,537.7562222949317
700012,24 PARAGANAS NORTH,1.0,11,22.3670798117745,246.03787792951948
700013,24 PARAGANAS NORTH,1.0,5,22.9219346413607,114.6096732068035
700021,24 PARAGANAS NORTH,1.0,5,42.5160085106726,212.580042553363
700017,24 PARAGANAS NORTH,1.0,42,25.1578036790215,1056.627754518903
700090,24 PARAGANAS NORTH,1.0,13,31.7693752418396,413.00187814391484
742407,24 PARAGANAS NORTH,1.0,2,148.313923157101,296.627846314202
742236,24 PARAGANAS NORTH,1.0,3,10.436775278055,31.310325834165
743123,24 PARAGANAS NORTH,1.0,1,123.799236821267,123.799236821267
700058,24 PARAGANAS NORTH,1.0,4,9.27260852314967,37.09043409259868
700079,24 PARAGANAS NORTH,1.0,20,14.3039815698788,286.079631397576
700134,24 PARAGANAS NORTH,1.0,1,44.8369485844305,44.8369485844305
700049,24 PARAGANAS NORTH,1.0,22,11.8732888429491,261.2123545448802
700112,24 PARAGANAS NORTH,1.0,6,5.42874333490819,32.57246000944914
700084,24 PARAGANAS NORTH,1.0,82,32.7983373454856,2689.4636623298193
700142,24 PARAGANAS NORTH,1.0,1,51.1048731846853,51.1048731846853
744107,24 PARAGANAS NORTH,1.0,10,1312.77027537292,13127.7027537292
744302,24 PARAGANAS NORTH,1.0,3,1849.65512826272,5548.96538478816
744112,24 PARAGANAS NORTH,1.0,10,1337.21346444114,13372.1346444114
744103,24 PARAGANAS NORTH,1.0,36,1317.6179621781,47434.2466384116
734105,24 PARAGANAS NORTH,1.0,1,477.446351409601,477.446351409601
734004,24 PARAGANAS NORTH,1.0,17,437.95777064008,7445.28210088136
734012,24 PARAGANAS NORTH,1.0,8,436.539380248206,3492.315041985648
734002,24 PARAGANAS NORTH,1.0,4,438.455418296779,1753.821673187116
713341,24 PARAGANAS NORTH,1.0,0,193.641046951782,0.0
713208,24 PARAGANAS NORTH,1.0,1,143.762694401376,143.762694401376
722183,24 PARAGANAS NORTH,1.0,5,133.049067228562,665.24533614281
712233,24 PARAGANAS NORTH,1.0,6,10.5904876818569,63.542926091141396
711110,SOUTH,1.0,5,383.650776334402,1918.25388167201
711102,24 PARAGANAS NORTH,1.0,31,23.7130963816869,735.1059878322939
711317,24 PARAGANAS NORTH,1.0,1,21.7311347435218,21.7311347435218
711108,24 PARAGANAS NORTH,1.0,2,30.8462928911181,61.6925857822362
721303,24 PARAGANAS NORTH,1.0,1,131.372817765165,131.372817765165
721132,24 PARAGANAS NORTH,1.0,7,131.815363766464,922.707546365248
721171,24 PARAGANAS NORTH,1.0,1,71.8967351292278,71.8967351292278
523166,HYDERABAD,1.0,1,267.90406937746,267.90406937746
523168,HYDERABAD,1.0,2,259.650654361168,519.301308722336
521139,HYDERABAD,1.0,1,258.260821405843,258.260821405843
362265,MUMBAI SUBURBAN,1.0,8,331.599991251528,2652.799930012224
393002,MUMBAI SUBURBAN,1.0,11,275.095126894172,3026.046395835892
505527,BENGALURU URBAN,1.0,0,627.99285655504,0.0
530028,HYDERABAD,1.0,7,503.23737577849,3522.66163044943
782427,24 PARAGANAS NORTH,1.0,2,579.934594658166,1159.869189316332
502305,HYDERABAD,1.0,2,36.2531286279876,72.5062572559752
176048,SOUTH,1.0,1,347.84048760033,347.84048760033
175136,SOUTH,1.0,1,404.214228568148,404.214228568148
171013,SOUTH,1.0,5,289.172442315109,1445.862211575545
786126,24 PARAGANAS NORTH,1.0,3,873.12302023425,2619.36906070275
783371,24 PARAGANAS NORTH,1.0,2,508.128740677793,1016.257481355586
784177,24 PARAGANAS NORTH,1.0,1,641.878227685076,641.878227685076
784501,24 PARAGANAS NORTH,1.0,4,616.315536776161,2465.262147104644
842003,24 PARAGANAS NORTH,1.0,4,483.859399626469,1935.437598505876
506015,HYDERABAD,1.0,6,130.624358448905,783.7461506934301
182320,SOUTH,1.0,1,536.663747096762,536.663747096762
411062,MUMBAI SUBURBAN,1.0,27,107.705447483356,2908.047082050612
411046,MUMBAI SUBURBAN,1.0,118,127.073252057105,14994.64374273839
413712,MUMBAI SUBURBAN,1.0,1,178.323769221078,178.323769221078
560090,BENGALURU URBAN,1.0,40,19.0698334740456,762.7933389618239
422222,MUMBAI SUBURBAN,1.0,1,139.551936871832,139.551936871832
403516,SOUTH,1.0,26,6103.62028527506,158694.12741715155
403110,SOUTH,1.0,8,6023.58684865843,48188.69478926744
401304,MUMBAI SUBURBAN,1.0,1,32.3710171470958,32.3710171470958
576225,BENGALURU URBAN,1.0,1,313.406339042632,313.406339042632
683561,BENGALURU URBAN,1.0,14,344.244173980843,4819.418435731803
683110,BENGALURU URBAN,1.0,9,343.438917218114,3090.950254963026
686521,BENGALURU URBAN,1.0,1,390.209595831283,390.209595831283
682504,BENGALURU URBAN,1.0,2,357.566418595993,715.132837191986
682021,BENGALURU URBAN,1.0,66,347.479972815953,22933.678205852895
680668,BENGALURU URBAN,1.0,2,331.947525218972,663.895050437944
680701,BENGALURU URBAN,1.0,2,322.556205201886,645.112410403772
686008,BENGALURU URBAN,1.0,8,385.774166901653,3086.193335213224
686017,BENGALURU URBAN,1.0,3,392.209724313237,1176.629172939711
686604,BENGALURU URBAN,1.0,1,423.663557847988,423.663557847988
689668,BENGALURU URBAN,1.0,2,413.87375499488,827.74750998976
691020,BENGALURU URBAN,1.0,4,465.813864698938,1863.255458795752
689533,BENGALURU URBAN,1.0,3,412.798126074035,1238.394378222105
689542,BENGALURU URBAN,1.0,1,409.750952979243,409.750952979243
695004,BENGALURU URBAN,1.0,27,495.998726967501,13391.965628122527
673010,BENGALURU URBAN,1.0,7,268.025556653494,1876.178896574458
673017,BENGALURU URBAN,1.0,21,266.456761092666,5595.591982945986
673004,BENGALURU URBAN,1.0,8,270.2077505922,2161.6620047376
673005,BENGALURU URBAN,1.0,13,270.35474444896,3514.61167783648
670006,BENGALURU URBAN,1.0,15,261.578805815227,3923.6820872284047
670502,BENGALURU URBAN,1.0,2,262.621726560516,525.243453121032
679313,BENGALURU URBAN,1.0,2,260.091301442311,520.182602884622
678683,BENGALURU URBAN,1.0,3,277.159812466443,831.479437399329
678009,BENGALURU URBAN,1.0,2,260.589669438096,521.179338876192
678006,BENGALURU URBAN,1.0,7,260.589669438096,1824.127686066672
678701,BENGALURU URBAN,1.0,4,342.319916259934,1369.279665039736
678557,HYDERABAD,1.0,1,272.852951519068,272.852951519068
678554,BENGALURU URBAN,1.0,1,257.67461333024,257.67461333024
575028,BENGALURU URBAN,1.0,6,291.411770135766,1748.470620814596
752022,24 PARAGANAS NORTH,1.0,1,446.098016932891,446.098016932891
632515,BENGALURU URBAN,1.0,2,176.376222384516,352.752444769032
600019,BENGALURU URBAN,1.0,25,291.657662333538,7291.44155833845
600069,BENGALURU URBAN,1.0,40,266.187570510013,10647.502820400521
600123,BENGALURU URBAN,1.0,10,265.00340366794,2650.0340366794
641022,BENGALURU URBAN,1.0,14,212.397109794621,2973.559537124694
641025,BENGALURU URBAN,1.0,36,222.582359178314,8012.9649304193035
637207,BENGALURU URBAN,1.0,1,200.922218514911,200.922218514911
326517,SOUTH,1.0,1,440.894662442584,440.894662442584
639005,BENGALURU URBAN,1.0,5,236.020027746365,1180.100138731825
620021,BENGALURU URBAN,1.0,15,270.670038495591,4060.0505774338644
799131,MUMBAI SUBURBAN,1.0,3,410.301293386604,1230.9038801598122
160003,SOUTH,1.0,3,246.168785248867,738.506355746601
284404,HYDERABAD,1.0,0,786.785302094021,0.0
221108,24 PARAGANAS NORTH,1.0,5,619.712886200536,3098.56443100268
641666,BENGALURU URBAN,1.0,3,222.014770311258,666.044310933774
641605,BENGALURU URBAN,1.0,4,214.690898708574,858.763594834296
629162,BENGALURU URBAN,1.0,2,519.38501245537,1038.77002491074
629176,BENGALURU URBAN,1.0,4,522.067216936407,2088.268867745628
623518,BENGALURU URBAN,1.0,2,439.846535321795,879.69307064359
627120,BENGALURU URBAN,1.0,7,530.183092766248,3711.281649363736
516269,BENGALURU URBAN,1.0,9,178.574712259399,1607.172410334591
516101,BENGALURU URBAN,1.0,2,221.49326495122,442.98652990244
516108,BENGALURU URBAN,1.0,1,219.233818893635,219.233818893635
515672,BENGALURU URBAN,1.0,2,165.984222543069,331.968445086138
515331,BENGALURU URBAN,1.0,2,96.4527062264875,192.905412452975
518145,BENGALURU URBAN,1.0,1,244.214851089833,244.214851089833
517194,BENGALURU URBAN,1.0,4,188.181513065451,752.726052261804
517640,BENGALURU URBAN,1.0,5,245.382842193866,1226.91421096933
517541,BENGALURU URBAN,1.0,3,264.963400063581,794.8902001907429
534006,HYDERABAD,1.0,4,285.886333446666,1143.545333786664
521136,HYDERABAD,1.0,2,287.3416398638,574.6832797276
521120,HYDERABAD,1.0,0,305.209137467741,0.0
522309,HYDERABAD,1.0,1,277.778159151862,277.778159151862
522111,HYDERABAD,1.0,2,273.493184059746,546.986368119492
522101,HYDERABAD,1.0,7,269.625316126201,1887.377212883407
533254,HYDERABAD,1.0,1,371.741956264318,371.741956264318
533236,HYDERABAD,1.0,1,357.095021706623,357.095021706623
533251,HYDERABAD,1.0,2,359.215668234033,718.431336468066
530017,HYDERABAD,1.0,67,512.378656187107,34329.36996453617
535001,HYDERABAD,1.0,12,523.06692996642,6276.803159597041
786153,24 PARAGANAS NORTH,1.0,3,864.08271151246,2592.24813453738
783385,24 PARAGANAS NORTH,1.0,5,468.000543019862,2340.00271509931
783135,24 PARAGANAS NORTH,1.0,2,359.090650720576,718.181301441152
783381,24 PARAGANAS NORTH,1.0,1,465.089112488268,465.089112488268
783130,24 PARAGANAS NORTH,1.0,2,381.694204640671,763.388409281342
781009,24 PARAGANAS NORTH,1.0,15,506.649180466561,7599.737706998415
781037,24 PARAGANAS NORTH,1.0,10,509.829266885262,5098.2926688526195
781001,24 PARAGANAS NORTH,1.0,46,509.866087148134,23453.840008814164
781035,24 PARAGANAS NORTH,1.0,13,500.435002777182,6505.655036103366
851101,24 PARAGANAS NORTH,1.0,12,374.433934391505,4493.20721269806
847305,MUMBAI SUBURBAN,1.0,0,1566.46751967295,0.0
848101,24 PARAGANAS NORTH,1.0,15,434.668260707596,6520.02391061394
843301,24 PARAGANAS NORTH,1.0,4,512.816210897333,2051.264843589332
841409,24 PARAGANAS NORTH,1.0,1,574.399966665105,574.399966665105
811315,24 PARAGANAS NORTH,1.0,2,326.985980337491,653.971960674982
800013,24 PARAGANAS NORTH,1.0,37,456.837489168471,16902.987099233425
800012,24 PARAGANAS NORTH,1.0,3,464.047332681044,1392.141998043132
490026,HYDERABAD,1.0,2,486.803605464124,973.607210928248
492012,HYDERABAD,1.0,4,538.449107532648,2153.796430130592
110011,SOUTH,1.0,12,9.5595627097146,114.7147525165752
110057,SOUTH,1.0,33,7.18990904274055,237.26699841043813
380006,MUMBAI SUBURBAN,1.0,31,434.152888636452,13458.739547730012
380027,MUMBAI SUBURBAN,1.0,8,439.034532791805,3512.27626233444
380055,MUMBAI SUBURBAN,1.0,24,431.931744871096,10366.361876906303
380052,MUMBAI SUBURBAN,1.0,28,437.411250565467,12247.515015833076
380026,MUMBAI SUBURBAN,1.0,3,432.730602085955,1298.191806257865
380022,MUMBAI SUBURBAN,1.0,14,433.13078068972,6063.83092965608
414605,MUMBAI SUBURBAN,1.0,1,229.492561099357,229.492561099357
431006,MUMBAI SUBURBAN,1.0,1,274.919793741136,274.919793741136
431003,MUMBAI SUBURBAN,1.0,16,273.994525788512,4383.912412616192
422012,MUMBAI SUBURBAN,1.0,4,130.566237797771,522.264951191084
422206,MUMBAI SUBURBAN,1.0,7,166.739031830191,1167.1732228113372
797117,24 PARAGANAS NORTH,1.0,1,641.999102292518,641.999102292518
799007,24 PARAGANAS NORTH,1.0,7,318.111883462538,2226.783184237766
799002,24 PARAGANAS NORTH,1.0,5,316.342708694794,1581.71354347397
799035,24 PARAGANAS NORTH,1.0,2,324.961903004587,649.923806009174
799288,BENGALURU URBAN,1.0,0,1991.44887318882,0.0
793007,24 PARAGANAS NORTH,1.0,1,472.682135676612,472.682135676612
793002,24 PARAGANAS NORTH,1.0,13,470.9435382681,6122.2659974852995
793022,24 PARAGANAS NORTH,1.0,3,471.141096988977,1413.4232909669308
751016,24 PARAGANAS NORTH,1.0,18,380.734331232136,6853.217962178448
751025,24 PARAGANAS NORTH,1.0,10,406.513550794727,4065.13550794727
751005,24 PARAGANAS NORTH,1.0,6,406.513550794727,2439.081304768362
751004,24 PARAGANAS NORTH,1.0,2,381.749396419818,763.498792839636
753015,24 PARAGANAS NORTH,1.0,1,369.044306533399,369.044306533399
752094,24 PARAGANAS NORTH,1.0,1,459.166913832797,459.166913832797
752069,24 PARAGANAS NORTH,1.0,6,450.767057912187,2704.602347473122
768233,24 PARAGANAS NORTH,1.0,1,474.064222184946,474.064222184946
768018,24 PARAGANAS NORTH,1.0,1,484.635279843137,484.635279843137
769010,24 PARAGANAS NORTH,1.0,1,366.315012385114,366.315012385114
769014,24 PARAGANAS NORTH,1.0,2,365.530916912952,731.061833825904
769005,24 PARAGANAS NORTH,1.0,8,367.848254365931,2942.786034927448
760005,24 PARAGANAS NORTH,1.0,7,537.234188316689,3760.639318216823
766101,HYDERABAD,1.0,1,590.483952576817,590.483952576817
765019,HYDERABAD,1.0,2,571.550422945934,1143.100845891868
765020,24 PARAGANAS NORTH,1.0,1,599.230520239195,599.230520239195
762016,24 PARAGANAS NORTH,1.0,1,511.528523508121,511.528523508121
160071,SOUTH,1.0,28,447.765563569373,12537.435779942443
160015,SOUTH,1.0,11,251.319053548681,2764.509589035491
160023,SOUTH,1.0,14,250.10524985336,3501.47349794704
160030,SOUTH,1.0,11,250.102188968116,2751.124078649276
141012,SOUTH,1.0,17,296.009437122958,5032.160431090286
147103,SOUTH,1.0,2,211.280488890061,422.560977780122
144021,SOUTH,1.0,3,353.472411700442,1060.417235101326
144009,SOUTH,1.0,3,348.127959449062,1044.383878347186
324004,SOUTH,1.0,1,399.466939155796,399.466939155796
313002,SOUTH,1.0,37,560.617059000585,20742.831183021644
302015,SOUTH,1.0,53,229.411419147227,12158.805214803031
302037,SOUTH,1.0,1,231.647513044163,231.647513044163
334003,SOUTH,1.0,10,386.3153455934,3863.1534559340002
331507,SOUTH,1.0,2,285.104160839321,570.208321678642
342007,SOUTH,1.0,5,479.097947646348,2395.48973823174
335711,SOUTH,1.0,2,358.488188312511,716.976376625022
631001,BENGALURU URBAN,1.0,23,225.162553078393,5178.738720803039
631006,BENGALURU URBAN,1.0,1,232.403779335879,232.403779335879
600086,BENGALURU URBAN,1.0,14,288.009743094142,4032.136403317988
600024,BENGALURU URBAN,1.0,70,287.210502135809,20104.735149506632
600035,BENGALURU URBAN,1.0,23,288.294570865289,6630.775129901647
600078,BENGALURU URBAN,1.0,95,284.624794159192,27039.355445123238
600097,BENGALURU URBAN,1.0,86,287.9929327015,24767.392212329003
600021,BENGALURU URBAN,1.0,57,293.56612717299,16733.26924886043
571404,BENGALURU URBAN,1.0,2,82.7378832584636,165.4757665169272
571478,BENGALURU URBAN,1.0,1,92.9783961158211,92.9783961158211
571807,BENGALURU URBAN,1.0,1,110.97151520282,110.97151520282
571607,BENGALURU URBAN,1.0,2,123.412883729806,246.825767459612
575020,BENGALURU URBAN,1.0,10,297.292955082244,2972.9295508224404
575011,BENGALURU URBAN,1.0,1,300.034780443923,300.034780443923
570002,BENGALURU URBAN,1.0,17,123.366724859558,2097.2343226124863
570011,BENGALURU URBAN,1.0,15,120.394191878176,1805.91287817264
570032,BENGALURU URBAN,1.0,1,127.591589563153,127.591589563153
571105,BENGALURU URBAN,1.0,10,156.553574854602,1565.53574854602
570027,BENGALURU URBAN,1.0,1,124.715309748774,124.715309748774
571602,BENGALURU URBAN,1.0,2,141.466080927216,282.932161854432
571443,HYDERABAD,1.0,0,606.536004489453,0.0
571115,BENGALURU URBAN,1.0,1,118.771761049215,118.771761049215
571124,BENGALURU URBAN,1.0,5,109.427073091804,547.13536545902
571128,BENGALURU URBAN,1.0,1,139.179540966302,139.179540966302
574327,BENGALURU URBAN,1.0,3,242.047923525515,726.143770576545
572103,BENGALURU URBAN,1.0,17,64.8925160518698,1103.1727728817866
688014,BENGALURU URBAN,1.0,1,410.026270405838,410.026270405838
688013,BENGALURU URBAN,1.0,5,404.938902184056,2024.6945109202802
683512,BENGALURU URBAN,1.0,3,340.429041751239,1021.287125253717
683562,BENGALURU URBAN,1.0,10,346.88188926758,3468.8188926758
683548,SOUTH,1.0,0,2048.37411659423,0.0
686585,BENGALURU URBAN,1.0,2,380.957251362102,761.914502724204
682026,BENGALURU URBAN,1.0,17,366.1115761985,6223.8967953745005
682309,BENGALURU URBAN,1.0,7,341.244790756914,2388.7135352983983
682020,BENGALURU URBAN,1.0,52,358.569142851046,18645.595428254393
682022,BENGALURU URBAN,1.0,8,378.079260305277,3024.634082442216
682032,BENGALURU URBAN,1.0,5,356.166655055148,1780.83327527574
682028,BENGALURU URBAN,1.0,22,354.613992860082,7801.507842921805
682004,BENGALURU URBAN,1.0,1,345.79761439183,345.79761439183
682006,BENGALURU URBAN,1.0,26,364.719717398334,9482.712652356684
682003,BENGALURU URBAN,1.0,4,361.201766266151,1444.807065064604
680712,BENGALURU URBAN,1.0,1,320.890383916264,320.890383916264
686041,BENGALURU URBAN,1.0,2,386.871042560462,773.742085120924
686007,BENGALURU URBAN,1.0,1,396.276004599341,396.276004599341
690502,BENGALURU URBAN,1.0,8,433.690765188388,3469.526121507104
689623,BENGALURU URBAN,1.0,3,419.850527920506,1259.551583761518
680502,BENGALURU URBAN,1.0,14,303.409546654004,4247.733653156056
680517,BENGALURU URBAN,1.0,1,303.33725820764,303.33725820764
680544,BENGALURU URBAN,1.0,1,301.076244526219,301.076244526219
680523,BENGALURU URBAN,1.0,4,303.687289507424,1214.749158029696
680505,BENGALURU URBAN,1.0,9,307.876946704716,2770.8925203424437
680509,BENGALURU URBAN,1.0,2,312.98378031508,625.96756063016
680524,BENGALURU URBAN,1.0,1,314.485207568707,314.485207568707
680507,BENGALURU URBAN,1.0,9,311.180744366933,2800.6266993023974
680542,BENGALURU URBAN,1.0,3,300.003903670372,900.011711011116
680508,BENGALURU URBAN,1.0,1,311.568832170892,311.568832170892
680620,BENGALURU URBAN,1.0,5,312.861656231234,1564.30828115617
680026,BENGALURU URBAN,1.0,3,308.857657287728,926.572971863184
680027,BENGALURU URBAN,1.0,5,310.60168468191,1553.00842340955
680007,BENGALURU URBAN,1.0,19,309.228551687844,5875.342482069036
680651,BENGALURU URBAN,1.0,17,303.089259696168,5152.517414834856
680751,BENGALURU URBAN,1.0,8,305.787664842012,2446.301318736096
680552,BENGALURU URBAN,1.0,4,307.722487828621,1230.889951314484
680002,BENGALURU URBAN,1.0,16,306.2265414673,4899.6246634768
680022,BENGALURU URBAN,1.0,9,305.763649955365,2751.872849598285
680020,BENGALURU URBAN,1.0,6,306.067961506291,1836.407769037746
680589,BENGALURU URBAN,1.0,5,291.462945609906,1457.31472804953
680596,BENGALURU URBAN,1.0,6,299.111673774143,1794.670042644858
689514,BENGALURU URBAN,1.0,1,416.407825478842,416.407825478842
689644,BENGALURU URBAN,1.0,1,378.793476823993,378.793476823993
690525,BENGALURU URBAN,1.0,8,442.5620413842,3540.4963310736
691014,BENGALURU URBAN,1.0,1,457.138967962069,457.138967962069
691581,BENGALURU URBAN,1.0,1,460.526355286782,460.526355286782
691009,BENGALURU URBAN,1.0,1,462.978492848419,462.978492848419
689113,BENGALURU URBAN,1.0,1,409.75772884182,409.75772884182
689584,BENGALURU URBAN,1.0,1,401.785650165261,401.785650165261
689108,BENGALURU URBAN,1.0,4,405.667567520573,1622.670270082292
689115,BENGALURU URBAN,1.0,3,399.04912680907,1197.14738042721
695585,BENGALURU URBAN,1.0,2,490.197195482245,980.39439096449
695014,BENGALURU URBAN,1.0,21,526.924148010624,11065.407108223104
695040,BENGALURU URBAN,1.0,2,500.410293677225,1000.82058735445
695003,BENGALURU URBAN,1.0,50,495.814981218555,24790.74906092775
695018,BENGALURU URBAN,1.0,13,500.79863745824,6510.38228695712
673570,BENGALURU URBAN,1.0,1,260.290366621364,260.290366621364
670008,BENGALURU URBAN,1.0,5,267.602323590329,1338.011617951645
670012,BENGALURU URBAN,1.0,2,267.602323590329,535.204647180658
670562,BENGALURU URBAN,1.0,8,261.205184070547,2089.641472564376
679551,BENGALURU URBAN,1.0,2,289.246031464176,578.492062928352
678596,BENGALURU URBAN,1.0,4,253.79474299305,1015.1789719722
679104,BENGALURU URBAN,1.0,5,274.606900505001,1373.034502525005
670104,BENGALURU URBAN,1.0,4,262.432044291956,1049.728177167824
676104,BENGALURU URBAN,1.0,1,288.722326987519,288.722326987519
480667,MUMBAI SUBURBAN,1.0,0,784.562536054584,0.0
480888,24 PARAGANAS NORTH,1.0,0,890.439161144031,0.0
462023,SOUTH,1.0,42,587.49028313739,24674.59189177038
462047,HYDERABAD,1.0,8,583.852636088346,4670.821088706768
462011,SOUTH,1.0,12,588.897345671888,7066.768148062656
462039,SOUTH,1.0,29,593.405322166519,17208.754342829052
461990,HYDERABAD,1.0,2,591.900586849758,1183.801173699516
461775,HYDERABAD,1.0,6,591.033969901842,3546.2038194110523
461335,MUMBAI SUBURBAN,1.0,0,550.54835302654,0.0
486002,SOUTH,1.0,3,642.59016400005,1927.77049200015
470229,SOUTH,1.0,1,561.512937505728,561.512937505728
452003,MUMBAI SUBURBAN,1.0,5,508.561619196609,2542.808095983045
450119,MUMBAI SUBURBAN,1.0,1,470.151992389196,470.151992389196
458001,SOUTH,1.0,8,540.070226268789,4320.561810150312
403717,MUMBAI SUBURBAN,1.0,5,450.379020381412,2251.89510190706
403602,MUMBAI SUBURBAN,1.0,39,441.543749196729,17220.20621867243
403002,MUMBAI SUBURBAN,1.0,39,418.62376542532,16326.32685158748
403102,MUMBAI SUBURBAN,1.0,3,411.410389623141,1234.231168869423
403527,MUMBAI SUBURBAN,1.0,1,395.287466248213,395.287466248213
403501,MUMBAI SUBURBAN,1.0,19,410.378039012641,7797.182741240179
403204,MUMBAI SUBURBAN,1.0,1,425.306578395178,425.306578395178
403526,MUMBAI SUBURBAN,1.0,1,403.101648846526,403.101648846526
403402,MUMBAI SUBURBAN,1.0,9,417.606552397972,3758.458971581748
416106,MUMBAI SUBURBAN,1.0,1,326.134418277263,326.134418277263
416122,MUMBAI SUBURBAN,1.0,2,301.576880614817,603.153761229634
416517,MUMBAI SUBURBAN,1.0,1,385.078976899397,385.078976899397
400055,MUMBAI SUBURBAN,1.0,64,6.02665863926395,385.7061529128928
400061,MUMBAI SUBURBAN,1.0,57,4.64963500273355,265.0291951558124
400094,MUMBAI SUBURBAN,1.0,65,10.8751797671593,706.8866848653546
400085,MUMBAI SUBURBAN,1.0,1,12.0980552773869,12.0980552773869
400092,MUMBAI SUBURBAN,1.0,146,11.8510061690558,1730.2469006821468
400103,MUMBAI SUBURBAN,1.0,82,13.7188520203962,1124.9458656724885
400705,MUMBAI SUBURBAN,1.0,96,15.6021580270403,1497.8071705958687
421506,MUMBAI SUBURBAN,1.0,5,33.8074715237065,169.03735761853252
421501,MUMBAI SUBURBAN,1.0,86,33.4334666666159,2875.278133328967
421308,MUMBAI SUBURBAN,1.0,2,22.4466688156488,44.8933376312976
400606,MUMBAI SUBURBAN,1.0,104,13.1086824925699,1363.3029792272696
400607,MUMBAI SUBURBAN,1.0,290,17.6448767921273,5117.014269716917
421305,MUMBAI SUBURBAN,1.0,1,22.1723827402335,22.1723827402335
401608,MUMBAI SUBURBAN,1.0,1,95.1440734285964,95.1440734285964
442501,HYDERABAD,1.0,2,304.581807242588,609.163614485176
440003,HYDERABAD,1.0,6,413.34761889455,2480.0857133673
440032,HYDERABAD,1.0,6,416.341520043234,2498.049120259404
440027,HYDERABAD,1.0,27,412.252607579223,11130.820404639022
411035,MUMBAI SUBURBAN,1.0,29,108.622457272309,3150.051260896961
411031,MUMBAI SUBURBAN,1.0,11,118.090240380416,1298.992644184576
411057,MUMBAI SUBURBAN,1.0,394,108.500433503852,42749.170800517684
411044,MUMBAI SUBURBAN,1.0,56,107.404705962636,6014.6635339076165
411061,MUMBAI SUBURBAN,1.0,43,115.495173388664,4966.292455712552
411006,MUMBAI SUBURBAN,1.0,104,123.911942314866,12886.842000746063
411045,MUMBAI SUBURBAN,1.0,216,111.968470469883,24185.18962149473
712310,24 PARAGANAS NORTH,1.0,1,14.2203848521928,14.2203848521928
509125,HYDERABAD,1.0,5,154.023636713536,770.11818356768
503111,HYDERABAD,1.0,28,99.1401021128402,2775.9228591595256
505468,HYDERABAD,1.0,4,125.965891856736,503.863567426944
500002,HYDERABAD,1.0,12,9.31157166455381,111.73885997464572
516115,BENGALURU URBAN,1.0,8,220.869227667469,1766.953821339752
515671,BENGALURU URBAN,1.0,14,164.888169619855,2308.43437467797
534447,HYDERABAD,1.0,10,297.730127180621,2977.30127180621
507101,HYDERABAD,1.0,10,223.408777606838,2234.0877760683798
533242,HYDERABAD,1.0,1,369.638404162834,369.638404162834
535558,HYDERABAD,1.0,4,527.252937461363,2109.011749845452
824101,24 PARAGANAS NORTH,1.0,15,478.039568050923,7170.593520763845
390002,MUMBAI SUBURBAN,1.0,20,355.060677184715,7101.213543694301
585401,HYDERABAD,1.0,40,117.508261714078,4700.33046856312
576201,BENGALURU URBAN,1.0,9,322.179359914613,2899.614239231517
682001,BENGALURU URBAN,1.0,6,361.136418062225,2166.81850837335
686575,BENGALURU URBAN,1.0,4,372.019733965397,1488.078935861588
686141,BENGALURU URBAN,1.0,3,377.304872325492,1131.914616976476
695001,BENGALURU URBAN,1.0,8,498.604162125252,3988.833297002016
416003,MUMBAI SUBURBAN,1.0,28,303.701823721457,8503.651064200796
401404,MUMBAI SUBURBAN,1.0,15,64.7853405682832,971.780108524248
413709,MUMBAI SUBURBAN,1.0,10,195.216324639601,1952.16324639601
431203,MUMBAI SUBURBAN,1.0,26,327.61132491855,8517.8944478823
799120,24 PARAGANAS NORTH,1.0,1,327.04674622943,327.04674622943
151203,SOUTH,1.0,7,337.781851232655,2364.4729586285853
624208,BENGALURU URBAN,1.0,1,309.53799387558,309.53799387558
627811,BENGALURU URBAN,1.0,16,445.263666850802,7124.218669612832
612002,BENGALURU URBAN,1.0,2,292.944554194817,585.889108389634
614713,BENGALURU URBAN,1.0,3,348.734330484286,1046.202991452858
505188,HYDERABAD,1.0,2,171.022569389109,342.045138778218
502001,HYDERABAD,1.0,31,72.835098552656,2257.8880551323364
509321,HYDERABAD,1.0,1,65.8929490957739,65.8929490957739
506013,HYDERABAD,1.0,3,141.117729960787,423.353189882361
500096,HYDERABAD,1.0,13,11.4450914742574,148.7861891653462
500084,HYDERABAD,1.0,382,16.3125125221889,6231.37978347616
500001,HYDERABAD,1.0,46,34.4211959189148,1583.3750122700808
500104,HYDERABAD,1.0,7,14.3300309900314,100.3102169302198
500064,HYDERABAD,1.0,18,11.5550139132389,207.9902504383002
500013,HYDERABAD,1.0,126,5.87219723284843,739.8968513389023
500092,HYDERABAD,1.0,48,7.92347690250439,380.32689132021073
500051,HYDERABAD,1.0,9,9.87285245561485,88.85567210053365
500037,HYDERABAD,1.0,61,8.62283094557547,525.9926876801037
500050,HYDERABAD,1.0,181,42.9459433544886,7773.215747162436
500094,HYDERABAD,1.0,95,5.76439238408874,547.6172764884303
248016,SOUTH,1.0,2,208.251040980022,416.502081960044
262310,SOUTH,1.0,3,284.819223964937,854.457671894811
700132,24 PARAGANAS NORTH,1.0,11,12.3500448738976,135.8504936128736
700136,24 PARAGANAS NORTH,1.0,65,14.5047417414503,942.8082131942695
201306,SOUTH,1.0,292,21.0298360550518,6140.712128075125
276140,BENGALURU URBAN,1.0,1,99.8661880232162,99.8661880232162
361009,MUMBAI SUBURBAN,1.0,1,476.227595014716,476.227595014716
361347,MUMBAI SUBURBAN,1.0,1,537.468419469104,537.468419469104
362715,MUMBAI SUBURBAN,1.0,2,297.318869197569,594.637738395138
362520,MUMBAI SUBURBAN,1.0,10,265.93201582988,2659.3201582988004
388355,MUMBAI SUBURBAN,1.0,1,377.278513389528,377.278513389528
388239,MUMBAI SUBURBAN,1.0,1,419.268848529267,419.268848529267
396321,MUMBAI SUBURBAN,1.0,10,183.168560945218,1831.68560945218
394270,MUMBAI SUBURBAN,1.0,3,230.648007724309,691.944023172927
394105,MUMBAI SUBURBAN,1.0,4,230.648007724309,922.592030897236
390006,MUMBAI SUBURBAN,1.0,11,355.060677184715,3905.667449031865
390018,MUMBAI SUBURBAN,1.0,24,356.637526422478,8559.300634139472
134114,SOUTH,1.0,8,246.767855020122,1974.142840160976
134117,SOUTH,1.0,12,240.970875938287,2891.650511259444
134116,SOUTH,1.0,23,228.540204760832,5256.424709499136
121013,SOUTH,1.0,4,16.8890527904686,67.5562111618744
122005,SOUTH,1.0,15,14.6244060600497,219.36609090074552
122104,SOUTH,1.0,3,87.2719623513842,261.8158870541526
123302,SOUTH,1.0,1,73.1941652027479,73.1941652027479
125058,SOUTH,1.0,1,228.682152657438,228.682152657438
125104,SOUTH,1.0,2,291.978431257489,583.956862514978
177205,MUMBAI SUBURBAN,1.0,0,1424.03375804407,0.0
180006,SOUTH,1.0,5,517.771227066525,2588.856135332625
180009,SOUTH,1.0,1,513.753279351717,513.753279351717
181124,SOUTH,1.0,1,522.876261341107,522.876261341107
180013,SOUTH,1.0,17,524.218698099284,8911.717867687828
190004,SOUTH,1.0,5,655.742732247287,3278.7136612364347
190012,SOUTH,1.0,25,663.357126566143,16583.928164153578
828130,24 PARAGANAS NORTH,1.0,3,233.733814698086,701.201444094258
828127,24 PARAGANAS NORTH,1.0,5,230.452174731844,1152.26087365922
834011,24 PARAGANAS NORTH,1.0,1,321.903775832654,321.903775832654
831017,24 PARAGANAS NORTH,1.0,18,221.583221957502,3988.497995235036
831015,24 PARAGANAS NORTH,1.0,4,220.203144976975,880.8125799079
560007,BENGALURU URBAN,1.0,1,99.8668599091163,99.8668599091163
560103,BENGALURU URBAN,1.0,287,13.4262384073323,3853.3304229043697
560016,BENGALURU URBAN,1.0,294,13.3855675951888,3935.356872985507
560066,BENGALURU URBAN,1.0,441,18.5078592817124,8161.965943235168
560080,BENGALURU URBAN,1.0,17,8.18824364624638,139.20014198618847
560042,BENGALURU URBAN,1.0,23,6.11228236939616,140.58249449611168
560035,BENGALURU URBAN,1.0,300,12.7367015360617,3821.01046081851
560053,BENGALURU URBAN,1.0,16,3.79360014751253,60.69760236020048
560026,BENGALURU URBAN,1.0,30,5.15422850053363,154.6268550160089
560102,BENGALURU URBAN,1.0,363,6.46654892886242,2347.3572611770587
560050,BENGALURU URBAN,1.0,75,2.66642855667339,199.98214175050424
560011,BENGALURU URBAN,1.0,34,0.623354407401973,21.19404985166708
560062,BENGALURU URBAN,1.0,228,1.46747451294477,334.58418895140755
560088,BENGALURU URBAN,1.0,1,24.6978408171891,24.6978408171891
560012,BENGALURU URBAN,1.0,15,8.82742495711684,132.4113743567526
560097,BENGALURU URBAN,1.0,199,16.1398392174244,3211.8280042674555
560020,BENGALURU URBAN,1.0,25,5.90077759924908,147.519439981227
590009,MUMBAI SUBURBAN,1.0,2,399.24776315546,798.49552631092
590003,MUMBAI SUBURBAN,1.0,11,404.614450246209,4450.758952708299
583275,BENGALURU URBAN,1.0,5,269.183703064372,1345.91851532186
585326,HYDERABAD,1.0,2,146.96977280371,293.93954560742
580032,BENGALURU URBAN,1.0,11,377.619566088776,4153.815226976536
581308,BENGALURU URBAN,1.0,8,422.112480272746,3376.899842181968
581325,BENGALURU URBAN,1.0,16,409.682478719447,6554.919659511152
741167,24 PARAGANAS NORTH,1.0,1,80.3156346769789,80.3156346769789
744211,24 PARAGANAS NORTH,1.0,5,1311.48423692181,6557.421184609049
735207,24 PARAGANAS NORTH,1.0,1,460.879814423367,460.879814423367
605013,BENGALURU URBAN,1.0,17,266.58076176127,4531.87294994159
605011,BENGALURU URBAN,1.0,9,267.575482158649,2408.1793394278407
600076,BENGALURU URBAN,1.0,18,282.72753116763,5089.09556101734
600066,BENGALURU URBAN,1.0,17,285.065110174196,4846.106872961332
600064,BENGALURU URBAN,1.0,30,278.152818458925,8344.58455376775
600074,BENGALURU URBAN,1.0,17,277.182389720599,4712.100625250183
600046,BENGALURU URBAN,1.0,1,302.117290249307,302.117290249307
632008,BENGALURU URBAN,1.0,2,236.367016161036,472.734032322072
632014,BENGALURU URBAN,1.0,25,170.464390396134,4261.60975990335
641112,BENGALURU URBAN,1.0,4,238.233498661542,952.933994646168
641050,BENGALURU URBAN,1.0,1,216.55143364301,216.55143364301
641036,BENGALURU URBAN,1.0,4,227.142095752912,908.568383011648
641033,BENGALURU URBAN,1.0,1,222.096263523154,222.096263523154
641009,BENGALURU URBAN,1.0,5,224.266520002802,1121.33260001401
641015,BENGALURU URBAN,1.0,18,222.919181893827,4012.545274088886
638012,BENGALURU URBAN,1.0,7,179.9470073159,1259.6290512113
642129,BENGALURU URBAN,1.0,1,273.203435199395,273.203435199395
635601,BENGALURU URBAN,1.0,14,116.855433840473,1635.976073766622
624701,BENGALURU URBAN,1.0,1,258.78955729808,258.78955729808
629901,MUMBAI SUBURBAN,1.0,0,1306.67114760573,0.0
628501,BENGALURU URBAN,1.0,8,418.563240589694,3348.505924717552
625004,BENGALURU URBAN,1.0,2,342.596038168516,685.192076337032
626121,BENGALURU URBAN,1.0,2,392.213888966987,784.427777933974
607308,BENGALURU URBAN,1.0,2,259.106822745674,518.213645491348
607002,BENGALURU URBAN,1.0,3,270.862736470968,812.588209412904
614201,BENGALURU URBAN,1.0,1,286.687007774862,286.687007774862
620008,BENGALURU URBAN,1.0,12,264.525159229493,3174.3019107539158
620023,BENGALURU URBAN,1.0,6,268.418673797444,1610.5120427846641
620022,BENGALURU URBAN,1.0,1,273.415340988035,273.415340988035
282008,SOUTH,1.0,4,169.302745102736,677.210980410944
284120,SOUTH,1.0,6,368.371466740328,2210.228800441968
284124,SOUTH,1.0,1,453.468726972657,453.468726972657
211015,HYDERABAD,1.0,0,951.320638580077,0.0
232340,24 PARAGANAS NORTH,1.0,1,581.240328516093,581.240328516093
231220,24 PARAGANAS NORTH,1.0,3,592.717688496165,1778.153065488495
276001,24 PARAGANAS NORTH,1.0,22,643.726744225229,14161.988372955038
273008,SOUTH,1.0,27,641.479714250824,17319.952284772247
208014,SOUTH,1.0,17,382.998423315644,6510.973196365948
208024,SOUTH,1.0,10,377.348919481112,3773.48919481112
208026,SOUTH,1.0,9,383.943507173381,3455.491564560429
201016,SOUTH,1.0,105,23.8772762355106,2507.114004728613
201313,SOUTH,1.0,1,11.5273321480103,11.5273321480103
226011,SOUTH,1.0,16,408.570433226889,6537.126931630224
226029,SOUTH,1.0,28,416.17231875976,11652.82492527328
226030,SOUTH,1.0,8,419.78595893081,3358.28767144648
226025,SOUTH,1.0,35,414.351654926081,14502.307922412834
248122,SOUTH,1.0,1,228.807849446662,228.807849446662
248006,SOUTH,1.0,10,214.014151277934,2140.14151277934
249407,SOUTH,1.0,16,163.560160815209,2616.962573043344
700008,24 PARAGANAS NORTH,1.0,50,33.1254490023269,1656.2724501163452
700127,24 PARAGANAS NORTH,1.0,17,8.98067656887369,152.67150167085273
700095,24 PARAGANAS NORTH,1.0,7,30.3870904467064,212.7096331269448
700042,24 PARAGANAS NORTH,1.0,19,22.3670798117745,424.9745164237155
700102,24 PARAGANAS NORTH,1.0,36,19.2935407735264,694.5674678469503
700101,24 PARAGANAS NORTH,1.0,31,18.0150458777126,558.4664222090905
741139,24 PARAGANAS NORTH,1.0,2,79.6715004188357,159.3430008376714
741246,24 PARAGANAS NORTH,1.0,4,23.4406833093561,93.7627332374244
743122,24 PARAGANAS NORTH,1.0,1,39.0594760904022,39.0594760904022
743124,24 PARAGANAS NORTH,1.0,1,6.48636295967632,6.48636295967632
743134,24 PARAGANAS NORTH,1.0,3,19.3315869752231,57.9947609256693
700116,24 PARAGANAS NORTH,1.0,3,8.26203577494666,24.786107324839982
700076,24 PARAGANAS NORTH,1.0,3,12.7483892847543,38.2451678542629
744102,24 PARAGANAS NORTH,1.0,23,1317.12407017536,30293.85361403328
734218,24 PARAGANAS NORTH,1.0,0,484.060994798699,0.0
732215,24 PARAGANAS NORTH,1.0,2,198.403402566402,396.806805132804
713340,24 PARAGANAS NORTH,1.0,2,193.641046951782,387.282093903564
713217,24 PARAGANAS NORTH,1.0,1,149.669622918877,149.669622918877
712235,24 PARAGANAS NORTH,1.0,11,10.0771557142722,110.8487128569942
712249,24 PARAGANAS NORTH,1.0,12,7.9126316998297,94.9515803979564
711113,24 PARAGANAS NORTH,1.0,1,21.1992718975345,21.1992718975345
711109,24 PARAGANAS NORTH,1.0,11,26.6331586772628,292.96474544989076
711105,24 PARAGANAS NORTH,1.0,3,21.1324183042509,63.3972549127527
711107,24 PARAGANAS NORTH,1.0,2,18.0830634303981,36.1661268607962
517589,BENGALURU URBAN,1.0,2,209.227841449583,418.455682899166
854340,24 PARAGANAS NORTH,1.0,3,415.935457357165,1247.806372071495
788011,24 PARAGANAS NORTH,1.0,3,491.191393914399,1473.574181743197
580005,BENGALURU URBAN,1.0,2,400.74980299298,801.49960598596
190019,SOUTH,1.0,7,9303.90132594158,65127.309281591064
413115,MUMBAI SUBURBAN,1.0,1,273.081655200874,273.081655200874
690508,BENGALURU URBAN,1.0,3,430.248671099681,1290.7460132990432
690528,BENGALURU URBAN,1.0,2,441.489977123133,882.979954246266
689615,BENGALURU URBAN,1.0,1,401.296970326531,401.296970326531
689582,BENGALURU URBAN,1.0,5,405.471798265463,2027.358991327315
695521,BENGALURU URBAN,1.0,1,510.559190976161,510.559190976161
673009,BENGALURU URBAN,1.0,1,246.291891878606,246.291891878606
670611,BENGALURU URBAN,1.0,4,255.039796327302,1020.159185309208
678008,BENGALURU URBAN,1.0,3,260.589669438096,781.7690083142879
670107,BENGALURU URBAN,1.0,5,257.825542640897,1289.1277132044852
673317,BENGALURU URBAN,1.0,1,262.872596354567,262.872596354567
576111,BENGALURU URBAN,1.0,2,292.120893073747,584.241786147494
688523,BENGALURU URBAN,1.0,1,396.031002558879,396.031002558879
683518,BENGALURU URBAN,1.0,9,345.370711379484,3108.336402415356
682316,BENGALURU URBAN,1.0,5,347.406367730681,1737.031838653405
680317,BENGALURU URBAN,1.0,1,308.189543698774,308.189543698774
680305,MUMBAI SUBURBAN,1.0,0,1038.32771110224,0.0
627604,MUMBAI SUBURBAN,1.0,2,7097.97753306551,14195.95506613102
753014,24 PARAGANAS NORTH,1.0,37,367.007165500962,13579.265123535593
638009,BENGALURU URBAN,1.0,4,180.358659820175,721.4346392807
144514,SOUTH,1.0,7,300.312484834845,2102.187393843915
637215,BENGALURU URBAN,1.0,7,176.87990000376,1238.1593000263201
642207,BENGALURU URBAN,1.0,2,268.185797697301,536.371595394602
632602,BENGALURU URBAN,1.0,18,138.787409931637,2498.173378769466
630101,BENGALURU URBAN,1.0,2,334.479908194756,668.959816389512
625110,BENGALURU URBAN,1.0,1,346.350939715432,346.350939715432
531116,HYDERABAD,1.0,5,421.970766068688,2109.85383034344
782460,24 PARAGANAS NORTH,1.0,7,613.7361909454,4296.1533366178
805110,24 PARAGANAS NORTH,1.0,6,375.269482021406,2251.616892128436
389151,MUMBAI SUBURBAN,1.0,26,436.492401448657,11348.802437665083
829122,24 PARAGANAS NORTH,1.0,15,310.779085666104,4661.68628499156
587101,HYDERABAD,1.0,10,330.94705630551,3309.4705630551
571438,BENGALURU URBAN,1.0,1,113.407126434271,113.407126434271
683542,BENGALURU URBAN,1.0,18,335.944048294692,6046.992869304456
680503,BENGALURU URBAN,1.0,7,303.523620602926,2124.665344220482
680001,BENGALURU URBAN,1.0,15,307.755604984763,4616.334074771446
691506,BENGALURU URBAN,1.0,3,446.525102857873,1339.575308573619
679577,BENGALURU URBAN,1.0,7,300.983137446237,2106.881962123659
487001,HYDERABAD,1.0,5,615.769119249458,3078.84559624729
416510,MUMBAI SUBURBAN,1.0,12,371.174551148168,4454.094613778016
443001,MUMBAI SUBURBAN,1.0,4,379.908497880102,1519.633991520408
791111,24 PARAGANAS NORTH,1.0,41,713.395878441801,29249.231016113838
140401,SOUTH,1.0,10,226.331602324764,2263.31602324764
144205,SOUTH,1.0,7,395.527219411606,2768.690535881242
313004,SOUTH,1.0,3,560.612491798455,1681.8374753953651
636001,BENGALURU URBAN,1.0,9,155.722136411793,1401.499227706137
641601,BENGALURU URBAN,1.0,3,204.940948013066,614.822844039198
614601,BENGALURU URBAN,1.0,3,337.071567101909,1011.214701305727
274304,24 PARAGANAS NORTH,1.0,8,629.501927511528,5036.015420092224
700144,24 PARAGANAS NORTH,1.0,14,45.1335935304475,631.870309426265
503002,HYDERABAD,1.0,10,144.254226954302,1442.54226954302
502205,HYDERABAD,1.0,1,39.8205334623991,39.8205334623991
509216,HYDERABAD,1.0,14,52.9856305819435,741.798828147209
509375,HYDERABAD,1.0,9,116.9581441339,1052.6232972051
509104,HYDERABAD,1.0,1,148.499463480304,148.499463480304
500033,HYDERABAD,1.0,64,15.4491773942598,988.7473532326272
500057,HYDERABAD,1.0,30,7.49575090242301,224.8725270726903
500019,HYDERABAD,1.0,202,20.9933086742905,4240.648352206681
500086,HYDERABAD,1.0,58,18.0727524095463,1048.2196397536854
500069,HYDERABAD,1.0,2,20.3137246487407,40.6274492974814
500026,HYDERABAD,1.0,94,0.79576183084419,74.80161209935386
500054,HYDERABAD,1.0,37,10.0668341514488,372.4728636036056
515556,BENGALURU URBAN,1.0,1,116.134123776458,116.134123776458
515133,BENGALURU URBAN,1.0,2,140.576254825112,281.152509650224
515571,BENGALURU URBAN,1.0,1,126.781141629014,126.781141629014
515110,BENGALURU URBAN,1.0,1,127.918293867257,127.918293867257
518206,HYDERABAD,1.0,1,218.636917037195,218.636917037195
518222,BENGALURU URBAN,1.0,6,192.846879912196,1157.081279473176
518452,HYDERABAD,1.0,1,189.502489884714,189.502489884714
518007,HYDERABAD,1.0,3,189.308483650391,567.9254509511729
518221,BENGALURU URBAN,1.0,1,256.266698337536,256.266698337536
518412,HYDERABAD,1.0,1,170.757303700735,170.757303700735
518543,HYDERABAD,1.0,3,214.981769050727,644.9453071521809
518134,HYDERABAD,1.0,1,247.370758662164,247.370758662164
517193,BENGALURU URBAN,1.0,1,181.151745750479,181.151745750479
517237,BENGALURU URBAN,1.0,1,160.167619247863,160.167619247863
517643,BENGALURU URBAN,1.0,1,248.099465295543,248.099465295543
517503,BENGALURU URBAN,1.0,19,215.366530006856,4091.964070130264
522510,HYDERABAD,1.0,4,245.114582552826,980.458330211304
521122,HYDERABAD,1.0,1,301.374311118076,301.374311118076
522329,HYDERABAD,1.0,3,277.841955118777,833.525865356331
522256,HYDERABAD,1.0,1,283.959286145055,283.959286145055
522306,HYDERABAD,1.0,13,260.137396962657,3381.7861605145413
522257,HYDERABAD,1.0,1,285.815649974229,285.815649974229
533250,HYDERABAD,1.0,1,369.002761201696,369.002761201696
533247,HYDERABAD,1.0,1,368.130380597052,368.130380597052
533238,HYDERABAD,1.0,2,238.990040307998,477.980080615996
533103,HYDERABAD,1.0,27,350.854279256808,9473.065539933816
530018,HYDERABAD,1.0,31,503.168277181156,15598.216592615836
530046,HYDERABAD,1.0,46,494.329305713465,22739.14806281939
783124,24 PARAGANAS NORTH,1.0,2,372.612744996227,745.225489992454
781018,24 PARAGANAS NORTH,1.0,2,505.352807334117,1010.705614668234
781032,24 PARAGANAS NORTH,1.0,12,508.021841595218,6096.262099142616
781033,24 PARAGANAS NORTH,1.0,4,510.647754401457,2042.591017605828
781039,24 PARAGANAS NORTH,1.0,12,503.933340653274,6047.200087839288
802302,24 PARAGANAS NORTH,1.0,2,490.060370517672,980.120741035344
825314,24 PARAGANAS NORTH,1.0,3,310.766774948694,932.3003248460819
829108,24 PARAGANAS NORTH,1.0,1,326.332571907686,326.332571907686
829150,24 PARAGANAS NORTH,1.0,2,293.724077259137,587.448154518274
829134,24 PARAGANAS NORTH,1.0,5,310.630318075422,1553.15159037711
834005,24 PARAGANAS NORTH,1.0,25,326.315897945588,8157.8974486397
833223,24 PARAGANAS NORTH,1.0,3,328.520361085082,985.5610832552461
831013,24 PARAGANAS NORTH,1.0,19,229.600820508283,4362.415589657377
831019,24 PARAGANAS NORTH,1.0,6,220.936425668795,1325.6185540127701
560065,BENGALURU URBAN,1.0,29,14.8232809224705,429.87514675164454
560002,BENGALURU URBAN,1.0,30,3.31380523105587,99.4141569316761
560110,BENGALURU URBAN,1.0,5,11.7711555350728,58.855777675364
560109,BENGALURU URBAN,1.0,13,8.86892854987247,115.29607114834211
560107,BENGALURU URBAN,1.0,2,19.9858570803843,39.9717141607686
560057,BENGALURU URBAN,1.0,48,14.3984178582273,691.1240571949104
560104,BENGALURU URBAN,1.0,21,5.74083339096184,120.55750121019864
583118,BENGALURU URBAN,1.0,2,255.72230948098,511.44461896196
585329,HYDERABAD,1.0,1,145.843732439403,145.843732439403
585416,24 PARAGANAS NORTH,1.0,0,1256.24731055483,0.0
580003,BENGALURU URBAN,1.0,8,394.568368596512,3156.546948772096
580029,BENGALURU URBAN,1.0,9,374.978851724756,3374.809665522804
585292,HYDERABAD,1.0,1,178.626529310524,178.626529310524
581304,BENGALURU URBAN,1.0,2,426.811580381376,853.623160762752
571422,BENGALURU URBAN,1.0,3,77.812781403663,233.438344210989
571403,BENGALURU URBAN,1.0,2,85.5819329691518,171.1638659383036
570012,BENGALURU URBAN,1.0,7,124.65316515867,872.57215611069
570026,BENGALURU URBAN,1.0,18,127.64213722899,2297.55847012182
571617,BENGALURU URBAN,1.0,2,147.869114490688,295.738228981376
570014,BENGALURU URBAN,1.0,3,121.89318962442,365.67956887326
570022,BENGALURU URBAN,1.0,31,121.89318962442,3778.6888783570203
571313,BENGALURU URBAN,1.0,15,100.159420238215,1502.391303573225
571127,BENGALURU URBAN,1.0,2,135.926025287694,271.852050575388
571123,BENGALURU URBAN,1.0,1,151.721165081929,151.721165081929
688004,BENGALURU URBAN,1.0,2,413.981983775608,827.963967551216
683514,BENGALURU URBAN,1.0,2,345.812436094003,691.624872188006
683587,BENGALURU URBAN,1.0,5,327.668616432992,1638.34308216496
683515,BENGALURU URBAN,1.0,9,343.247098591131,3089.223887320179
686666,BENGALURU URBAN,1.0,6,337.055711392696,2022.3342683561762
682041,BENGALURU URBAN,1.0,9,351.963366670078,3167.670300030702
682035,BENGALURU URBAN,1.0,6,358.19954214149,2149.19725284894
682012,BENGALURU URBAN,1.0,6,355.686442517793,2134.118655106758
682019,BENGALURU URBAN,1.0,37,357.736582966706,13236.253569768123
682010,BENGALURU URBAN,1.0,2,365.128353438212,730.256706876424
682553,BENGALURU URBAN,1.0,1,629.39903795797,629.39903795797
690532,BENGALURU URBAN,1.0,2,428.323445591626,856.646891183252
690559,BENGALURU URBAN,1.0,2,432.09817014915,864.1963402983
680519,BENGALURU URBAN,1.0,1,297.98036462399,297.98036462399
680602,BENGALURU URBAN,1.0,1,306.430938349355,306.430938349355
679563,BENGALURU URBAN,1.0,4,305.965109640105,1223.86043856042
680011,BENGALURU URBAN,1.0,4,307.202998061395,1228.81199224558
680656,BENGALURU URBAN,1.0,3,300.523469962836,901.5704098885079
680616,BENGALURU URBAN,1.0,3,316.417465343934,949.2523960318019
680541,BENGALURU URBAN,1.0,1,303.39371144793,303.39371144793
680652,BENGALURU URBAN,1.0,2,297.684301037192,595.368602074384
680569,BENGALURU URBAN,1.0,8,321.187483210123,2569.499865680984
680009,24 PARAGANAS NORTH,1.0,0,1875.85039777344,0.0
680614,BENGALURU URBAN,1.0,7,319.089364034467,2233.625548241269
680581,BENGALURU URBAN,1.0,10,300.009969868413,3000.09969868413
680601,BENGALURU URBAN,1.0,3,298.687296713617,896.061890140851
680623,BENGALURU URBAN,1.0,2,292.949642406065,585.89928481213
689654,BENGALURU URBAN,1.0,1,430.259928700122,430.259928700122
691012,BENGALURU URBAN,1.0,7,462.157322537398,3235.1012577617857
689613,BENGALURU URBAN,1.0,2,405.091938035916,810.183876071832
689583,BENGALURU URBAN,1.0,1,395.8535611472,395.8535611472
689106,BENGALURU URBAN,1.0,3,417.360929005734,1252.082787017202
689597,BENGALURU URBAN,1.0,2,362.931155476442,725.862310952884
689109,BENGALURU URBAN,1.0,1,394.805447598997,394.805447598997
695316,BENGALURU URBAN,1.0,1,487.521693394677,487.521693394677
695025,BENGALURU URBAN,1.0,6,494.228729839636,2965.3723790378162
695507,BENGALURU URBAN,1.0,1,500.986434230053,500.986434230053
695019,BENGALURU URBAN,1.0,7,500.749313801723,3505.245196612061
695528,BENGALURU URBAN,1.0,3,511.17334326171,1533.52002978513
670304,BENGALURU URBAN,1.0,5,267.602323590329,1338.011617951645
670501,BENGALURU URBAN,1.0,1,267.602323590329,267.602323590329
671122,BENGALURU URBAN,1.0,1,285.333654156407,285.333654156407
673635,BENGALURU URBAN,1.0,2,271.77257847747,543.54515695494
678546,BENGALURU URBAN,1.0,1,278.901949782465,278.901949782465
678013,BENGALURU URBAN,1.0,8,258.60638725792,2068.85109806336
678014,BENGALURU URBAN,1.0,6,258.60638725792,1551.63832354752
679585,BENGALURU URBAN,1.0,1,295.324801385139,295.324801385139
481102,BENGALURU URBAN,1.0,0,1003.16208665274,0.0
462027,SOUTH,1.0,2,587.87677314569,1175.75354629138
462041,SOUTH,1.0,16,599.588318638391,9593.413098214256
462004,SOUTH,1.0,1,588.099581141426,588.099581141426
462020,SOUTH,1.0,1,592.559717308468,592.559717308468
487551,HYDERABAD,1.0,8,608.913758869635,4871.31007095708
486884,24 PARAGANAS NORTH,1.0,3,598.236967690804,1794.710903072412
452018,MUMBAI SUBURBAN,1.0,16,507.866997119796,8125.871953916736
800016,24 PARAGANAS NORTH,1.0,8,457.923132971465,3663.38506377172
800025,24 PARAGANAS NORTH,1.0,24,463.117727394191,11114.825457460583
800024,24 PARAGANAS NORTH,1.0,22,384.903444883079,8467.875787427738
497451,24 PARAGANAS NORTH,1.0,1,621.177041428173,621.177041428173
497448,24 PARAGANAS NORTH,1.0,1,637.091801369038,637.091801369038
492014,HYDERABAD,1.0,2,538.449107532648,1076.898215065296
492008,HYDERABAD,1.0,5,537.61635222307,2688.0817611153498
380021,MUMBAI SUBURBAN,1.0,2,433.289468380534,866.578936761068
382350,MUMBAI SUBURBAN,1.0,14,436.225060007855,6107.15084010997
380050,MUMBAI SUBURBAN,1.0,18,430.151328078078,7742.723905405404
382610,MUMBAI SUBURBAN,1.0,3,461.011929385751,1383.035788157253
364003,MUMBAI SUBURBAN,1.0,3,304.195818938207,912.5874568146211
361002,MUMBAI SUBURBAN,1.0,3,469.920914851293,1409.762744553879
361142,MUMBAI SUBURBAN,1.0,5,469.920914851293,2349.6045742564647
361150,MUMBAI SUBURBAN,1.0,1,479.562250741182,479.562250741182
370210,MUMBAI SUBURBAN,1.0,2,566.003999195796,1132.007998391592
360578,MUMBAI SUBURBAN,1.0,1,437.807670563343,437.807670563343
360007,MUMBAI SUBURBAN,1.0,28,415.190665316084,11625.338628850352
394327,MUMBAI SUBURBAN,1.0,5,222.218053358416,1111.09026679208
394221,MUMBAI SUBURBAN,1.0,4,224.079961640464,896.319846561856
390011,MUMBAI SUBURBAN,1.0,43,352.218838896131,15145.410072533632
391320,MUMBAI SUBURBAN,1.0,5,355.060677184715,1775.3033859235752
390023,MUMBAI SUBURBAN,1.0,31,356.632530565143,11055.608447519433
396171,MUMBAI SUBURBAN,1.0,2,116.164154396062,232.328308792124
122008,SOUTH,1.0,3,19.612632015333,58.837896045998995
122010,SOUTH,1.0,6,12.8602245904988,77.1613475429928
122018,SOUTH,1.0,253,19.612632015333,4961.995899879249
122016,SOUTH,1.0,27,13.4516654229423,363.1949664194421
122015,SOUTH,1.0,18,15.5533504402987,279.9603079253766
122017,SOUTH,1.0,125,19.612632015333,2451.5790019166247
122012,SOUTH,1.0,4,25.3020281207406,101.2081124829624
123411,SOUTH,1.0,2,85.6259562783566,171.2519125567132
123035,SOUTH,1.0,0,61.3481023022819,0.0
173230,SOUTH,1.0,2,259.590436419351,519.180872838702
181152,SOUTH,1.0,4,515.296417019165,2061.18566807666
190007,SOUTH,1.0,5,651.740797099509,3258.703985497545
827006,24 PARAGANAS NORTH,1.0,4,249.427306126537,997.709224506148
826005,24 PARAGANAS NORTH,1.0,9,229.347120045293,2064.124080407637
743233,24 PARAGANAS NORTH,1.0,1,26.1677521218288,26.1677521218288
403725,MUMBAI SUBURBAN,1.0,7,447.78680868853,3134.50766081971
403803,MUMBAI SUBURBAN,1.0,1,423.993506642223,423.993506642223
403726,MUMBAI SUBURBAN,1.0,29,429.566893297121,12457.43990561651
403201,MUMBAI SUBURBAN,1.0,2,419.501281382867,839.002562765734
403109,MUMBAI SUBURBAN,1.0,1,414.69566061015,414.69566061015
416104,MUMBAI SUBURBAN,1.0,1,325.903630262511,325.903630262511
416121,MUMBAI SUBURBAN,1.0,2,317.704464704917,635.408929409834
416103,MUMBAI SUBURBAN,1.0,1,322.17510753693,322.17510753693
416213,MUMBAI SUBURBAN,1.0,1,278.679333683106,278.679333683106
416216,MUMBAI SUBURBAN,1.0,3,321.511017792738,964.533053378214
416235,MUMBAI SUBURBAN,1.0,2,335.622594020537,671.245188041074
416414,MUMBAI SUBURBAN,1.0,4,317.043319711822,1268.173278847288
400024,MUMBAI SUBURBAN,1.0,27,7.14587424252803,192.9386045482568
400093,MUMBAI SUBURBAN,1.0,173,1.45775943068808,252.19238150903783
400013,MUMBAI SUBURBAN,1.0,61,15.2981446200913,933.1868218255693
400006,MUMBAI SUBURBAN,1.0,36,20.3724407228096,733.4078660211455
400709,MUMBAI SUBURBAN,1.0,96,13.6211815275491,1307.6334266447136
400710,MUMBAI SUBURBAN,1.0,8,14.8801353746267,119.0410829970136
421004,MUMBAI SUBURBAN,1.0,34,31.033379417881,1055.134900207954
400605,MUMBAI SUBURBAN,1.0,81,14.1372571246568,1145.117827097201
401506,MUMBAI SUBURBAN,1.0,3,76.1880304000213,228.5640912000639
444603,HYDERABAD,1.0,18,395.704381418351,7122.678865530317
444604,HYDERABAD,1.0,11,398.077728236572,4378.855010602292
440035,HYDERABAD,1.0,4,303.484943037474,1213.939772149896
440037,HYDERABAD,1.0,7,410.911821088295,2876.382747618065
440019,HYDERABAD,1.0,1,409.024468096208,409.024468096208
440025,HYDERABAD,1.0,17,411.64704505366,6997.99976591222
411022,MUMBAI SUBURBAN,1.0,10,128.785303074295,1287.85303074295
411040,MUMBAI SUBURBAN,1.0,62,126.876152480687,7866.321453802594
411024,MUMBAI SUBURBAN,1.0,9,121.923883805208,1097.314954246872
411008,MUMBAI SUBURBAN,1.0,27,118.548448356264,3200.808105619128
410302,MUMBAI SUBURBAN,1.0,1,67.2636036925833,67.2636036925833
413411,MUMBAI SUBURBAN,1.0,1,311.98627100187,311.98627100187
431005,MUMBAI SUBURBAN,1.0,26,271.67176213848,7063.46581560048
425304,MUMBAI SUBURBAN,1.0,1,377.610660561638,377.610660561638
425203,MUMBAI SUBURBAN,1.0,3,374.563125320309,1123.689375960927
425307,MUMBAI SUBURBAN,1.0,1,376.206803118987,376.206803118987
422011,MUMBAI SUBURBAN,1.0,11,130.566237797771,1436.228615775481
422008,MUMBAI SUBURBAN,1.0,13,135.126990870516,1756.6508813167081
796012,24 PARAGANAS NORTH,1.0,6,453.392620317857,2720.3557219071417
799102,24 PARAGANAS NORTH,1.0,2,310.782250476321,621.564500952642
799130,24 PARAGANAS NORTH,1.0,1,316.342708694794,316.342708694794
799286,24 PARAGANAS NORTH,1.0,1,380.860714504447,380.860714504447
799277,24 PARAGANAS NORTH,1.0,2,405.389395026195,810.77879005239
799264,24 PARAGANAS NORTH,1.0,5,401.671599541353,2008.3579977067648
793004,24 PARAGANAS NORTH,1.0,13,469.531628756234,6103.911173831042
751011,MUMBAI SUBURBAN,1.0,0,1359.06324426662,0.0
751010,24 PARAGANAS NORTH,1.0,34,309.122724457504,10510.172631555135
751021,24 PARAGANAS NORTH,1.0,34,381.115721285612,12957.934523710808
757047,24 PARAGANAS NORTH,1.0,1,246.898378641611,246.898378641611
757045,24 PARAGANAS NORTH,1.0,1,195.754098470989,195.754098470989
752085,24 PARAGANAS NORTH,1.0,1,433.679994303508,433.679994303508
768218,24 PARAGANAS NORTH,1.0,4,479.339299648484,1917.357198593936
768020,24 PARAGANAS NORTH,1.0,3,484.505937386664,1453.517812159992
768019,24 PARAGANAS NORTH,1.0,3,487.599142392061,1462.7974271761832
768003,24 PARAGANAS NORTH,1.0,3,480.125889550692,1440.377668652076
769008,24 PARAGANAS NORTH,1.0,10,365.07497876574,3650.7497876574002
761052,24 PARAGANAS NORTH,1.0,4,536.737457308489,2146.949829233956
764048,HYDERABAD,1.0,1,439.081484479854,439.081484479854
160103,SOUTH,1.0,14,246.168785248867,3446.3629934841383
160020,SOUTH,1.0,10,250.102188968116,2501.02188968116
141006,24 PARAGANAS NORTH,1.0,0,1534.12142825186,0.0
141004,SOUTH,1.0,5,297.110286062216,1485.55143031108
144007,SOUTH,1.0,4,347.176631618425,1388.7065264737
144022,SOUTH,1.0,35,345.798968750729,12102.963906275514
323601,SOUTH,1.0,8,380.539369859417,3044.314958875336
302018,SOUTH,1.0,39,233.472059535775,9105.410321895226
302039,SOUTH,1.0,41,226.196798241245,9274.068727891045
302034,SOUTH,1.0,26,231.647513044163,6022.835339148238
303121,SOUTH,1.0,1,231.647513044163,231.647513044163
334403,SOUTH,1.0,1,388.850147743002,388.850147743002
331506,SOUTH,1.0,3,260.321424989998,780.964274969994
342026,SOUTH,1.0,6,478.888064078301,2873.328384469806
342006,SOUTH,1.0,11,481.5453999538,5296.9993994917995
342002,SOUTH,1.0,2,484.20669077048,968.41338154096
603211,BENGALURU URBAN,1.0,7,283.606703037271,1985.2469212608971
600040,BENGALURU URBAN,1.0,135,284.991407746166,38473.84004573241
600038,BENGALURU URBAN,1.0,3,285.777735161782,857.3332054853461
600007,BENGALURU URBAN,1.0,23,290.593530834041,6683.651209182944
600085,BENGALURU URBAN,1.0,16,288.523610709769,4616.377771356304
602117,BENGALURU URBAN,1.0,3,258.900883463659,776.7026503909769
605003,BENGALURU URBAN,1.0,13,267.798263215159,3481.377421797067
605401,BENGALURU URBAN,1.0,1,236.029943961722,236.029943961722
600068,BENGALURU URBAN,1.0,8,253.205847970161,2025.646783761288
600110,BENGALURU URBAN,1.0,11,306.598348919644,3372.5818381160843
641037,BENGALURU URBAN,1.0,13,222.948032092304,2898.324417199952
641044,BENGALURU URBAN,1.0,8,222.995913165956,1783.967305327648
641013,BENGALURU URBAN,1.0,1,224.229313514044,224.229313514044
635124,BENGALURU URBAN,1.0,1,82.4376365123792,82.4376365123792
642003,BENGALURU URBAN,1.0,6,260.414012409826,1562.484074458956
636016,BENGALURU URBAN,1.0,17,152.770623405789,2597.100597898413
627818,BENGALURU URBAN,1.0,3,445.19603384659,1335.58810153977
625015,BENGALURU URBAN,1.0,1,343.72833274874,343.72833274874
627428,24 PARAGANAS NORTH,1.0,0,1945.0123147936,0.0
233226,24 PARAGANAS NORTH,1.0,2,596.487055867873,1192.974111735746
232331,24 PARAGANAS NORTH,1.0,1,573.283186499039,573.283186499039
250005,SOUTH,1.0,4,64.6718359579004,258.6873438316016
271308,SOUTH,1.0,2,519.144941877474,1038.289883754948
273006,SOUTH,1.0,4,637.811851451766,2551.247405807064
208006,SOUTH,1.0,5,383.943507173381,1919.717535866905
201012,SOUTH,1.0,103,19.5965266806003,2018.4422481018307
226031,SOUTH,1.0,5,408.827105398187,2044.135526990935
226014,SOUTH,1.0,8,416.460829218097,3331.686633744776
249201,SOUTH,1.0,23,204.231318700063,4697.320330101449
249124,SOUTH,1.0,3,239.017515170777,717.052545512331
700018,24 PARAGANAS NORTH,1.0,10,28.4249778585952,284.24977858595196
700066,24 PARAGANAS NORTH,1.0,6,22.3670798117745,134.20247887064698
700004,24 PARAGANAS NORTH,1.0,10,19.1021688892345,191.02168889234497
743268,24 PARAGANAS NORTH,1.0,2,25.7167875647938,51.4335751295876
700133,24 PARAGANAS NORTH,1.0,1,49.147541092366,49.147541092366
700068,24 PARAGANAS NORTH,1.0,9,29.2054667907441,262.8492011166969
700161,24 PARAGANAS NORTH,1.0,1,17.4077587177134,17.4077587177134
700077,24 PARAGANAS NORTH,1.0,5,15.1070637156688,75.535318578344
700118,24 PARAGANAS NORTH,1.0,15,4.84797856193852,72.7196784290778
700146,24 PARAGANAS NORTH,1.0,4,58.9885400084108,235.9541600336432
700093,24 PARAGANAS NORTH,1.0,8,57.2312920394497,457.8503363155976
744106,24 PARAGANAS NORTH,1.0,10,1317.12407017536,13171.240701753599
734424,24 PARAGANAS NORTH,1.0,2,441.331014956299,882.662029912598
734011,24 PARAGANAS NORTH,1.0,13,467.788131368651,6081.245707792464
713365,24 PARAGANAS NORTH,1.0,1,160.611849325117,160.611849325117
712221,24 PARAGANAS NORTH,1.0,2,7.407952894625,14.81590578925
712232,24 PARAGANAS NORTH,1.0,14,13.52520994344,189.35293920816
712204,24 PARAGANAS NORTH,1.0,1,13.52520994344,13.52520994344
712137,24 PARAGANAS NORTH,1.0,1,13.52520994344,13.52520994344
